lemma	ipa
April	/ˈeɪprəl/
August	/ˈɑɡəst/, /ˈɔɡəst/
CD	/ˌsiˈdi/
DVD	/ˌdiˌviˈdi/
December	/dɪˈsɛmbɝ/
February	/ˈfɛbjəˌwɛri/, /ˈfɛbruˌɛri/
Friday	/ˈfraɪˌdeɪ/, /ˈfraɪdi/
I	/ˈaɪ/
IT	/ˈɪt/, /ɪt/
January	/ˈdʒænjuˌɛri/
July	/ˌdʒuˈlaɪ/, /dʒəˈlaɪ/
June	/ˈdʒun/
March	/ˈmɑrtʃ/
May	/ˈmeɪ/
Monday	/ˈmənˌdeɪ/, /ˈməndi/
November	/noʊˈvɛmbɝ/
OK	/ˈoʊˈkeɪ/
October	/ɑkˈtoʊbɝ/
Saturday	/ˈsæˌtɪˌdeɪ/, /ˈsætɝdi/
September	/sɛpˈtɛmbɝ/
Sunday	/ˈsənˌdeɪ/, /ˈsənˌdi/
T-shirt	/ˈtiˌsɝt/
TV	/ˈtiˈvi/, /ˌtɛləˈvɪʒən/
Thursday	/ˈθɝzˌdeɪ/, /ˈθɝzdi/
Tuesday	/ˈtjuzˌdeɪ/, /ˈtuzˌdeɪ/
Wednesday	/ˈwɛnzˌdeɪ/, /ˈwɛnzdi/
a, an	/ə/, /æn/
abandon	/əˈbændən/
ability	/əˈbɪləˌti/
able	/ˈeɪbəl/
abolish	/əˈbɑlɪʃ/
abortion	/əˈbɔrʃən/
about	/əˈbaʊt/
above	/əˈbəv/
abroad	/əˈbrɔd/
absence	/ˈæbsəns/
absent	/ˈæbsənt/
absolute	/ˈæbsəˌlut/
absolutely	/ˌæbsəˈlutli/
absorb	/əbˈzɔrb/
abstract	/ˈæbˌstrækt/, /æbˈstrækt/
absurd	/əbˈsɝd/
abundance	/əˈbəndəns/
abuse	/əbˈjus/, /əbˈjuz/
academic	/ˌækəˈdɛmɪk/
academy	/əˈkædəmi/
accelerate	/ækˈsɛlɝˌeɪt/
accent	/ˈækˌsɛnt/, /əkˈsɛnt/
accept	/ækˈsɛpt/, /əkˈsɛpt/
acceptable	/ækˈsɛptəbəl/, /əkˈsɛptəbəl/
acceptance	/ækˈsɛptəns/, /əkˈsɛptəns/
access	/ˈækˌsɛs/
accessible	/ækˈsɛsəbəl/
accessory	/ækˈsɛsɝi/
accident	/ˈæksədənt/
accidentally	/ˌæksəˈdɛnəli/, /ˌæksəˈdɛntəli/
accommodate	/əˈkɑməˌdeɪt/
accommodation	/əˌkɑməˈdeɪʃən/
accompany	/əˈkəmpəni/
accomplish	/əˈkɑmplɪʃ/
accomplishment	/əˈkɑmplɪʃmənt/
accordance	/əˈkɔrdəns/
according to	/əˈkɔrdɪŋ ˈtu/
accordingly	/əˈkɔrdɪŋli/
account	/əˈkaʊnt/
accountability	/əˈkaʊnəbɪlɪti/, /əˈkaʊntəˌbɪlɪti/
accountable	/əˈkaʊnəbəl/, /əˈkaʊntəbəl/
accountant	/əˈkaʊntənt/
accumulate	/əkˈjumjəˌleɪt/
accumulation	/əkˌjumjəˈleɪʃən/
accuracy	/ˈækjɝəsi/
accurate	/ˈækjɝət/
accurately	/ˈækjɝətli/
accusation	/ˌækjəˈzeɪʃən/, /ˌækjuˈzeɪʃən/
accuse	/əkˈjuz/
accused	/əkˈjuzd/
achieve	/əˈtʃiv/
achievement	/əˈtʃivmənt/
acid	/ˈæsəd/
acknowledge	/ækˈnɑlɪdʒ/
acquire	/əˈkwaɪɝ/
acquisition	/ˌækwəˈzɪʃən/
acre	/ˈeɪkɝ/
across	/əˈkrɔs/
act	/ˈækt/
action	/ˈækʃən/
activate	/ˈæktəˌveɪt/
activation	/ˌæktəˈveɪʃən/
active	/ˈæktɪv/
activist	/ˈæktəvəst/, /ˈæktɪvɪst/
activity	/ækˈtɪvəti/, /ækˈtɪvɪti/
actor	/ˈæktɝ/
actress	/ˈæktrəs/
actual	/ˈækʃəl/, /ˈæktʃəwəl/
actually	/ˈækˌtʃuəli/, /ˈækʃəli/
acute	/əkˈjut/
ad	/ˈæd/
adapt	/əˈdæpt/
adaptation	/ˌædəpˈteɪʃən/
add	/ˈæd/
addiction	/əˈdɪkʃən/
addition	/əˈdɪʃən/
additional	/əˈdɪʃənəl/, /əˈdɪʃnəl/
additionally	/əˈdɪʃəˌnəli/, /əˈdɪʃnəli/
address	/ˈæˌdrɛs/, /əˈdrɛs/
adequate	/ˈædəˌkweɪt/, /ˈædəkwət/
adhere	/ədˈhɪr/
adjacent	/əˈdʒeɪsənt/
adjust	/əˈdʒəst/
adjustment	/əˈdʒəstmənt/
administer	/ədˈmɪnəstɝ/
administration	/ædˌmɪnɪˈstreɪʃən/
administrative	/ədˈmɪnəˌstreɪtɪv/
administrator	/ədˈmɪnəˌstreɪtɝ/
admire	/ædˈmaɪr/
admission	/ædˈmɪʃən/, /ədˈmɪʃən/
admit	/ədˈmɪt/
adolescent	/ˌædəˈlɛsənt/, /ˌædoʊˈlɛsənt/
adopt	/əˈdɑpt/
adoption	/əˈdɑpʃən/
adult	/ˈædəlt/, /əˈdəlt/
advance	/ədˈvæns/
advanced	/ədˈvænst/
advantage	/ædˈvæntɪdʒ/
adventure	/ædˈvɛntʃɝ/, /ədˈvɛntʃɝ/
adverse	/ˈædˌvɝs/, /ædˈvɝs/
advertise	/ˈædvɝˌtaɪz/
advertisement	/ˌædvɝˈtaɪzmənt/, /ædˈvɝtəzmənt/
advertising	/ˈædvɝˌtaɪzɪŋ/
advice	/ædˈvaɪs/, /ədˈvaɪs/
advise	/ædˈvaɪz/, /ədˈvaɪz/
advocate	/ˈædvəˌkeɪt/, /ˈædvəkət/
aesthetic	/ɛsˈθɛtɪk/
affair	/əˈfɛr/
affect	/əˈfɛkt/
affection	/əˈfɛkʃən/
afford	/əˈfɔrd/
affordable	/əˈfɔrdəbəl/
afraid	/əˈfreɪd/
after	/ˈæftɝ/
aftermath	/ˈæftɝˌmæθ/
afternoon	/ˌæftɝˈnun/
afterwards	/ˈæftɝwɝdz/
again	/əˈɡeɪn/, /əˈɡɛn/
against	/əˈɡeɪnst/, /əˈɡɛnst/
age	/ˈeɪdʒ/
aged	/ˈeɪdʒd/, /ˈeɪdʒɪd/
agency	/ˈeɪdʒənsi/
agenda	/əˈdʒɛndə/
agent	/ˈeɪdʒənt/
aggression	/əˈɡrɛʃən/
aggressive	/əˈɡrɛsɪv/
ago	/əˈɡoʊ/
agree	/əˈɡri/
agreement	/əˈɡrimənt/
agricultural	/ˌæɡrəˈkəltʃɝəl/, /ˌæɡrɪˈkəltʃɝəl/
agriculture	/ˈæɡrɪˌkəltʃɝ/
ah	/ˈɑ/
ahead	/əˈhɛd/
aid	/ˈeɪd/
aide	/ˈeɪd/
aim	/ˈeɪm/
air	/ˈɛr/
aircraft	/ˈɛrˌkræft/
airline	/ˈɛrˌlaɪn/
airport	/ˈɛrˌpɔrt/
alarm	/əˈlɑrm/
albeit	/ɔlˈbiɪt/
album	/ˈælbəm/
alcohol	/ˈælkəˌhɑl/
alcoholic	/ˌælkəˈhɑlɪk/
alert	/əˈlɝt/
algorithm	/ˈælɡɝˌɪðəm/
alien	/ˈeɪliən/
align	/əˈlaɪn/
alignment	/əˈlaɪnmənt/
alike	/əˈlaɪk/
alive	/əˈlaɪv/
all	/ˈɔl/
all right	/ˈɔl ˈraɪt/
all-time	/ˌɔlˈtaɪm/
allegation	/ˌæləˈɡeɪʃən/
allege	/əˈlɛdʒ/
allegedly	/əˈlɛdʒədli/
alliance	/əˈlaɪəns/
allocate	/ˈæləˌkeɪt/
allocation	/ˌæləˈkeɪʃən/
allow	/əˈlaʊ/
allowance	/əˈlaʊəns/
ally	/ˈælaɪ/, /əˈlaɪ/
almost	/ˈɔlˌmoʊst/
alone	/əˈloʊn/
along	/əˈlɔŋ/
alongside	/əˈlɔŋˈsaɪd/
already	/ɔˈrɛdi/, /ɔlˈrɛdi/
also	/ˈɔlsoʊ/
alter	/ˈɔltɝ/
alternative	/ɔlˈtɝnətɪv/
although	/ˌɔlˈðoʊ/
altogether	/ˌɔltəˈɡɛðɝ/
aluminium	/ˌælˈjumɪnəm/, /əˈlumɪnəm/
always	/ˈɔlˌweɪz/, /ˈɔlwiz/
amateur	/ˈæməˌtɝ/, /ˈæməˌtʃɝ/
amazed	/əˈmeɪzd/
amazing	/əˈmeɪzɪŋ/
ambassador	/æmˈbæsədɝ/
ambition	/æmˈbɪʃən/
ambitious	/æmˈbɪʃəs/
ambulance	/ˈæmbjələns/
amend	/əˈmɛnd/
amendment	/əˈmɛndmənt/
amid	/əˈmɪd/
among	/əˈməŋ/
amount	/əˈmaʊnt/
amusing	/əmˈjuzɪŋ/
analogy	/əˈnælədʒi/
analyse	/ˈænəˌlaɪz/
analysis	/əˈnæləsəs/, /əˈnælɪsɪs/
analyst	/ˈænəlɪst/
analytics	/ˌænəˈlɪtɪks/
ancestor	/ˈænˌsɛstɝ/
anchor	/ˈæŋkɝ/
ancient	/ˈeɪnʃənt/, /ˈeɪntʃənt/
and	/ˈænd/, /ənd/
angel	/ˈeɪndʒəl/
anger	/ˈæŋɡɝ/
angle	/ˈæŋɡəl/
angry	/ˈæŋɡri/
animal	/ˈænəməl/
animation	/ˌænəˈmeɪʃən/
ankle	/ˈæŋkəl/
anniversary	/ˌænəˈvɝsɝi/
announce	/əˈnaʊns/
announcement	/əˈnaʊnsmənt/, /əˈnaʊnsmɛnt/
annoy	/əˈnɔɪ/
annoyed	/əˈnɔɪd/
annoying	/əˈnɔɪɪŋ/
annual	/ˈænjuəl/
annually	/ˈænjuəli/
anonymous	/əˈnɑnəməs/
another	/əˈnəðɝ/
answer	/ˈænsɝ/
anticipate	/ænˈtɪsəˌpeɪt/
anxiety	/æŋˈzaɪəti/
anxious	/ˈæŋkʃəs/, /ˈæŋʃəs/
any	/ˈɛni/
any more	/ˈɛni ˈmɔr/
anybody	/ˈɛnibədi/
anyone	/ˈɛniˌwən/, /ˈɛniwən/
anything	/ˈɛniˌθɪŋ/
anyway	/ˈɛniˌweɪ/
anywhere	/ˈɛniˌwɛr/, /ˈɛnihˌwɛr/
apart	/əˈpɑrt/
apartment	/əˈpɑrtmənt/
apologize	/əˈpɑləˌdʒaɪz/
apology	/əˈpɑləˌdʒi/
app	/ˈæp/
apparent	/əˈpɛrənt/
apparently	/əˈpɛrəntli/
appeal	/əˈpil/
appealing	/əˈpilɪŋ/
appear	/əˈpɪr/
appearance	/əˈpɪrəns/
appetite	/ˈæpəˌtaɪt/
applaud	/əˈplɔd/
apple	/ˈæpəl/
applicable	/ˈæpləkəbəl/
applicant	/ˈæplɪkənt/
application	/ˌæpləˈkeɪʃən/
apply	/əˈplaɪ/
appoint	/əˈpɔɪnt/
appointment	/əˈpɔɪntmənt/
appreciate	/əˈpriʃiˌeɪt/
appreciation	/əˌpriʃiˈeɪʃən/
approach	/əˈproʊtʃ/
appropriate	/əˈproʊpriˌeɪt/, /əˈproʊpriət/
approval	/əˈpruvəl/
approve	/əˈpruv/
approximately	/əˈprɑksəmətli/
architect	/ˈɑrkəˌtɛkt/
architectural	/ˌɑrkəˈtɛktʃɝəl/
architecture	/ˈɑrkəˌtɛktʃɝ/
archive	/ˈɑrˌkaɪv/
area	/ˈɛriə/
arena	/ɝˈinə/
arguably	/ˈɑrɡjuəbli/
argue	/ˈɑrɡju/
argument	/ˈɑrɡjəmənt/
arise	/ɝˈaɪz/
arm	/ˈɑrm/
armed	/ˈɑrmd/
arms	/ˈɑrmz/
army	/ˈɑrmi/
around	/ɝˈaʊn/, /ɝˈaʊnd/
arrange	/ɝˈeɪndʒ/
arrangement	/ɝˈeɪndʒmənt/
array	/ɝˈeɪ/
arrest	/ɝˈɛst/
arrival	/ɝˈaɪvəl/
arrive	/ɝˈaɪv/
arrow	/ˈæroʊ/, /ˈɛroʊ/
art	/ˈɑrt/
article	/ˈɑrtəkəl/, /ˈɑrtɪkəl/
articulate	/ɑrˈtɪkjəˌleɪt/, /ɑrˈtɪkjələt/
artificial	/ˌɑrtəˈfɪʃəl/
artist	/ˈɑrtəst/, /ˈɑrtɪst/
artistic	/ɑrˈtɪstɪk/
artwork	/ˈɑrtˌwɝk/
as	/ˈæz/, /ˈɛz/
ash	/ˈæʃ/
ashamed	/əˈʃeɪmd/
aside	/əˈsaɪd/
ask	/ˈæsk/
asleep	/əˈslip/
aspect	/ˈæsˌpɛkt/
aspiration	/ˌæspɝˈeɪʃən/
aspire	/əˈspaɪr/
assassination	/əˌsæsəˈneɪʃən/
assault	/əˈsɔlt/
assemble	/əˈsɛmbəl/
assembly	/əˈsɛmbli/
assert	/əˈsɝt/
assertion	/əˈsɝʃən/
assess	/əˈsɛs/
assessment	/əˈsɛsmənt/
asset	/ˈæˌsɛt/
assign	/əˈsaɪn/
assignment	/əˈsaɪnmənt/
assist	/əˈsɪst/
assistance	/əˈsɪstəns/
assistant	/əˈsɪstənt/
associate	/əˈsoʊsiˌeɪt/, /əˈsoʊsiət/
associated	/əˈsoʊsiˌeɪtɪd/, /əˈsoʊʃiˌeɪtɪd/
association	/əˌsoʊsiˈeɪʃən/, /əˌsoʊʃiˈeɪʃən/
assume	/əˈsum/
assumption	/əˈsəmpʃən/
assurance	/əˈʃʊrəns/
assure	/əˈʃʊr/
astonishing	/əˈstɑnɪʃɪŋ/
asylum	/əˈsaɪləm/
at	/ˈæt/
athlete	/ˈæθˌlit/
atmosphere	/ˈætməsˌfɪr/
attach	/əˈtætʃ/
attachment	/əˈtætʃmənt/
attack	/əˈtæk/
attain	/əˈteɪn/
attempt	/əˈtɛmpt/
attend	/əˈtɛnd/
attendance	/əˈtɛndəns/
attention	/əˈtɛnʃən/
attitude	/ˈætəˌtud/
attorney	/əˈtɝni/
attract	/əˈtrækt/
attraction	/əˈtrækʃən/
attractive	/əˈtræktɪv/
attribute	/ˈætrəbˌjut/, /əˈtrɪbˌjut/
auction	/ˈɑkʃən/, /ˈɔkʃən/
audience	/ˈɑdiəns/, /ˈɔdiəns/
audit	/ˈɔdɪt/
aunt	/ˈænt/, /ˈɔnt/
authentic	/əˈθɛnɪk/, /əˈθɛntɪk/
author	/ˈɔθɝ/
authority	/əˈθɔrəti/
authorize	/ˈɔθɝˌaɪz/
auto	/ˈɔtoʊ/
automatic	/ˌɔtəˈmætɪk/, /ˌɔtoʊˈmætɪk/
automatically	/ˌɔtəˈmætɪkli/, /ˌɔtoʊˈmætɪkli/
autonomy	/əˈtɑnəmi/, /ɔˈtɑnəmi/
autumn	/ˈɔtəm/
availability	/əˌveɪləˈbɪləti/, /əˌveɪləˈbɪlɪti/
available	/əˈveɪləbəl/
average	/ˈævɝɪdʒ/, /ˈævrədʒ/
avoid	/əˈvɔɪd/
await	/əˈweɪt/
award	/əˈwɔrd/
aware	/əˈwɛr/
awareness	/əˈwɛrnəs/
away	/əˈweɪ/
awful	/ˈɑfəl/, /ˈɔfəl/
awkward	/ˈɑkwɝd/, /ˈɔkwɝd/
baby	/ˈbeɪbi/
back	/ˈbæk/
backdrop	/ˈbækˌdrɑp/
background	/ˈbækˌɡraʊnd/
backing	/ˈbækɪŋ/
backup	/ˈbæˌkəp/
backwards	/ˈbækwɝdz/
bacteria	/bækˈtɪriə/
bad	/ˈbæd/
badge	/ˈbædʒ/
badly	/ˈbædli/
bag	/ˈbæɡ/
bail	/ˈbeɪl/
bake	/ˈbeɪk/
balance	/ˈbæləns/
balanced	/ˈbælənst/
ball	/ˈbɔl/
ballet	/bæˈleɪ/
balloon	/bəˈlun/
ballot	/ˈbælət/
ban	/ˈbæn/
banana	/bəˈnænə/
band	/ˈbænd/
bang	/ˈbæŋ/
bank	/ˈbæŋk/
banner	/ˈbænɝ/
bar	/ˈbɑr/
bare	/ˈbɛr/
barely	/ˈbɛrli/
bargain	/ˈbɑrɡən/, /ˈbɑrɡɪn/
barrel	/ˈbærəl/, /ˈbɛrəl/
barrier	/ˈbæriɝ/, /ˈbɛriɝ/
base	/ˈbeɪs/
baseball	/ˈbeɪsˈbɔl/
based	/ˈbeɪst/
basement	/ˈbeɪsmənt/
basic	/ˈbeɪsɪk/
basically	/ˈbeɪsɪkli/
basis	/ˈbeɪsəs/, /ˈbeɪsɪs/
basket	/ˈbæskət/
basketball	/ˈbæskətˌbɔl/
bass	/ˈbæs/, /ˈbeɪs/
bat	/ˈbæt/
bath	/ˈbæθ/
bathroom	/ˈbæˌθrum/
battery	/ˈbætɝi/
battle	/ˈbætəl/
battlefield	/ˈbætəlˌfild/
bay	/ˈbeɪ/
be	/ˈbi/, /bi/
beach	/ˈbitʃ/
beam	/ˈbim/
bean	/ˈbin/
bear	/ˈbɛr/
beast	/ˈbist/
beat	/ˈbit/
beautiful	/ˈbjutəfəl/
beauty	/ˈbjuti/
because	/bɪˈkɑz/, /bɪˈkəz/
become	/bɪˈkəm/
bed	/ˈbɛd/
bedroom	/ˈbɛˌdrum/
bee	/ˈbi/
beef	/ˈbif/
beer	/ˈbɪr/
before	/ˌbiˈfɔr/, /bɪˈfɔr/
beg	/ˈbɛɡ/
begin	/bɪˈɡɪn/
beginning	/bɪˈɡɪnɪŋ/
behalf	/bɪˈhæf/
behave	/bɪˈheɪv/
behaviour	/bɪˈheɪvjɝ/
behind	/bɪˈhaɪnd/
being	/ˈbiɪŋ/
belief	/bɪˈlif/
believe	/bɪˈliv/
bell	/ˈbɛl/
belong	/bɪˈlɔŋ/
beloved	/bɪˈləvd/, /bɪˈləvəd/
below	/biˈloʊ/, /bɪˈloʊ/
belt	/ˈbɛlt/
bench	/ˈbɛntʃ/
benchmark	/ˈbɛntʃˌmɑrk/
bend	/ˈbɛnd/
beneath	/bɪˈniθ/
beneficial	/ˌbɛnəˈfɪʃəl/
beneficiary	/ˌbɛnəˈfɪʃiˌɛri/
benefit	/ˈbɛnəfɪt/
bent	/ˈbɛnt/
beside	/ˌbiˈsaɪd/, /bɪˈsaɪd/
besides	/ˌbiˈsaɪdz/, /bɪˈsaɪdz/
best	/ˈbɛst/
bet	/ˈbɛt/
betray	/bɪˈtreɪ/
better	/ˈbɛtɝ/
between	/bitˈwin/, /bɪtˈwin/
beyond	/ˌbiˈɔnd/, /bɪˈɑnd/
bias	/ˈbaɪəs/
bicycle	/ˈbaɪsɪkəl/
bid	/ˈbɪd/
big	/ˈbɪɡ/
bike	/ˈbaɪk/
bill	/ˈbɪl/
billion	/ˈbɪljən/
billionaire	/ˌbɪljəˈnɛr/
bin	/ˈbɪn/
bind	/ˈbaɪnd/
biography	/baɪˈɑɡrəfi/
biological	/ˌbaɪəˈlɑdʒɪkəl/
biology	/baɪˈɑlədʒi/
bird	/ˈbɝd/
birth	/ˈbɝθ/
birthday	/ˈbɝθˌdeɪ/
biscuit	/ˈbɪskət/
bishop	/ˈbɪʃəp/
bit	/ˈbɪt/
bite	/ˈbaɪt/
bitter	/ˈbɪtɝ/
bizarre	/bəˈzɑr/, /bɪˈzɑr/
black	/ˈblæk/
blade	/ˈbleɪd/
blame	/ˈbleɪm/
blank	/ˈblæŋk/
blanket	/ˈblæŋkət/, /ˈblæŋkɪt/
blast	/ˈblæst/
blaze	/ˈbleɪz/
bleed	/ˈblid/
blend	/ˈblɛnd/
bless	/ˈblɛs/
blessing	/ˈblɛsɪŋ/
blind	/ˈblaɪnd/
block	/ˈblɑk/
blog	/ˈblɔɡ/
blonde	/ˈblɑnd/
blood	/ˈbləd/
blow	/ˈbloʊ/
blue	/ˈblu/
board	/ˈbɔrd/
boast	/ˈboʊst/
boat	/ˈboʊt/
body	/ˈbɑdi/
boil	/ˈbɔɪl/
bold	/ˈboʊld/
bolster	/ˈboʊlstɝ/
bomb	/ˈbɑm/, /ˈbɔm/
bombing	/ˈbɑmɪŋ/
bond	/ˈbɑnd/
bone	/ˈboʊn/
bonus	/ˈboʊnəs/
book	/ˈbʊk/
booking	/ˈbʊkɪŋ/
boom	/ˈbum/
boost	/ˈbust/
boot	/ˈbut/
border	/ˈbɔrdɝ/
bored	/ˈbɔrd/
boring	/ˈbɔrɪŋ/
born	/ˈbɔrn/
borrow	/ˈbɑˌroʊ/
boss	/ˈbɑs/, /ˈbɔs/
both	/ˈboʊθ/
bother	/ˈbɑðɝ/
bottle	/ˈbɑtəl/
bottom	/ˈbɑtəm/
bounce	/ˈbaʊns/
bound	/ˈbaʊnd/
boundary	/ˈbaʊndɝi/, /ˈbaʊndri/
bout	/ˈbaʊt/
bow	/ˈbaʊ/, /ˈboʊ/
bowl	/ˈboʊl/
box	/ˈbɑks/
boy	/ˈbɔɪ/
boyfriend	/ˈbɔɪˌfrɛnd/
brain	/ˈbreɪn/
brake	/ˈbreɪk/
branch	/ˈbræntʃ/
brand	/ˈbrænd/
brave	/ˈbreɪv/
breach	/ˈbritʃ/
bread	/ˈbrɛd/
break	/ˈbreɪk/
breakdown	/ˈbreɪkˌdaʊn/
breakfast	/ˈbrɛkfəst/
breakthrough	/ˈbreɪkˌθru/
breast	/ˈbrɛst/
breath	/ˈbrɛθ/
breathe	/ˈbrið/
breathing	/ˈbriðɪŋ/
breed	/ˈbrid/
brick	/ˈbrɪk/
bride	/ˈbraɪd/
bridge	/ˈbrɪdʒ/
brief	/ˈbrif/
briefly	/ˈbrifli/
bright	/ˈbraɪt/
brilliant	/ˈbrɪljənt/
bring	/ˈbrɪŋ/
broad	/ˈbrɔd/
broadband	/ˈbrɔdˌbænd/
broadcast	/ˈbrɔdˌkæst/
broadcaster	/ˈbrɔdˌkæstɝ/
broadly	/ˈbrɔdli/
broken	/ˈbroʊkən/
brother	/ˈbrəðɝ/
brown	/ˈbraʊn/
browser	/ˈbraʊzɝ/
brush	/ˈbrəʃ/
brutal	/ˈbrutəl/
bubble	/ˈbəbəl/
buck	/ˈbək/
buddy	/ˈbədi/
budget	/ˈbədʒɪt/
buffer	/ˈbəfɝ/
bug	/ˈbəɡ/
build	/ˈbɪld/
building	/ˈbɪldɪŋ/
bulk	/ˈbəlk/
bullet	/ˈbʊlət/
bunch	/ˈbəntʃ/
burden	/ˈbɝdən/
burial	/ˈbɛriəl/
burn	/ˈbɝn/
burst	/ˈbɝst/
bury	/ˈbɛri/
bus	/ˈbəs/
bush	/ˈbʊʃ/
business	/ˈbɪznəs/, /ˈbɪznɪs/
businessman	/ˈbɪznəsˌmæn/, /ˈbɪznɪsˌmæn/
busy	/ˈbɪzi/
but	/ˈbət/
butter	/ˈbətɝ/
button	/ˈbətən/
buy	/ˈbaɪ/
buzz	/ˈbəz/
by	/ˈbaɪ/
bye	/ˈbaɪ/
cabin	/ˈkæbən/
cabinet	/ˈkæbənət/, /ˈkæbnət/
cable	/ˈkeɪbəl/
cafe	/kæˈfeɪ/, /kəˈfeɪ/
cake	/ˈkeɪk/
calculate	/ˈkælkjəˌleɪt/
calculation	/ˌkælkjəˈleɪʃən/
call	/ˈkɔl/
calm	/ˈkɑlm/, /ˈkɑm/
camera	/ˈkæmɝə/, /ˈkæmrə/
camp	/ˈkæmp/
campaign	/kæmˈpeɪn/
camping	/ˈkæmpɪŋ/
campus	/ˈkæmpəs/
can	/ˈkæn/, /kən/
canal	/kəˈnæl/
cancel	/ˈkænsəl/
cancellation	/ˌkænsəˈleɪʃən/
cancer	/ˈkænsɝ/
candidate	/ˈkændədeɪt/, /ˈkænədɪt/
candle	/ˈkændəl/
cannot	/ˈkænɑt/, /kəˈnɑt/
canvas	/ˈkænvəs/
cap	/ˈkæp/
capability	/ˌkeɪpəˈbɪləti/
capable	/ˈkeɪpəbəl/
capacity	/kəˈpæsəti/, /kəˈpæsɪti/
capital	/ˈkæpətəl/, /ˈkæpɪtəl/
capitalism	/ˈkæpɪtəˌlɪzəm/
capitalist	/ˈkæpətəlɪst/
captain	/ˈkæptən/
caption	/ˈkæpʃən/
capture	/ˈkæptʃɝ/
car	/ˈkɑr/
carbon	/ˈkɑrbən/
card	/ˈkɑrd/
care	/ˈkɛr/
career	/kɝˈɪr/
careful	/ˈkɛrfəl/
carefully	/ˈkɛrfəli/
careless	/ˈkɛrləs/
cargo	/ˈkɑrˌɡoʊ/
carpet	/ˈkɑrpət/
carriage	/ˈkærɪdʒ/, /ˈkɛrədʒ/
carrot	/ˈkærət/, /ˈkɛrət/
carry	/ˈkæri/, /ˈkɛri/
cartoon	/kɑrˈtun/
carve	/ˈkɑrv/
case	/ˈkeɪs/
cash	/ˈkæʃ/
casino	/kəˈsinoʊ/
cast	/ˈkæst/
castle	/ˈkæsəl/
casual	/ˈkæʒəwəl/, /ˈkæʒwəl/
casualty	/ˈkæʒəlti/, /ˈkæʒəwəlti/
cat	/ˈkæt/
catalogue	/ˈkætəˌlɔɡ/
catch	/ˈkætʃ/
category	/ˈkætəˌɡɔri/
cater	/ˈkeɪtɝ/
cattle	/ˈkætəl/
cause	/ˈkɑz/, /ˈkɔz/
caution	/ˈkɑʃən/, /ˈkɔʃən/
cautious	/ˈkɔʃəs/
cave	/ˈkeɪv/
cease	/ˈsis/
ceiling	/ˈsilɪŋ/
celebrate	/ˈsɛləˌbreɪt/
celebration	/ˌsɛləˈbreɪʃən/
celebrity	/səˈlɛbrɪti/
cell	/ˈsɛl/
cemetery	/ˈsɛməˌtɛri/, /ˈsɛmɪˌtɛri/
cent	/ˈsɛnt/
central	/ˈsɛntrəl/
centre	/ˈsɛntɝ/
century	/ˈsɛntʃɝi/
ceremony	/ˈsɛrəˌmoʊni/
certain	/ˈsɝtən/
certainly	/ˈsɝtənli/
certainty	/ˈsɝtənti/
certificate	/sɝˈtɪfɪkət/
chain	/ˈtʃeɪn/
chair	/ˈtʃɛr/
chairman	/ˈtʃɛrmən/
challenge	/ˈtʃæləndʒ/
challenging	/ˈtʃæləndʒɪŋ/
chamber	/ˈtʃeɪmbɝ/
champion	/ˈtʃæmpiən/
championship	/ˈtʃæmpiənˌʃɪp/
chance	/ˈtʃæns/
change	/ˈtʃeɪndʒ/
channel	/ˈtʃænəl/
chaos	/ˈkeɪɑs/
chapter	/ˈtʃæptɝ/
character	/ˈkɛrɪktɝ/
characteristic	/ˌkɛrəktɝˈɪstɪk/
characterize	/ˈkɛrəktɝˌaɪz/
charge	/ˈtʃɑrdʒ/
charity	/ˈtʃɛrɪti/
charm	/ˈtʃɑrm/
charming	/ˈtʃɑrmɪŋ/
chart	/ˈtʃɑrt/
charter	/ˈtʃɑrtɝ/
chase	/ˈtʃeɪs/
chat	/ˈtʃæt/
cheap	/ˈtʃip/
cheat	/ˈtʃit/
check	/ˈtʃɛk/
cheek	/ˈtʃik/
cheer	/ˈtʃɪr/
cheerful	/ˈtʃɪrfəl/
cheese	/ˈtʃiz/
chef	/ˈʃɛf/
chemical	/ˈkɛməkəl/, /ˈkɛmɪkəl/
chemistry	/ˈkɛməstri/, /ˈkɛmɪstri/
chest	/ˈtʃɛst/
chicken	/ˈtʃɪkən/
chief	/ˈtʃif/
child	/ˈtʃaɪld/
childhood	/ˈtʃaɪldˌhʊd/
chill	/ˈtʃɪl/
chip	/ˈtʃɪp/
chocolate	/ˈtʃɔklət/
choice	/ˈtʃɔɪs/
choir	/ˈkwaɪɝ/
choose	/ˈtʃuz/
chop	/ˈtʃɑp/
chronic	/ˈkrɑnɪk/
chunk	/ˈtʃəŋk/
church	/ˈtʃɝtʃ/
cigarette	/ˌsɪɡɝˈɛt/
cinema	/ˈsɪnəmə/
circle	/ˈsɝkəl/
circuit	/ˈsɝkət/
circulate	/ˈsɝkjəˌleɪt/
circulation	/ˈsɝkjəˌleɪʃən/
circumstance	/ˈsɝkəmˌstæns/
cite	/ˈsaɪt/
citizen	/ˈsɪtəzən/, /ˈsɪtɪzən/
citizenship	/ˈsɪtɪzənˌʃɪp/
city	/ˈsɪti/
civic	/ˈsɪvɪk/
civil	/ˈsɪvəl/
civilian	/səˈvɪljən/
civilization	/ˌsɪvəlɪˈzeɪʃən/
claim	/ˈkleɪm/
clarify	/ˈklɛrəˌfaɪ/
clarity	/ˈklɛrəti/, /ˈklɛrɪti/
clash	/ˈklæʃ/
class	/ˈklæs/
classic	/ˈklæsɪk/
classical	/ˈklæsɪkəl/
classification	/ˌklæsəfəˈkeɪʃən/
classify	/ˈklæsəˌfaɪ/
classroom	/ˈklæsˌrum/
clause	/ˈklɔz/
clean	/ˈklin/
clear	/ˈklɪr/
clearly	/ˈklɪrli/
clerk	/ˈklɝk/
clever	/ˈklɛvɝ/
click	/ˈklɪk/
client	/ˈklaɪənt/
cliff	/ˈklɪf/
climate	/ˈklaɪmət/, /ˈklaɪmɪt/
climb	/ˈklaɪm/
cling	/ˈklɪŋ/
clinic	/ˈklɪnɪk/
clinical	/ˈklɪnəkəl/, /ˈklɪnɪkəl/
clip	/ˈklɪp/
clock	/ˈklɑk/
close	/ˈkloʊs/, /ˈkloʊz/
closed	/ˈkloʊzd/
closely	/ˈkloʊsli/
closure	/ˈkloʊʒɝ/
cloth	/ˈklɔθ/
clothes	/ˈkloʊðz/, /ˈkloʊz/
clothing	/ˈkloʊðɪŋ/
cloud	/ˈklaʊd/
club	/ˈkləb/
clue	/ˈklu/
cluster	/ˈkləstɝ/
coach	/ˈkoʊtʃ/
coal	/ˈkoʊl/
coalition	/ˌkoʊəˈlɪʃən/
coast	/ˈkoʊst/
coastal	/ˈkoʊstəl/
coat	/ˈkoʊt/
cocktail	/ˈkɑkˌteɪl/
code	/ˈkoʊd/
coffee	/ˈkɑfi/, /ˈkɔfi/
cognitive	/ˈkɑɡnɪtɪv/
coin	/ˈkɔɪn/
coincide	/ˌkoʊɪnˈsaɪd/
coincidence	/koʊˈɪnsɪdəns/
cold	/ˈkoʊld/
collaborate	/kəˈlæbɝˌeɪt/
collaboration	/kəˌlæbɝˈeɪʃən/
collapse	/kəˈlæps/
colleague	/ˈkɑliɡ/
collect	/kəˈlɛkt/
collection	/kəˈlɛkʃən/
collective	/kəˈlɛktɪv/
collector	/kəˈlɛktɝ/
college	/ˈkɑlɪdʒ/
collision	/kəˈlɪʒən/
colony	/ˈkɑləni/
colour	/ˈkəlɝ/
coloured	/ˈkəlɝd/
colourful	/ˈkəlɝfəl/
column	/ˈkɑləm/
columnist	/ˈkɑləmnəst/
combat	/ˈkɑmbæt/, /kəmˈbæt/
combination	/ˌkɑmbəˈneɪʃən/
combine	/ˈkɑmbaɪn/, /kəmˈbaɪn/
come	/ˈkəm/
comeback	/ˈkəmˌbæk/
comedian	/kəˈmidiən/
comedy	/ˈkɑmədi/
comfort	/ˈkəmfɝt/
comfortable	/ˈkəmfɝtəbəl/
comic	/ˈkɑmɪk/
command	/kəˈmænd/
commander	/kəˈmændɝ/
commence	/kəˈmɛns/
comment	/ˈkɑmɛnt/
commentary	/ˈkɑmənˌtɛri/
commentator	/ˈkɑmənˌteɪtɝ/
commerce	/ˈkɑmɝs/
commercial	/kəˈmɝʃəl/
commission	/kəˈmɪʃən/
commissioner	/kəˈmɪʃənɝ/
commit	/kəˈmɪt/
commitment	/kəˈmɪtmənt/
committee	/kəˈmɪti/
commodity	/kəˈmɑdəti/
common	/ˈkɑmən/
commonly	/ˈkɑmənli/
communicate	/kəmˈjunəˌkeɪt/
communication	/kəmˌjunəˈkeɪʃən/
communist	/ˈkɑmjənəst/
community	/kəmˈjunəti/, /kəmˈjunɪti/
companion	/kəmˈpænjən/
company	/ˈkəmpəˌni/
comparable	/ˈkɑmpɝəbəl/, /kəmˈpɛrəbəl/
comparative	/kəmˈpɛrətɪv/
compare	/kəmˈpɛr/
comparison	/kəmˈpɛrəsən/
compassion	/kəmˈpæʃən/
compel	/kəmˈpɛl/
compelling	/kəmˈpɛlɪŋ/
compensate	/ˈkɑmpənˌseɪt/
compensation	/ˌkɑmpənˈseɪʃən/
compete	/kəmˈpit/
competence	/ˈkɑmpətɪns/
competent	/ˈkɑmpətɪnt/
competition	/ˌkɑmpəˈtɪʃən/
competitive	/kəmˈpɛtətɪv/, /kəmˈpɛtɪtɪv/
competitor	/kəmˈpɛtətɝ/, /kəmˈpɛtɪtɝ/
compile	/kəmˈpaɪl/
complain	/kəmˈpleɪn/
complaint	/kəmˈpleɪnt/
complement	/ˈkɑmpləmənt/
complete	/kəmˈplit/
completely	/kəmˈplitli/
completion	/kəmˈpliʃən/
complex	/ˈkɑmplɛks/, /kəmˈplɛks/
complexity	/kəmˈplɛksəti/, /kəmˈplɛksɪti/
compliance	/kəmˈplaɪəns/
complicated	/ˈkɑmpləˌkeɪtəd/
complication	/ˌkɑmpləˈkeɪʃən/
comply	/kəmˈplaɪ/
component	/kəmˈpoʊnənt/
compose	/kəmˈpoʊz/
composer	/kəmˈpoʊzɝ/
composition	/ˌkɑmpəˈzɪʃən/
compound	/ˈkɑmpaʊnd/, /kəmˈpaʊnd/
comprehensive	/ˌkɑmpriˈhɛnsɪv/
comprise	/kəmˈpraɪz/
compromise	/ˈkɑmprəˌmaɪz/
compulsory	/kəmˈpəlsɝi/
computer	/kəmˈpjutɝ/
conceal	/kənˈsil/
concede	/kənˈsid/
conceive	/kənˈsiv/
concentrate	/ˈkɑnsənˌtreɪt/
concentration	/ˌkɑnsənˈtreɪʃən/
concept	/ˈkɑnsɛpt/
concern	/kənˈsɝn/
concerned	/kənˈsɝnd/
concert	/ˈkɑnsɝt/, /kənˈsɝt/
concession	/kənˈsɛʃən/
conclude	/kənˈklud/
conclusion	/kənˈkluʒən/
concrete	/ˈkɑnkrit/, /kənˈkrit/
condemn	/kənˈdɛm/
condition	/kənˈdɪʃən/
conduct	/ˈkɑndəkt/, /kɑnˈdəkt/
conference	/ˈkɑnfɝəns/, /ˈkɑnfrəns/
confess	/kənˈfɛs/
confession	/kənˈfɛʃən/
confidence	/ˈkɑnfədəns/
confident	/ˈkɑnfədənt/
configuration	/kənˌfɪɡjɝˈeɪʃən/
confine	/kənˈfaɪn/
confirm	/kənˈfɝm/
confirmation	/ˌkɑnfɝˈmeɪʃən/
conflict	/ˈkɑnflɪkt/, /kənˈflɪkt/
confront	/kənˈfrənt/
confrontation	/ˌkɑnfrənˈteɪʃən/
confuse	/kənˈfjuz/
confused	/kənˈfjuzd/
confusing	/kənˈfjuzɪŋ/
confusion	/kənˈfjuʒən/
congratulate	/kənˈɡrætʃəˌleɪt/
congregation	/ˌkɑŋɡrəˈɡeɪʃən/
congressional	/kənˈɡrɛʃənəl/
connect	/kəˈnɛkt/
connected	/kəˈnɛktɪd/
connection	/kəˈnɛkʃən/
connectivity	/kənɛkˈtɪvɪti/
conquer	/ˈkɑŋkɝ/
conscience	/ˈkɑnʃəns/
conscious	/ˈkɑnʃəs/
consciousness	/ˈkɑnʃəsnəs/
consecutive	/kənˈsɛkjətɪv/
consensus	/kənˈsɛnsəs/
consent	/kənˈsɛnt/
consequence	/ˈkɑnsəkwəns/
consequently	/ˈkɑnsəˌkwɛntli/, /ˈkɑnsəkwəntli/
conservation	/ˌkɑnsɝˈveɪʃən/
conservative	/kənˈsɝvətɪv/
conserve	/kənˈsɝv/
consider	/kənˈsɪdɝ/
considerable	/kənˈsɪdɝəbəl/
considerably	/kənˈsɪdɝəbli/
consideration	/kənˌsɪdɝˈeɪʃən/
consist	/kənˈsɪst/
consistency	/kənˈsɪstənsi/
consistent	/kənˈsɪstənt/
consistently	/kənˈsɪstəntli/
console	/ˈkɑnsoʊl/, /kənˈsoʊl/
consolidate	/kənˈsɑlɪˌdeɪt/
conspiracy	/kənˈspɪrəsi/
constant	/ˈkɑnstənt/
constantly	/ˈkɑnstəntli/
constituency	/kənˈstɪtʃuənsi/
constitute	/ˈkɑnstəˌtut/
constitution	/ˌkɑnstəˈtuʃən/
constitutional	/ˌkɑnstəˈtuʃənəl/
constraint	/kənˈstreɪnt/
construct	/ˈkɑnstrəkt/, /kənˈstrəkt/
construction	/kənˈstrəkʃən/
consult	/kənˈsəlt/
consultant	/kənˈsəltənt/
consultation	/ˌkɑnsəlˈteɪʃən/
consume	/kənˈsum/
consumer	/kənˈsumɝ/
consumption	/kənˈsəmpʃən/, /kənˈsəmʃən/
contact	/ˈkɑnˌtækt/
contain	/kənˈteɪn/
container	/kənˈteɪnɝ/
contemplate	/ˈkɑntəmˌpleɪt/
contemporary	/kənˈtɛmpɝˌɛri/
contempt	/kənˈtɛmpt/
contend	/kənˈtɛnd/
contender	/kənˈtɛndɝ/
content	/ˈkɑntɛnt/, /kənˈtɛnt/
contention	/kənˈtɛnʃən/
contest	/ˈkɑntɛst/, /kənˈtɛst/
context	/ˈkɑntɛkst/
continent	/ˈkɑntənənt/
continually	/kənˈtɪnjuəli/, /kənˈtɪnjuli/
continue	/kənˈtɪnju/
continuous	/kənˈtɪnjuəs/
contract	/ˈkɑnˌtrækt/, /kənˈtrækt/
contractor	/ˈkɑnˌtræktɝ/
contrary	/ˈkɑntrɛri/, /kənˈtrɛri/
contrast	/ˈkɑntræst/, /kənˈtræst/
contribute	/kənˈtrɪbjut/
contribution	/ˌkɑntrəbˈjuʃən/
contributor	/kənˈtrɪbjətɝ/
control	/kənˈtroʊl/
controversial	/ˌkɑntrəˈvɝʃəl/
controversy	/ˈkɑntrəˌvɝsi/
convenience	/kənˈvinjəns/
convenient	/kənˈvinjənt/
convention	/kənˈvɛnʃən/
conventional	/kənˈvɛnʃənəl/
conversation	/ˌkɑnvɝˈseɪʃən/
conversion	/kənˈvɝʒən/
convert	/ˈkɑnvɝt/, /kənˈvɝt/
convey	/kənˈveɪ/
convict	/ˈkɑnvɪkt/, /kənˈvɪkt/
conviction	/kənˈvɪkʃən/
convince	/kənˈvɪns/
convinced	/kənˈvɪnst/
convincing	/kənˈvɪnsɪŋ/
cook	/ˈkʊk/
cooker	/ˈkʊkɝ/
cooking	/ˈkʊkɪŋ/
cool	/ˈkul/
cooperate	/ˈkwɑpɝˌeɪt/, /koʊˈɑpɝˌeɪt/
cooperation	/ˌkwɑpɝˈeɪʃən/, /ˌkwɔpɝˈeɪʃən/
cooperative	/koʊˈɑpɝˌeɪtɪv/
coordinate	/koʊˈɔrdəˌneɪt/, /koʊˈɔrdənət/
coordination	/koʊˌɔrdəˈneɪʃən/
coordinator	/koʊˈɔrdəˌneɪtɝ/
cop	/ˈkɑp/
cope	/ˈkoʊp/
copper	/ˈkɑpɝ/
copy	/ˈkɑpi/
copyright	/ˈkɑpiˌraɪt/
core	/ˈkɔr/
corner	/ˈkɔrnɝ/
corporate	/ˈkɔrpɝət/, /ˈkɔrprət/
corporation	/ˌkɔrpɝˈeɪʃən/
correct	/kɝˈɛkt/
correction	/kɝˈɛkʃən/
correctly	/kɝˈɛktli/
correlate	/ˈkɔrəˌleɪt/, /ˈkɔrələt/
correlation	/ˌkɔrəˈleɪʃən/
correspond	/ˌkɔrəˈspɑnd/
correspondent	/ˌkɔrəˈspɑndənt/
corresponding	/ˌkɔrəˈspɑndɪŋ/
corridor	/ˈkɔrədɝ/, /ˈkɔrɪdɝ/
corrupt	/kɝˈəpt/
corruption	/kɝˈəpʃən/
cost	/ˈkɑst/, /ˈkɔst/
costly	/ˈkɑstli/, /ˈkɔstli/
costume	/ˈkɑstum/, /kɑˈstum/
cottage	/ˈkɑtədʒ/, /ˈkɑtɪdʒ/
cotton	/ˈkɑtən/, /ˈkɔtən/
could	/ˈkʊd/
council	/ˈkaʊnsəl/
councillor	/ˈkaʊnsəlɝ/, /ˈkaʊnslɝ/
counselling	/ˈkaʊnsəlɪŋ/, /ˈkaʊnslɪŋ/
counsellor	/ˈkaʊnsəlɝ/, /ˈkaʊnslɝ/
count	/ˈkaʊnt/
counter	/ˈkaʊntɝ/
counterpart	/ˈkaʊntɝˌpɑrt/
countless	/ˈkaʊntləs/
country	/ˈkəntri/
countryside	/ˈkəntriˌsaɪd/
county	/ˈkaʊni/, /ˈkaʊnti/
coup	/ˈku/
couple	/ˈkəpəl/
courage	/ˈkɝədʒ/, /ˈkɝɪdʒ/
course	/ˈkɔrs/
court	/ˈkɔrt/
courtesy	/ˈkɝtəsi/
cousin	/ˈkəzən/
cover	/ˈkəvɝ/
coverage	/ˈkəvɝədʒ/, /ˈkəvɝɪdʒ/
covered	/ˈkəvɝd/
cow	/ˈkaʊ/
crack	/ˈkræk/
craft	/ˈkræft/
crash	/ˈkræʃ/
crawl	/ˈkrɔl/
crazy	/ˈkreɪzi/
cream	/ˈkrim/
create	/kriˈeɪt/
creation	/kriˈeɪʃən/
creative	/kriˈeɪtɪv/
creativity	/ˌkrieɪˈtɪvəti/
creator	/kriˈeɪtɝ/
creature	/ˈkritʃɝ/
credibility	/ˌkrɛdəˈbɪlɪti/
credible	/ˈkrɛdəbəl/
credit	/ˈkrɛdət/, /ˈkrɛdɪt/
creep	/ˈkrip/
crew	/ˈkru/
crime	/ˈkraɪm/
criminal	/ˈkrɪmənəl/
crisis	/ˈkraɪsəs/
criterion	/kraɪˈtɪriən/
critic	/ˈkrɪtɪk/
critical	/ˈkrɪtɪkəl/
critically	/ˈkrɪtɪkəli/, /ˈkrɪtɪkli/
criticism	/ˈkrɪtɪˌsɪzəm/
criticize	/ˈkrɪtɪˌsaɪz/
critique	/krəˈtik/, /krɪˈtik/
crop	/ˈkrɑp/
cross	/ˈkrɔs/
crowd	/ˈkraʊd/
crowded	/ˈkraʊdəd/, /ˈkraʊdɪd/
crown	/ˈkraʊn/
crucial	/ˈkruʃəl/
crude	/ˈkrud/
cruel	/ˈkruəl/, /ˈkrul/
cruise	/ˈkruz/
crush	/ˈkrəʃ/
cry	/ˈkraɪ/
crystal	/ˈkrɪstəl/
cue	/ˈkju/
cult	/ˈkəlt/
cultivate	/ˈkəltəˌveɪt/
cultural	/ˈkəltʃɝəl/
culture	/ˈkəltʃɝ/
cup	/ˈkəp/
cupboard	/ˈkəbɝd/
cure	/ˈkjʊr/
curiosity	/ˌkjʊriˈɑsəti/
curious	/ˈkjʊriəs/
curly	/ˈkɝli/
currency	/ˈkɝənsi/
current	/ˈkɑrənt/, /ˈkɝənt/
currently	/ˈkɝəntli/
curriculum	/kɝˈɪkjələm/
curtain	/ˈkɝtən/
curve	/ˈkɝv/
curved	/ˈkɝvd/
custody	/ˈkəstədi/
custom	/ˈkəstəm/
customer	/ˈkəstəmɝ/
cut	/ˈkət/
cute	/ˈkjut/
cycle	/ˈsaɪkəl/
dad	/ˈdæd/
daily	/ˈdeɪli/
dairy	/ˈdɛri/
dam	/ˈdæm/
damage	/ˈdæmədʒ/, /ˈdæmɪdʒ/
damaging	/ˈdæmɪdʒɪŋ/
dance	/ˈdæns/
dancer	/ˈdænsɝ/
dancing	/ˈdænsɪŋ/
danger	/ˈdeɪndʒɝ/
dangerous	/ˈdeɪndʒɝəs/
dare	/ˈdɛr/
dark	/ˈdɑrk/
darkness	/ˈdɑrknəs/
data	/ˈdætə/, /ˈdeɪtə/
database	/ˈdætəˌbeɪs/, /ˈdeɪtəˌbeɪs/
date	/ˈdeɪt/
daughter	/ˈdɔtɝ/
dawn	/ˈdɔn/
day	/ˈdeɪ/
dead	/ˈdɛd/
deadline	/ˈdɛdˌlaɪn/
deadly	/ˈdɛdli/
deal	/ˈdil/
dealer	/ˈdilɝ/
dear	/ˈdɪr/
death	/ˈdɛθ/
debate	/dəˈbeɪt/
debris	/dəˈbri/
debt	/ˈdɛt/
debut	/ˈdeɪbju/, /deɪbˈju/
decade	/ˈdɛkeɪd/, /dɛˈkeɪd/
decent	/ˈdisənt/
decide	/ˌdɪˈsaɪd/
decision	/dɪˈsɪʒən/
decision-making	/dɪˈsɪʒənˌmeɪkɪŋ/
decisive	/dɪˈsaɪsɪv/
deck	/ˈdɛk/
declaration	/ˌdɛklɝˈeɪʃən/
declare	/dɪˈklɛr/
decline	/dɪˈklaɪn/
decorate	/ˈdɛkɝˌeɪt/
decoration	/ˌdɛkɝˈeɪʃən/
decrease	/ˈdiˌkris/, /dɪˈkris/
dedicated	/ˈdɛdəkeɪtəd/
dedication	/ˌdɛdəˈkeɪʃən/
deed	/ˈdid/
deem	/ˈdim/
deep	/ˈdip/
deeply	/ˈdipli/
default	/dɪˈfɔlt/
defeat	/dɪˈfit/
defect	/ˈdifɛkt/, /dɪˈfɛkt/
defence	/dɪˈfɛns/
defend	/dɪˈfɛnd/
defender	/dɪˈfɛndɝ/
defensive	/dɪˈfɛnsɪv/
deficiency	/dɪˈfɪʃənsi/
deficit	/ˈdɛfəsət/
define	/dɪˈfaɪn/
definite	/ˈdɛfənət/
definitely	/ˈdɛfənətli/
definition	/ˌdɛfəˈnɪʃən/
defy	/dɪˈfaɪ/
degree	/dɪˈɡri/
delay	/dɪˈleɪ/
delegate	/ˈdɛləˌɡeɪt/, /ˈdɛləɡət/
delegation	/ˌdɛləˈɡeɪʃən/
delete	/dɪˈlit/
deliberate	/dɪˈlɪbɝˌeɪt/, /dɪˈlɪbɝət/
deliberately	/dɪˈlɪbɝətli/, /dɪˈlɪbrətli/
delicate	/ˈdɛləkət/
delicious	/dɪˈlɪʃəs/
delight	/dɪˈlaɪt/
delighted	/dɪˈlaɪtəd/, /dɪˈlaɪtɪd/
deliver	/dɪˈlɪvɝ/
delivery	/dɪˈlɪvɝi/
demand	/dɪˈmænd/
democracy	/dɪˈmɑkrəsi/
democratic	/ˌdɛməˈkrætɪk/
demon	/ˈdimən/
demonstrate	/ˈdɛmənˌstreɪt/
demonstration	/ˌdɛmənˈstreɪʃən/
denial	/dɪˈnaɪəl/
denounce	/dɪˈnaʊns/
dense	/ˈdɛns/
density	/ˈdɛnsəti/, /ˈdɛnsɪti/
dentist	/ˈdɛnɪst/, /ˈdɛntəst/
deny	/dɪˈnaɪ/
depart	/dɪˈpɑrt/
department	/dɪˈpɑrtmənt/
departure	/dɪˈpɑrtʃɝ/
depend	/dɪˈpɛnd/
dependence	/dɪˈpɛndəns/
dependent	/dɪˈpɛndənt/
depict	/dɪˈpɪkt/
deploy	/dɪˈplɔɪ/
deployment	/dɪˈplɔɪmənt/
deposit	/dəˈpɑzɪt/, /dɪˈpɑzət/
depressed	/dɪˈprɛst/
depressing	/dɪˈprɛsɪŋ/
depression	/dɪˈprɛʃən/
deprive	/dɪˈpraɪv/
depth	/ˈdɛpθ/
deputy	/ˈdɛpjəti/, /ˈdɛpjuti/
derive	/dɝˈaɪv/
descend	/dɪˈsɛnd/
descent	/dɪˈsɛnt/
describe	/dɪsˈkraɪb/
description	/dɪsˈkrɪpʃən/
desert	/ˈdɛzɝt/, /dɪˈzɝt/
deserve	/dɪˈzɝv/
design	/dɪˈzaɪn/
designate	/ˈdɛzəɡˌneɪt/, /ˈdɛzɪɡˌneɪt/
designer	/dɪˈzaɪnɝ/
desirable	/dɪˈzaɪɝəbəl/, /dɪˈzaɪrəbəl/
desire	/dɪˈzaɪɝ/
desk	/ˈdɛsk/
desktop	/ˈdɛskˌtɑp/
desperate	/ˈdɛspɝɪt/, /ˈdɛsprɪt/
desperately	/ˈdɛspɝətli/, /ˈdɛsprətli/
despite	/dɪˈspaɪt/
destination	/ˌdɛstəˈneɪʃən/, /ˌdɛstɪˈneɪʃən/
destroy	/dɪˈstrɔɪ/
destruction	/dɪˈstrəkʃən/
destructive	/dɪˈstrəktɪv/
detail	/ˈditeɪl/, /dɪˈteɪl/
detailed	/dɪˈteɪld/
detain	/dɪˈteɪn/
detect	/dɪˈtɛkt/
detection	/dɪˈtɛkʃən/
detective	/dɪˈtɛktɪv/
detention	/dɪˈtɛnʃən/
deteriorate	/dɪˈtɪriɝˌeɪt/
determination	/dɪˌtɝməˈneɪʃən/
determine	/dəˈtɝmən/, /dɪˈtɝmən/
determined	/dɪˈtɝmənd/
devastate	/ˈdɛvəˌsteɪt/
devastating	/ˈdɛvəˌsteɪtɪŋ/
develop	/dɪˈvɛləp/
development	/dɪˈvɛləpmənt/
device	/dɪˈvaɪs/
devil	/ˈdɛvəl/
devise	/dɪˈvaɪs/, /dɪˈvaɪz/
devote	/dɪˈvoʊt/
diabetes	/ˌdaɪəˈbitiz/
diagnose	/ˌdaɪəɡˈnoʊs/
diagnosis	/ˌdaɪəɡˈnoʊsəs/
diagram	/ˈdaɪəˌɡræm/
dialogue	/ˈdaɪəˌlɔɡ/
diamond	/ˈdaɪmənd/
diary	/ˈdaɪɝi/, /ˈdaɪri/
dictate	/ˈdɪkˌteɪt/, /dɪkˈteɪt/
dictionary	/ˈdɪkʃəˌnɛri/
die	/ˈdaɪ/
diet	/ˈdaɪət/
differ	/ˈdɪfɝ/
difference	/ˈdɪfɝəns/, /ˈdɪfrəns/
different	/ˈdɪfɝənt/, /ˈdɪfrənt/
differentiate	/ˌdɪfɝˈɛnʃiˌeɪt/, /ˌdɪfɝˈɛntʃiˌeɪt/
differently	/ˈdɪfɝˈɛntli/, /ˈdɪfrəntli/
difficult	/ˈdɪfəkəlt/
difficulty	/ˈdɪfəkəlti/, /ˈdɪfɪˌkəlti/
dig	/ˈdɪɡ/
digital	/ˈdɪdʒətəl/, /ˈdɪdʒɪtəl/
dignity	/ˈdɪɡnəti/
dilemma	/dɪˈlɛmə/
dimension	/dɪˈmɛnʃən/
diminish	/dɪˈmɪnɪʃ/
dinner	/ˈdɪnɝ/
dip	/ˈdɪp/
diplomat	/ˈdɪpləˌmæt/
diplomatic	/ˌdɪpləˈmætɪk/
direct	/daɪˈrɛkt/, /dɝˈɛkt/
direction	/daɪˈrɛkʃɪn/, /dɝˈɛkʃən/
directly	/daɪˈrɛkli/, /dɝˈɛktli/
director	/daɪˈrɛktɝ/, /dɝˈɛktɝ/
dirt	/ˈdɝt/
dirty	/ˈdɝti/
disability	/ˌdɪsəˈbɪlɪti/, /dɪsəˈbɪlɪtiz/
disabled	/dɪˈseɪbəld/
disadvantage	/ˌdɪsədˈvænɪdʒ/, /ˌdɪsədˈvæntɪdʒ/
disagree	/dɪsəˈɡri/
disagreement	/dɪsəˈɡrimənt/
disappear	/ˌdɪsəˈpir/, /ˌdɪsəˈpɪr/
disappoint	/ˌdɪsəˈpɔɪnt/
disappointed	/ˌdɪsəˈpɔɪnɪd/, /ˌdɪsəˈpɔɪntɪd/
disappointing	/ˌdɪsəˈpɔɪnɪŋ/, /ˌdɪsəˈpɔɪntɪŋ/
disappointment	/ˌdɪsəˈpɔɪntmənt/
disaster	/dɪˈzæstɝ/
disastrous	/dɪˈzæstrəs/
disc	/ˈdɪsk/
discard	/dɪˈskɑrd/
discharge	/ˈdɪsˌtʃɑrdʒ/, /dɪsˈtʃɑrdʒ/
discipline	/ˈdɪsəplən/
disclose	/dɪˈskloʊz/
disclosure	/dɪˈskloʊʒɝ/
discount	/ˈdɪskaʊnt/, /dɪˈskaʊnt/
discourage	/dɪˈskɝɪdʒ/
discourse	/ˈdɪskɔrs/
discover	/dɪˈskəvɝ/
discovery	/ˌdɪsˈkəvri/, /dɪˈskəvɝi/
discretion	/dɪsˈkrɛʃən/
discrimination	/dɪsˌkrɪməˈneɪʃən/
discuss	/dɪˈskəs/
discussion	/dɪˈskəʃən/
disease	/dɪˈziz/
dish	/ˈdɪʃ/
dishonest	/dɪˈsɑnəst/
dislike	/dɪˈslaɪk/
dismiss	/dɪsˈmɪs/
dismissal	/dɪsˈmɪsəl/
disorder	/dɪˈsɔrdɝ/
displace	/dɪsˈpleɪs/
display	/dɪsˈpleɪ/
disposal	/dɪˈspoʊzəl/
dispose	/dɪˈspoʊz/
dispute	/dɪˈspjut/
disrupt	/dɪsˈrəpt/
disruption	/dɪsˈrəpʃən/
dissolve	/dɪˈzɑlv/
distance	/ˈdɪstəns/
distant	/ˈdɪstənt/
distinct	/dɪˈstɪŋkt/
distinction	/dɪˈstɪŋkʃən/
distinctive	/dɪˈstɪŋktɪv/
distinguish	/dɪˈstɪŋɡwɪʃ/
distract	/dɪˈstrækt/
distress	/dɪˈstrɛs/
distribute	/dɪˈstrɪbjut/
distribution	/ˌdɪstrəbˈjuʃən/
district	/ˈdɪstrɪkt/
disturb	/dɪˈstɝb/
disturbing	/dɪˈstɝbɪŋ/
dive	/ˈdaɪv/
diverse	/daɪˈvɝs/, /dɪˈvɝs/
diversity	/daɪˈvɝsɪti/, /dɪˈvɝsɪti/
divert	/daɪˈvɝt/, /dɪˈvɝt/
divide	/dɪˈvaɪd/
dividend	/ˈdɪvɪˌdɛnd/
division	/dɪˈvɪʒən/
divorce	/dɪˈvɔrs/
divorced	/dɪˈvɔrst/
do	/ˈdu/
doctor	/ˈdɑktɝ/, /ˈdɔktɝ/
doctrine	/ˈdɑktrən/, /ˈdɔktɝɪn/
document	/ˈdɑkjəmɛnt/, /ˈdɑkjumɛnt/
documentary	/ˌdɑkjəˈmɛnɝi/, /ˌdɑkjəˈmɛntɝi/
documentation	/ˌdɑkjəmɛnˈteɪʃən/, /ˌdɑkjumɛnˈteɪʃən/
dog	/ˈdɔɡ/
dollar	/ˈdɑlɝ/, /ˈdɔlɝ/
domain	/doʊˈmeɪn/
domestic	/dəˈmɛstɪk/
dominance	/ˈdɑmənəns/
dominant	/ˈdɑmənənt/
dominate	/ˈdɑməˌneɪt/
donate	/ˈdoʊˌneɪt/
donation	/doʊˈneɪʃən/
donor	/ˈdoʊnɝ/
door	/ˈdɔr/
dose	/ˈdoʊs/
dot	/ˈdɑt/
double	/ˈdəbəl/
doubt	/ˈdaʊt/
down	/ˈdaʊn/
download	/ˈdaʊnˌloʊd/
downstairs	/ˈdaʊnˈstɛrz/
downtown	/ˈdaʊnˈtaʊn/
downwards	/ˈdaʊnwɝdz/
dozen	/ˈdəzən/
draft	/ˈdræft/
drag	/ˈdræɡ/
drain	/ˈdreɪn/
drama	/ˈdrɑmə/
dramatic	/drəˈmætɪk/
dramatically	/drəˈmætɪkəli/, /drəˈmætɪkli/
draw	/ˈdrɔ/
drawing	/ˈdrɔɪŋ/
dream	/ˈdrim/
dress	/ˈdrɛs/
dressed	/ˈdrɛst/
drift	/ˈdrɪft/
drink	/ˈdrɪŋk/
drive	/ˈdraɪv/
driver	/ˈdraɪvɝ/
driving	/ˈdraɪvɪŋ/
drone	/ˈdroʊn/
drop	/ˈdrɑp/, /ˈdrɔp/
drought	/ˈdraʊt/
drown	/ˈdraʊn/
drug	/ˈdrəɡ/
drum	/ˈdrəm/
drunk	/ˈdrəŋk/
dry	/ˈdraɪ/
dual	/ˈduəl/, /ˈdul/
dub	/ˈdəb/
due	/ˈdju/, /ˈdu/
dull	/ˈdəl/
dump	/ˈdəmp/
duo	/ˈduoʊ/
duration	/ˈdʊˈreɪʃən/
during	/ˈdɝɪŋ/, /ˈdjʊrɪŋ/
dust	/ˈdəst/
duty	/ˈdjuti/, /ˈduti/
dynamic	/daɪˈnæmɪk/
e-commerce	/ˈiˈkɑmɝs/
each	/ˈitʃ/
eager	/ˈiɡɝ/
ear	/ˈir/, /ˈɪr/
early	/ˈɝli/
earn	/ˈɝn/
earnings	/ˈɝnɪŋz/
earth	/ˈɝθ/
earthquake	/ˈɝθˌkweɪk/
ease	/ˈiz/
easily	/ˈizəli/
east	/ˈist/
eastern	/ˈistɝn/
easy	/ˈizi/
eat	/ˈit/
echo	/ˈɛkoʊ/
ecological	/ɛkəˈlɑdʒɪkəl/, /ikəˈlɑdʒɪkəl/
economic	/ˌɛkəˈnɑmɪk/, /ˌikəˈnɑmɪk/
economics	/ˌɛkəˈnɑmɪks/, /ˌikəˈnɑmɪks/
economist	/iˈkɑnəmɪst/, /ɪˈkɑnəmɪst/
economy	/iˈkɑnəmi/, /ɪˈkɑnəmi/
ecosystem	/ˈikoʊˌsɪstəm/
edge	/ˈɛdʒ/
edit	/ˈɛdət/
edition	/əˈdɪʃən/, /ɪˈdɪʃən/
editor	/ˈɛdətɝ/, /ˈɛdɪtɝ/
editorial	/ˌɛdəˈtɔriəl/
educate	/ˈɛdʒəˌkeɪt/, /ˈɛdʒjuˌkeɪt/
educated	/ˈɛdʒəˌkeɪtɪd/, /ˈɛdʒjuˌkeɪtɪd/
education	/ˌɛdʒəˈkeɪʃən/, /ˌɛdʒjuˈkeɪʃən/
educational	/ˌɛdʒəˈkeɪʃənəl/, /ˌɛdʒjuˈkeɪʃənəl/
educator	/ˈɛdʒəˌkeɪtɝ/, /ˈɛdʒjuˌkeɪtɝ/
effect	/ˈifɛkt/, /əˈfɛkt/
effective	/ˈifɛktɪv/, /ɪˈfɛktɪv/
effectively	/ˈifɛktɪvli/, /ɪˈfɛktɪvli/
effectiveness	/ˈifɛktɪvnəs/, /ɪˈfɛktɪvnəs/
efficiency	/ɪˈfɪʃənsi/
efficient	/ɪˈfɪʃənt/
efficiently	/ɪˈfɪʃəntli/
effort	/ˈɛfɝt/
egg	/ˈɛɡ/
ego	/ˈiɡoʊ/
eight	/ˈeɪt/
eighteen	/ˈeɪˈtin/, /eɪˈtin/
eighty	/ˈeɪti/
either	/ˈaɪðɝ/, /ˈiðɝ/
elaborate	/ɪˈlæbɝˌeɪt/, /ɪˈlæbrət/
elbow	/ˈɛlˌboʊ/
elderly	/ˈɛldɝli/
elect	/ɪˈlɛkt/
election	/ɪˈlɛkʃən/
electoral	/ɪˈlɛktɝəl/
electric	/ɪˈlɛktrɪk/
electrical	/ɪˈlɛktrɪkəl/
electricity	/ɪˌlɛkˈtrɪsəti/
electronic	/ˌɪˌlɛkˈtrɑnɪk/
electronics	/ˌɪˌlɛkˈtrɑnɪks/
elegant	/ˈɛləɡənt/
element	/ˈɛləmənt/
elementary	/ˌɛləˈmɛntɝri/, /ˌɛləˈmɛntri/
elephant	/ˈɛləfənt/
elevate	/ˈɛləˌveɪt/
eleven	/ˈilɛvən/, /ɪˈlɛvən/
eligible	/ˈɛlədʒəbəl/, /ˈɛlɪdʒəbəl/
eliminate	/ɪˈlɪməˌneɪt/
elite	/eɪˈlit/, /ɪˈlit/
else	/ˈɛls/
elsewhere	/ˈɛlˌswɛr/
email	/iˈmeɪl/
embark	/ɛmˈbɑrk/, /ɪmˈbɑrk/
embarrassed	/ɪmˈbɛrəst/
embarrassing	/ɪmˈbɛrəsɪŋ/
embarrassment	/ɪmˈbɛrəsmənt/
embassy	/ˈɛmbəsi/
embed	/ɪmˈbɛd/
embody	/ɪmˈbɑdi/
embrace	/ɛmˈbreɪs/, /ɪmˈbreɪs/
emerge	/ˈimɝdʒ/, /ɪˈmɝdʒ/
emergence	/ˈimɝdʒəns/, /ɪˈmɝdʒəns/
emergency	/ˈimɝdʒənsi/, /ɪˈmɝdʒənsi/
emission	/ɪˈmɪʃən/
emotion	/ˈiˌmoʊʃən/, /ɪˈmoʊʃən/
emotional	/ˈiˌmoʊʃənəl/, /ɪˈmoʊʃənəl/
emphasis	/ˈɛmfəsəs/, /ˈɛmfəsɪs/
emphasize	/ˈɛmfəˌsaɪz/
empire	/ˈɛmpaɪɝ/
employ	/ɛmˈplɔɪ/, /ɪmˈplɔɪ/
employee	/ɛmˈplɔɪi/, /ɪmˈplɔɪi/
employer	/ɛmˈplɔɪɝ/, /ɪmˈplɔɪɝ/
employment	/ɛmˈplɔɪmənt/, /ɪmˈplɔɪmənt/
empower	/ɪmˈpaʊɝ/
empty	/ˈɛmpti/, /ˈɛmti/
enable	/ɛˈneɪbəl/, /ɪˈneɪbəl/
enact	/ɪˈnækt/
encompass	/ɛnˈkəmpəs/
encounter	/ɪnˈkaʊnɝ/, /ɪnˈkaʊntɝ/
encourage	/ɛnˈkɝɪdʒ/, /ɪnˈkɝədʒ/
encouragement	/ɛnˈkɝɪdʒmənt/
encouraging	/ɛnˈkɝɪdʒɪŋ/, /ɪnˈkɝədʒɪŋ/
end	/ˈɛnd/
endeavour	/ɪnˈdɛvɝ/
ending	/ˈɛndɪŋ/
endless	/ˈɛndləs/
endorse	/ɛnˈdɔrs/
endorsement	/ɛnˈdɔrsmənt/
endure	/ɛnˈdjʊr/, /ɪnˈdʊr/
enemy	/ˈɛnəmi/
energy	/ˈɛnɝdʒi/
enforce	/ɛnˈfɔrs/
enforcement	/ɛnˈfɔrsmənt/
engage	/ɛnˈɡeɪdʒ/
engaged	/ɛnˈɡeɪdʒd/
engagement	/ɛnˈɡeɪdʒmənt/
engaging	/ɛnˈɡeɪdʒɪŋ/
engine	/ˈɛndʒən/, /ˈɪndʒən/
engineer	/ˈɛndʒəˈnɪr/
engineering	/ˈɛndʒəˈnɪrɪŋ/
enhance	/ɛnˈhæns/
enjoy	/ˌɛnˈdʒɔɪ/, /ɪnˈdʒɔɪ/
enjoyable	/ˌɛnˈdʒɔɪəbəl/
enormous	/iˈnɔrməs/, /iˈnɔrmɪs/
enough	/iˈnəf/, /ɪˈnəf/
enquire	/ɪnˈkwaɪɝ/
enquiry	/ɪnˈkwaɪˌri/
enrich	/ɛnˈrɪtʃ/, /ɪnˈrɪtʃ/
enrol	/ɛnˈroʊl/, /ɪnˈroʊl/
ensue	/ɪnˈsu/
ensure	/ɛnˈʃʊr/, /ɪnˈʃʊr/
enter	/ˈɛnɝ/, /ˈɛntɝ/
enterprise	/ˈɛnɝˌpraɪz/, /ˈɛntɝˌpraɪz/
entertain	/ˌɛnɝˈteɪn/, /ˌɛntɝˈteɪn/
entertaining	/ˌɛnɝˈteɪnɪŋ/, /ˌɛntɝˈteɪnɪŋ/
entertainment	/ˌɛnɝˈteɪnmənt/, /ˌɛntɝˈteɪnmənt/
enthusiasm	/ɪnˈθuziˌæzəm/
enthusiast	/ɛnˈθuziˌæst/
enthusiastic	/ɪnˌθuziˈæstɪk/
entire	/ɪnˈtaɪɝ/
entirely	/ɪnˈtaɪɝli/
entitle	/ɛnˈtaɪtəl/, /ɪnˈtaɪtəl/
entity	/ˈɛntəti/, /ˈɛntɪti/
entrance	/ˈɛntrəns/
entrepreneur	/ˌɑntrəprəˈnɝ/, /ˌɑntrəprəˈnʊr/
entry	/ˈɛntri/
envelope	/ˈɛnvəˌloʊp/
environment	/ɪnˈvaɪrənmənt/
environmental	/ɪnˌvaɪrənˈmɛnəl/, /ɪnˌvaɪrənˈmɛntəl/
epidemic	/ˌɛpəˈdɛmɪk/, /ˌɛpɪˈdɛmɪk/
episode	/ˈɛpəˌsoʊd/, /ˈɛpɪˌsoʊd/
equal	/ˈikwəl/
equality	/ɪˈkwɑləti/
equally	/ˈikwəli/
equation	/ɪˈkweɪʒən/
equip	/ɪˈkwɪp/
equipment	/ɪˈkwɪpmənt/
equity	/ˈɛkwəti/
equivalent	/ɪˈkwɪvələnt/
era	/ˈɛrə/, /ˈɪrə/
erect	/ɪˈrɛkt/
error	/ˈɛrɝ/
erupt	/ˈirəpt/, /ɪˈrəpt/
escalate	/ˈɛskəˌleɪt/
escape	/ɪˈskeɪp/
especially	/əˈspɛʃəli/, /əˈspɛʃli/
essay	/ˈɛˌseɪ/, /ɛˈseɪ/
essence	/ˈɛsəns/
essential	/ɛˈsɛnʃəl/, /iˈsɛnʃəl/
essentially	/ɛˈsɛnʃəli/, /iˈsɛnʃəli/
establish	/ɪˈstæblɪʃ/
establishment	/ɪˈstæblɪʃmənt/
estate	/ɪˈsteɪt/
estimate	/ˈɛstəˌmeɪt/, /ˈɛstəmət/
ethic	/ˈɛθɪk/
ethical	/ˈɛθɪkəl/
ethnic	/ˈɛθnɪk/
euro	/ˈjuroʊ/, /ˈjʊrə/
evacuate	/iˈvækjəˌeɪt/, /ɪˈvækjəˌeɪt/
evaluate	/iˈvæljuˌeɪt/, /ɪˈvæljuˌeɪt/
evaluation	/iˌvæljuˈeɪʃən/, /ɪˌvæljuˈeɪʃən/
even	/ˈivɪn/
evening	/ˈivnɪŋ/
event	/iˈvɛnt/, /ɪˈvɛnt/
eventually	/iˈvɛnʃəli/, /iˈvɛntʃəwəli/
ever	/ˈɛvɝ/
every	/ˈɛvɝi/, /ˈɛvri/
everybody	/ˈɛvriˌbɑdi/
everyday	/ˈɛvriˈdeɪ/
everyone	/ˈɛvriˌwən/
everything	/ˈɛvriˌθɪŋ/
everywhere	/ˈɛvriˌwɛr/, /ˈɛvrihˌwɛr/
evidence	/ˈɛvədəns/
evident	/ˈɛvədənt/
evil	/ˈivəl/
evoke	/iˈvoʊk/, /ɪˈvoʊk/
evolution	/ˌɛvəˈluʃən/, /ˌɛvoʊˈluʃən/
evolutionary	/ˌɛvəˈluʃəˌnɛri/, /ˌɛvoʊˈluʃəˌnɛri/
evolve	/iˈvɑlv/, /ɪˈvɑlv/
exact	/ɪɡˈzækt/
exactly	/ɪɡˈzæktli/
exaggerate	/ɪɡˈzædʒɝˌeɪt/
exam	/ɪɡˈzæm/
examination	/ɪɡˌzæməˈneɪʃən/
examine	/ɪɡˈzæmɪn/
example	/ɪɡˈzæmpəl/
exceed	/ɪkˈsid/
excellence	/ˈɛksələns/
excellent	/ˈɛksələnt/
except	/ɪkˈsɛpt/
exception	/ɪkˈsɛpʃən/
exceptional	/ɪkˈsɛpʃənəl/
excess	/ˈɛkˌsɛs/, /ɪkˈsɛs/
excessive	/ɪkˈsɛsɪv/
exchange	/ɪksˈtʃeɪndʒ/
excited	/ɪkˈsaɪtəd/, /ɪkˈsaɪtɪd/
excitement	/ɪkˈsaɪtmənt/
exciting	/ɪkˈsaɪtɪŋ/
exclude	/ɪkˈsklud/
exclusion	/ɪkˈskluʒən/
exclusive	/ɪkˈsklusɪv/
exclusively	/ɪkˈsklusɪvli/
excuse	/ɪkˈskjus/, /ɪkˈskjuz/
execute	/ˈɛksəkˌjut/
execution	/ˌɛksəkˈjuʃən/
executive	/ɪɡˈzɛkjətɪv/
exercise	/ˈɛksɝˌsaɪz/
exhibit	/ɪɡˈzɪbɪt/
exhibition	/ˌɛksəˈbɪʃən/
exile	/ˈɛɡˌzaɪl/, /ˈɛkˌsaɪl/
exist	/ɪɡˈzɪst/
existence	/ɛɡˈzɪstəns/, /ɪɡˈzɪstəns/
exit	/ˈɛɡzɪt/, /ˈɛksət/
exotic	/ɪɡˈzɑtɪk/
expand	/ɪkˈspænd/
expansion	/ɪkˈspænʃən/, /ɪkˈspæntʃən/
expect	/ɪkˈspɛkt/
expectation	/ˌɛkspɛkˈteɪʃən/
expected	/ɪkˈspɛktəd/, /ɪkˈspɛktɪd/
expedition	/ˌɛkspəˈdɪʃən/
expenditure	/ɪkˈspɛndətʃɝ/, /ɪkˈspɛndɪtʃɝ/
expense	/ɪkˈspɛns/
expensive	/ɪkˈspɛnsɪv/
experience	/ɪkˈspɪriəns/
experienced	/ɪkˈspɪriənst/
experiment	/ɪkˈspɛrəmənt/
experimental	/ɪkˌspɛrɪˈmɛntəl/
expert	/ˈɛkspɝt/
expertise	/ˌɛkspɝˈtiz/
expire	/ɪkˈspaɪr/
explain	/ɪksˈpleɪn/
explanation	/ˌɛkspləˈneɪʃən/
explicit	/ɪksˈplɪsət/
explode	/ɪksˈploʊd/
exploit	/ˈɛksˌplɔɪt/, /ˌɛksˈplɔɪt/
exploitation	/ˌɛksˌplɔɪˈteɪʃən/
exploration	/ˌɛksplɝˈeɪʃən/, /ˌɛksplɔˈreɪʃən/
explore	/ɪksˈplɔr/
explosion	/ɪksˈploʊʒən/
explosive	/ɪksˈploʊsɪv/
export	/ˈɛkspɔrt/
expose	/ɪkˈspoʊz/
exposure	/ɪkˈspoʊʒɝ/
express	/ɪksˈprɛs/
expression	/ɪksˈprɛʃən/
extend	/ɪkˈstɛnd/
extension	/ɪkˈstɛnʃən/
extensive	/ɪkˈstɛnsɪv/
extent	/ɪkˈstɛnt/
external	/ɪkˈstɝnəl/
extra	/ˈɛkstrə/
extract	/ˈɛkˌstrækt/, /ɪkˈstrækt/
extraordinary	/ˌɛkstrəˈɔrdəˌnɛri/, /ɪkˈstrɔrdəˌnɛri/
extreme	/ɛkˈstrim/
extremely	/ɛkˈstrimli/
extremist	/ɛkˈstrimɪst/
eye	/ˈaɪ/
fabric	/ˈfæbrɪk/
fabulous	/ˈfæbjələs/
face	/ˈfeɪs/
facilitate	/fəˈsɪləˌteɪt/
facility	/fəˈsɪlɪti/
fact	/ˈfækt/
faction	/ˈfækʃən/
factor	/ˈfæktɝ/
factory	/ˈfæktɝi/
faculty	/ˈfækəlti/
fade	/ˈfeɪd/
fail	/ˈfeɪl/
failure	/ˈfeɪljɝ/
fair	/ˈfɛr/
fairly	/ˈfɛrli/
fairness	/ˈfɛrnəs/
faith	/ˈfeɪθ/
fake	/ˈfeɪk/
fall	/ˈfɑl/, /ˈfɔl/
false	/ˈfɔls/
fame	/ˈfeɪm/
familiar	/fəˈmɪljɝ/
family	/ˈfæməli/, /ˈfæmli/
famous	/ˈfeɪməs/
fan	/ˈfæn/
fancy	/ˈfænsi/
fantastic	/fænˈtæstɪk/
fantasy	/ˈfænəsi/, /ˈfæntəsi/
far	/ˈfɑr/
fare	/ˈfɛr/
farm	/ˈfɑrm/
farmer	/ˈfɑrmɝ/
farming	/ˈfɑrmɪŋ/
fascinating	/ˈfæsəˌneɪtɪŋ/
fashion	/ˈfæʃən/
fashionable	/ˈfæʃənəbəl/, /ˈfæʃnəbəl/
fast	/ˈfæst/
fasten	/ˈfæsən/
fat	/ˈfæt/
fatal	/ˈfeɪtəl/
fate	/ˈfeɪt/
father	/ˈfɑðɝ/
fault	/ˈfɔlt/
favour	/ˈfeɪvɝ/
favourable	/ˈfeɪvɝəbəl/, /ˈfeɪvrəbəl/
favourite	/ˈfeɪvɝɪt/
fear	/ˈfɪr/
feather	/ˈfɛðɝ/
feature	/ˈfitʃɝ/
federal	/ˈfɛdɝəl/, /ˈfɛdrəl/
fee	/ˈfi/
feed	/ˈfid/
feedback	/ˈfidˌbæk/
feel	/ˈfil/
feeling	/ˈfilɪŋ/
fellow	/ˈfɛloʊ/
female	/ˈfiˌmeɪl/
feminist	/ˈfɛmənɪst/
fence	/ˈfɛns/
festival	/ˈfɛstəvəl/, /ˈfɛstɪvəl/
festive	/ˈfɛstɪv/
fever	/ˈfivɝ/
few	/ˈfju/
fibre	/ˈfaɪbɝ/
fiction	/ˈfɪkʃən/
field	/ˈfild/
fierce	/ˈfɪrs/
fifteen	/ˈfɪfˈtin/, /fɪfˈtin/
fifth	/ˈfɪfθ/, /ˈfɪθ/
fifty	/ˈfɪfti/
fight	/ˈfaɪt/
fighting	/ˈfaɪtɪŋ/
figure	/ˈfɪɡjɝ/
file	/ˈfaɪl/
fill	/ˈfɪl/
film	/ˈfɪlm/
film-maker	/ˈfɪlm ˈmeɪkɝ/
filter	/ˈfɪltɝ/
final	/ˈfaɪnəl/
finally	/ˈfaɪnəli/
finance	/ˈfaɪˌnæns/, /fəˈnæns/
financial	/ˌfaɪˈnænʃəl/, /fəˈnænʃəl/
find	/ˈfaɪnd/
finding	/ˈfaɪndɪŋ/
fine	/ˈfaɪn/
finger	/ˈfɪŋɡɝ/
finish	/ˈfɪnɪʃ/
fire	/ˈfaɪɝ/, /ˈfaɪr/
firearm	/ˈfaɪˌrɑrm/, /ˈfaɪɝˌɑrm/
firefighter	/ˈfaɪrˌfaɪtɝ/
firework	/ˈfaɪrˌwɝk/
firm	/ˈfɝm/
firmly	/ˈfɝmli/
first	/ˈfɝst/
firstly	/ˈfɝstli/
fish	/ˈfɪʃ/
fishing	/ˈfɪʃɪŋ/
fit	/ˈfɪt/
fitness	/ˈfɪtnəs/
five	/ˈfaɪv/
fix	/ˈfɪks/
fixed	/ˈfɪkst/
fixture	/ˈfɪkstʃɝ/
flag	/ˈflæɡ/
flame	/ˈfleɪm/
flash	/ˈflæʃ/
flat	/ˈflæt/
flavour	/ˈfleɪvɝ/
flaw	/ˈflɔ/
flawed	/ˈflɔd/
flee	/ˈfli/
fleet	/ˈflit/
flesh	/ˈflɛʃ/
flexibility	/ˌflɛksəˈbɪləti/
flexible	/ˈflɛksəbəl/
flight	/ˈflaɪt/
float	/ˈfloʊt/
flood	/ˈfləd/
floor	/ˈflɔr/
flour	/ˈflaʊɝ/, /ˈflaʊr/
flourish	/ˈflɝɪʃ/
flow	/ˈfloʊ/
flower	/ˈflaʊɝ/
flu	/ˈflu/
fluid	/ˈfluəd/, /ˈfluɪd/
fly	/ˈflaɪ/
flying	/ˈflaɪɪŋ/
focus	/ˈfoʊkəs/, /ˈfoʊkɪs/
fold	/ˈfoʊld/
folding	/ˈfoʊldɪŋ/
folk	/ˈfoʊk/
follow	/ˈfɑloʊ/
follow-up	/ˈfɑloʊˌəp/
follower	/ˈfɑloʊɝ/
following	/ˈfɑloʊɪŋ/
fond	/ˈfɑnd/
food	/ˈfud/
fool	/ˈful/
foot	/ˈfʊt/
footage	/ˈfʊtɪdʒ/
football	/ˈfʊtˌbɔl/
footprint	/ˈfʊtˌprɪnt/
for	/ˈfɔr/, /fɝ/
forbid	/fɝˈbɪd/, /fɔˈbɪd/
force	/ˈfɔrs/
forecast	/ˈfɔrˌkæst/
foreign	/ˈfɑrən/, /ˈfɔrən/
forest	/ˈfɔrəst/, /ˈfɔrɪst/
forever	/fɝˈɛvɝ/
forge	/ˈfɔrdʒ/
forget	/fɝˈɡɛt/, /fɔrˈɡɛt/
forgive	/fɝˈɡɪv/, /fɔrˈɡɪv/
fork	/ˈfɔrk/
form	/ˈfɔrm/
formal	/ˈfɔrməl/
format	/ˈfɔrˌmæt/
formation	/fɔrˈmeɪʃən/
former	/ˈfɔrmɝ/
formerly	/ˈfɔrmɝli/
formula	/ˈfɔrmjələ/
formulate	/ˈfɔrmjəˌleɪt/
forth	/ˈfɔrθ/
forthcoming	/ˈfɔrθˈkəmɪŋ/
fortunate	/ˈfɔrtʃənət/, /ˈfɔrtʃunət/
fortunately	/ˈfɔrtʃənətli/, /ˈfɔrtʃunətli/
fortune	/ˈfɔrtʃən/, /ˈfɔrtʃun/
forty	/ˈfɔrti/
forum	/ˈfɔrəm/
forward	/ˈfɔrwɝd/
fossil	/ˈfɑsəl/
foster	/ˈfɑstɝ/
found	/ˈfaʊnd/
foundation	/faʊnˈdeɪʃən/
founder	/ˈfaʊndɝ/
four	/ˈfɔr/
fourteen	/ˈfɔrˈtin/, /ˌfɔrˈtin/
fourth	/ˈfɔrθ/
fraction	/ˈfrækʃən/
fragile	/ˈfrædʒəl/
fragment	/ˈfræɡmənt/
frame	/ˈfreɪm/
framework	/ˈfreɪmˌwɝk/
franchise	/ˈfrænˌtʃaɪz/
frankly	/ˈfræŋkli/
fraud	/ˈfrɔd/
free	/ˈfri/
freedom	/ˈfridəm/
freely	/ˈfrili/
freeze	/ˈfriz/
frequency	/ˈfrikwənsi/
frequent	/ˈfriˌkwɛnt/, /ˈfrikwənt/
frequently	/ˈfrikwəntli/, /ˈfrikwɛntli/
fresh	/ˈfrɛʃ/
fridge	/ˈfrɪdʒ/
friend	/ˈfrɛnd/
friendly	/ˈfrɛndli/, /ˈfrɛnli/
friendship	/ˈfrɛndʃɪp/, /ˈfrɛnʃɪp/
frighten	/ˈfraɪtən/
frightened	/ˈfraɪtənd/
frightening	/ˈfraɪtənɪŋ/, /ˈfraɪtnɪŋ/
frog	/ˈfrɑɡ/
from	/ˈfrəm/
front	/ˈfrənt/
frozen	/ˈfroʊzən/
fruit	/ˈfrut/
frustrated	/ˈfrəsˌtreɪtəd/
frustrating	/ˈfrəsˌtreɪtɪŋ/
frustration	/frəˈstreɪʃən/
fry	/ˈfraɪ/
fuel	/ˈfjuəl/, /ˈfjul/
fulfil	/fʊlˈfɪl/
full	/ˈfʊl/
full-time	/ˈfʊlˌtaɪm/
fully	/ˈfʊli/
fun	/ˈfən/
function	/ˈfəŋkʃən/
functional	/ˈfəŋkʃənəl/
fund	/ˈfənd/
fundamental	/ˌfəndəˈmɛnəl/, /ˌfəndəˈmɛntəl/
funding	/ˈfəndɪŋ/
fundraising	/ˈfənˌdreɪsɪŋ/
funeral	/ˈfjunɝəl/
funny	/ˈfəni/
fur	/ˈfɝ/
furious	/ˈfjʊriəs/
furniture	/ˈfɝnɪtʃɝ/
further	/ˈfɝðɝ/
furthermore	/ˈfɝðɝˌmɔr/
future	/ˈfjutʃɝ/
gain	/ˈɡeɪn/
gallery	/ˈɡælɝi/
gallon	/ˈɡælən/
gambling	/ˈɡæmbəlɪŋ/, /ˈɡæmblɪŋ/
game	/ˈɡeɪm/
gaming	/ˈɡeɪmɪŋ/
gang	/ˈɡæŋ/
gap	/ˈɡæp/
garage	/ɡɝˈɑʒ/
garden	/ˈɡɑrdən/
gas	/ˈɡæs/
gate	/ˈɡeɪt/
gather	/ˈɡæðɝ/
gathering	/ˈɡæðɝɪŋ/
gay	/ˈɡeɪ/
gaze	/ˈɡeɪz/
gear	/ˈɡɪr/
gene	/ˈdʒin/
general	/ˈdʒɛnɝəl/, /ˈdʒɛnrəl/
generally	/ˈdʒɛnɝəli/, /ˈdʒɛnrəli/
generate	/ˈdʒɛnɝˌeɪt/
generation	/ˌdʒɛnɝˈeɪʃən/
generic	/dʒəˈnɛrɪk/
generous	/ˈdʒɛnɝəs/
genetic	/dʒəˈnɛtɪk/
genius	/ˈdʒinjəs/
genocide	/ˈdʒɛnəˌsaɪd/
genre	/ˈʒɑnrə/
gentle	/ˈdʒɛnəl/, /ˈdʒɛntəl/
gentleman	/ˈdʒɛnəlmən/, /ˈdʒɛntəlmən/
genuine	/ˈdʒɛnˈjuˌwaɪn/, /ˈdʒɛnjəwən/
genuinely	/ˈdʒɛnˈjuˌwaɪnli/, /ˈdʒɛnjəwənli/
geography	/dʒiˈɑɡrəfi/
gesture	/ˈdʒɛstʃɝ/
get	/ˈɡɛt/, /ˈɡɪt/
ghost	/ˈɡoʊst/
giant	/ˈdʒaɪənt/
gift	/ˈɡɪft/
gig	/ˈɡɪɡ/
girl	/ˈɡɝl/
girlfriend	/ˈɡɝlˌfrɛnd/
give	/ˈɡɪv/
glad	/ˈɡlæd/
glance	/ˈɡlæns/
glass	/ˈɡlæs/
glimpse	/ˈɡlɪmps/
global	/ˈɡloʊbəl/
globalization	/ˌɡloʊbəlɪˈzeɪʃən/
globe	/ˈɡloʊb/
glorious	/ˈɡlɔriəs/
glory	/ˈɡlɔri/
glove	/ˈɡləv/
go	/ˈɡoʊ/
goal	/ˈɡoʊl/
god	/ˈɡɑd/
gold	/ˈɡoʊld/
golden	/ˈɡoʊldən/
golf	/ˈɡɑlf/, /ˈɡɔlf/
good	/ˈɡʊd/, /ɡɪd/
goodbye	/ˌɡʊdˈbaɪ/
goodness	/ˈɡʊdnəs/, /ˈɡʊdnɪs/
goods	/ˈɡʊdz/
gorgeous	/ˈɡɔrdʒəs/
govern	/ˈɡəvɝn/
governance	/ˈɡəvɝnəns/
government	/ˈɡəvɝmənt/, /ˈɡəvɝnmənt/
governor	/ˈɡəvɝnɝ/
grab	/ˈɡræb/
grace	/ˈɡreɪs/
grade	/ˈɡreɪd/
gradually	/ˈɡrædʒuəli/, /ˈɡrædʒuli/
graduate	/ˈɡrædʒəˌweɪt/, /ˈɡrædʒəwət/
grain	/ˈɡreɪn/
grand	/ˈɡrænd/
grandfather	/ˈɡrænˌfɑðɝ/, /ˈɡrændˌfɑðɝ/
grandmother	/ˈɡrændˌməðɝ/
grandparent	/ˈɡrændˌpɛrənt/
grant	/ˈɡrænt/
graphic	/ˈɡræfɪk/
graphics	/ˈɡræfɪks/
grasp	/ˈɡræsp/
grass	/ˈɡræs/
grateful	/ˈɡreɪtfəl/
grave	/ˈɡreɪv/
gravity	/ˈɡrævəti/, /ˈɡrævɪti/
great	/ˈɡreɪt/
greatly	/ˈɡreɪtli/
green	/ˈɡrin/
greenhouse	/ˈɡrinˌhaʊs/
greet	/ˈɡrit/
grey	/ˈɡreɪ/
grid	/ˈɡrɪd/
grief	/ˈɡrif/
grind	/ˈɡraɪnd/
grip	/ˈɡrɪp/
grocery	/ˈɡroʊsɝi/, /ˈɡroʊsri/
ground	/ˈɡraʊnd/
group	/ˈɡrup/
grow	/ˈɡroʊ/
growth	/ˈɡroʊθ/
guarantee	/ˌɡɛrənˈti/
guard	/ˈɡɑrd/
guess	/ˈɡɛs/
guest	/ˈɡɛst/
guidance	/ˈɡaɪdəns/
guide	/ˈɡaɪd/
guideline	/ˈɡaɪdˌlaɪn/
guilt	/ˈɡɪlt/
guilty	/ˈɡɪlti/
guitar	/ɡɪˈtɑr/
gun	/ˈɡən/
gut	/ˈɡət/
guy	/ˈɡaɪ/
gym	/ˈdʒɪm/
habit	/ˈhæbət/
habitat	/ˈhæbəˌtæt/
hack	/ˈhæk/
hail	/ˈheɪl/
hair	/ˈhɛr/
half	/ˈhæf/
halfway	/ˈhæfˈweɪ/
hall	/ˈhɔl/
halt	/ˈhɔlt/
hammer	/ˈhæmɝ/
hand	/ˈhænd/
handful	/ˈhændˌfʊl/
handle	/ˈhændəl/
handling	/ˈhændəlɪŋ/, /ˈhændlɪŋ/
handy	/ˈhændi/
hang	/ˈhæŋ/
happen	/ˈhæpən/
happily	/ˈhæpəli/
happiness	/ˈhæpinəs/
happy	/ˈhæpi/
harassment	/hɝˈæsmənt/
harbour	/ˈhɑrbɝ/
hard	/ˈhɑrd/
hardly	/ˈhɑrdli/
hardware	/ˈhɑrdˌwɛr/
harm	/ˈhɑrm/
harmful	/ˈhɑrmfəl/
harmony	/ˈhɑrməni/
harsh	/ˈhɑrʃ/
harvest	/ˈhɑrvəst/
hat	/ˈhæt/
hate	/ˈheɪt/
hatred	/ˈheɪtrəd/
haunt	/ˈhɔnt/
have	/ˈhæv/
have to	/ˈhæv ˈtu/
hazard	/ˈhæzɝd/
he	/ˈhi/
head	/ˈhɛd/
headache	/ˈhɛˌdeɪk/
headline	/ˈhɛdˌlaɪn/
headquarters	/ˈhɛdˌkɔrtɝz/, /ˈhɛdˌkwɔrtɝz/
heal	/ˈhil/
health	/ˈhɛlθ/
healthcare	/ˈhɛlθˌkɛr/
healthy	/ˈhɛlθi/
hear	/ˈhir/
hearing	/ˈhirɪŋ/
heart	/ˈhɑrt/
heat	/ˈhit/
heating	/ˈhitɪŋ/
heaven	/ˈhɛvən/
heavily	/ˈhɛvəli/
heavy	/ˈhɛvi/
heel	/ˈhil/
height	/ˈhaɪt/
heighten	/ˈhaɪtən/
helicopter	/ˈhɛlɪˌkɑptɝ/
hell	/ˈhɛl/
hello	/həˈloʊ/, /hɛˈloʊ/
helmet	/ˈhɛlmət/
help	/ˈhɛlp/
helpful	/ˈhɛlpfəl/
hence	/ˈhɛns/
her	/ˈhɝ/, /hɝ/
herb	/ˈɝb/, /ˈhɝb/
here	/ˈhir/
heritage	/ˈhɛrətədʒ/, /ˈhɛrɪtɪdʒ/
hero	/ˈhiroʊ/, /ˈhɪroʊ/
hers	/ˈhɝz/, /hɝz/
herself	/hɝˈsɛlf/
hesitate	/ˈhɛzəˌteɪt/
hey	/ˈheɪ/
hi	/ˈhaɪ/
hidden	/ˈhɪdən/
hide	/ˈhaɪd/
hierarchy	/ˈhaɪˌrɑrki/, /ˈhaɪɝˌɑrki/
high	/ˈhaɪ/
high-profile	/ˌhaɪˈproʊfaɪl/
highlight	/ˈhaɪˌlaɪt/
highly	/ˈhaɪli/
highway	/ˈhaɪˌweɪ/
hilarious	/hɪˈlɛriəs/
hill	/ˈhɪl/
him	/ˈhɪm/, /ɪm/
himself	/hɪmˈsɛlf/
hint	/ˈhɪnt/
hip	/ˈhɪp/
hire	/ˈhaɪɝ/, /ˈhaɪr/
his	/ˈhɪz/, /hɪz/
historian	/hɪˈstɔriən/
historic	/hɪˈstɔrɪk/
historical	/hɪˈstɔrɪkəl/
history	/ˈhɪstɝi/, /ˈhɪstri/
hit	/ˈhɪt/
hobby	/ˈhɑbi/
hockey	/ˈhɑki/
hold	/ˈhoʊld/
hole	/ˈhoʊl/
holiday	/ˈhɑləˌdeɪ/, /ˈhɑlɪˌdeɪ/
hollow	/ˈhɑloʊ/
holy	/ˈhoʊli/
home	/ˈhoʊm/
homeland	/ˈhoʊmˌlænd/
homeless	/ˈhoʊmləs/
homework	/ˈhoʊmˌwɝk/
honest	/ˈɑnəst/
honesty	/ˈɑnəsti/
honour	/ˈɑnɝ/
hook	/ˈhʊk/
hope	/ˈhoʊp/
hopeful	/ˈhoʊpfəl/
hopefully	/ˈhoʊpfəli/
horizon	/hɝˈaɪzən/
horn	/ˈhɔrn/
horrible	/ˈhɔrəbəl/
horror	/ˈhɔrɝ/
horse	/ˈhɔrs/
hospital	/ˈhɑˌspɪtəl/
hospitality	/ˌhɑspəˈtæləti/
host	/ˈhoʊst/
hostage	/ˈhɑstɪdʒ/
hostile	/ˈhɑstəl/, /hɑˈstaɪl/
hot	/ˈhɑt/
hotel	/hoʊˈtɛl/
hour	/ˈaʊɝ/, /ˈaʊr/
house	/ˈhaʊs/
household	/ˈhaʊsˌhoʊld/
housing	/ˈhaʊzɪŋ/
how	/ˈhaʊ/
however	/ˌhaʊˈɛvɝ/
hub	/ˈhəb/
hug	/ˈhəɡ/
huge	/ˈhjudʒ/, /ˈjudʒ/
human	/ˈhjumən/, /ˈjumən/
humanitarian	/ˌhjuˌmænəˈtɛriən/, /ˌjuˌmænəˈtɛriən/
humanity	/hjuˈmænɪti/, /juˈmænɪti/
humble	/ˈhəmbəl/
humorous	/ˈhjumɝəs/
humour	/ˈhjumɝ/
hundred	/ˈhəndɝd/, /ˈhəndrəd/
hunger	/ˈhəŋɡɝ/
hungry	/ˈhəŋɡri/
hunt	/ˈhənt/
hunting	/ˈhəntɪŋ/
hurricane	/ˈhərəˌkeɪnz/, /ˈhɝəˌkeɪn/
hurry	/ˈhɝi/
hurt	/ˈhɝt/
husband	/ˈhəzbənd/
hybrid	/ˈhaɪbrəd/, /ˈhaɪbrɪd/
hydrogen	/ˈhaɪdrədʒən/
hypothesis	/haɪˈpɑθəsəs/
ice	/ˈaɪs/
ice cream	/ˈaɪs ˈkrim/
icon	/ˈaɪkɑn/
idea	/aɪˈdiə/
ideal	/aɪˈdil/
identical	/aɪˈdɛntɪkəl/
identification	/aɪˌdɛntəfəˈkeɪʃən/
identify	/aɪˈdɛntəˌfaɪ/
identity	/aɪˈdɛntɪˌti/
ideology	/ˌaɪdiˈɑlədʒi/
if	/ˈɪf/, /ɪf/
ignorance	/ˈɪɡnɝəns/
ignore	/ˌɪɡˈnɔr/
ill	/ˈɪl/
illegal	/ˌɪˈliɡəl/
illness	/ˈɪlnəs/
illusion	/ˌɪˈluʒən/
illustrate	/ˈɪləˌstreɪt/
illustration	/ˌɪləˈstreɪʃən/
image	/ˈɪmədʒ/, /ˈɪmɪdʒ/
imagery	/ˈɪmədʒri/, /ˈɪmɪdʒri/
imaginary	/ˌɪˈmædʒəˌnɛri/
imagination	/ˌɪˌmædʒəˈneɪʃən/
imagine	/ˌɪˈmædʒən/
immediate	/ˌɪˈmiˌdiət/
immediately	/ˌɪˈmiˌdiətli/
immense	/ˌɪˈmɛns/
immigrant	/ˈɪməɡrənt/
immigration	/ˌɪməˈɡreɪʃən/
imminent	/ˈɪmənənt/
immune	/ˌɪmˈjun/
immunity	/ˌɪmˈjunəti/, /ˌɪmˈjunɪti/
impact	/ˈɪmpækt/, /ˌɪmˈpækt/
impatient	/ˌɪmˈpeɪʃənt/
implement	/ˈɪmpləmənt/
implementation	/ˌɪmpləmɛnˈteɪʃən/
implication	/ˌɪmpləˈkeɪʃən/
imply	/ˌɪmˈplaɪ/
import	/ˈɪmˌpɔrt/, /ˌɪmˈpɔrt/
importance	/ˌɪmˈpɔrtəns/
important	/ˌɪmˈpɔrtənt/
impose	/ˌɪmˈpoʊz/
impossible	/ˌɪmˈpɑsəbəl/
impress	/ˈɪmˌprɛs/, /ˌɪmˈprɛs/
impressed	/ˌɪmˈprɛst/
impression	/ˌɪmˈprɛʃən/
impressive	/ˌɪmˈprɛsɪv/
imprisonment	/ˌɪmˈprɪzənmənt/
improve	/ˌɪmˈpruv/
improvement	/ˌɪmˈpruvmənt/
in	/ˈɪn/, /ɪn/
inability	/ˌɪnəˈbɪlɪti/
inadequate	/ˌɪˈnædəˌkweɪt/, /ˌɪˈnædəkwət/
inappropriate	/ˌɪnəˈproʊpriɪt/
incentive	/ˌɪnˈsɛnɪv/, /ˌɪnˈsɛntɪv/
inch	/ˈɪntʃ/
incidence	/ˈɪnsədəns/, /ˈɪnsɪdəns/
incident	/ˈɪnsədənt/
inclined	/ˌɪnˈklaɪnd/
include	/ˌɪnˈklud/
included	/ˌɪnˈkludəd/, /ˌɪnˈkludɪd/
including	/ˌɪnˈkludɪŋ/
inclusion	/ˌɪnˈkluʒən/
inclusive	/ˌɪnˈklusɪv/
income	/ˈɪnˌkəm/
incorporate	/ˌɪnˈkɔrpɝˌeɪt/
incorrect	/ˌɪnkɝˈɛkt/
increase	/ˈɪnˌkris/, /ˌɪnˈkris/
increasingly	/ɪnˈkrisɪŋɡli/, /ɪnˈkrisɪŋli/
incredible	/ˌɪnˈkrɛdəbəl/
incredibly	/ˌɪnˈkrɛdəbli/
incur	/ˌɪnˈkɝ/
indeed	/ˌɪnˈdid/
independence	/ˌɪndɪˈpɛndəns/
independent	/ˌɪndɪˈpɛndənt/
index	/ˈɪndɛks/
indicate	/ˈɪndəˌkeɪt/
indication	/ˌɪndəˈkeɪʃən/
indicator	/ˈɪndəˌkeɪtɝ/
indictment	/ˌɪnˈdaɪtmənt/
indigenous	/ˌɪnˈdɪdʒənəs/
indirect	/ˌɪndɝˈɛkt/
individual	/ˌɪndəˈvɪdʒəwəl/
indoor	/ˈɪnˌdɔr/
indoors	/ˈɪnˌdɔrz/
induce	/ˌɪnˈdus/
indulge	/ˌɪnˈdəldʒ/
industrial	/ˌɪnˈdəstriəl/
industry	/ˈɪndəstri/
inequality	/ˈɪniˈkwɑləti/, /ˌɪnəˈkwɑləti/
inevitable	/ˌɪˈnɛvətəbəl/
infamous	/ˈɪnfəməs/
infant	/ˈɪnfənt/
infect	/ˌɪnˈfɛkt/
infection	/ˌɪnˈfɛkʃən/
infectious	/ˌɪnˈfɛkʃəs/
infer	/ˌɪnˈfɝ/
inflation	/ˌɪnˈfleɪʃən/
inflict	/ˌɪnˈflɪkt/
influence	/ˈɪnfluəns/
influential	/ˌɪnfluˈɛnʃəl/
info	/ˈɪnfoʊ/
inform	/ˌɪnˈfɔrm/
informal	/ˌɪnˈfɔrməl/
information	/ˌɪnfɝˈmeɪʃən/, /ɪnˈfɔrˈmeɪʃən/
infrastructure	/ˌɪnfrəˈstrəktʃɝ/
ingredient	/ˌɪnˈɡridiənt/
inhabitant	/ɪnˈhæbətənt/, /ɪnˈhæbɪtənt/
inherent	/ɪnˈhɛrənt/, /ɪnˈhɪrənt/
inherit	/ˌɪnˈhɛrət/
inhibit	/ˌɪnˈhɪbət/
initial	/ˌɪˈnɪʃəl/
initially	/ˌɪˈnɪʃəli/
initiate	/ˌɪˈnɪʃiˌeɪt/
initiative	/ˌɪˈnɪʃətɪv/, /ˌɪˈnɪʃjətɪv/
inject	/ˌɪnˈdʒɛkt/
injection	/ˌɪnˈdʒɛkʃən/
injure	/ˈɪndʒɝ/
injured	/ˈɪndʒɝd/
injury	/ˈɪndʒɝi/
injustice	/ˌɪnˈdʒəstɪs/
ink	/ˈɪŋk/
inmate	/ˈɪnˌmeɪt/
inner	/ˈɪnɝ/
innocent	/ˈɪnəsənt/
innovation	/ˌɪnəˈveɪʃən/, /ˌɪnoʊˈveɪʃən/
innovative	/ˈɪnəˌveɪtɪv/, /ˈɪnoʊˌveɪtɪv/
input	/ˈɪnˌpʊt/
insect	/ˈɪnˌsɛkt/
insert	/ˈɪnˌsɝt/, /ˌɪnˈsɝt/
inside	/ˈɪnˌsaɪd/, /ˌɪnˈsaɪd/
insider	/ˌɪnˈsaɪdɝ/
insight	/ˈɪnˌsaɪt/
insist	/ˌɪnˈsɪst/
inspect	/ˌɪnˈspɛkt/
inspection	/ˌɪnˈspɛkʃən/
inspector	/ˌɪnˈspɛktɝ/
inspiration	/ˌɪnspɝˈeɪʃən/
inspire	/ˌɪnˈspaɪr/
install	/ˌɪnˈstɔl/
installation	/ˌɪnstəˈleɪʃən/
instance	/ˈɪnstəns/
instant	/ˈɪnstənt/
instantly	/ˈɪnstəntli/
instead	/ˌɪnˈstɛd/
instinct	/ˈɪnstɪŋkt/
institute	/ˈɪnstəˌtut/
institution	/ˌɪnstɪˈtuʃən/
institutional	/ˌɪnstɪˈtuʃənəl/
instruct	/ˌɪnˈstrəkt/
instruction	/ˌɪnˈstrəkʃən/
instructor	/ˌɪnˈstrəktɝ/
instrument	/ˈɪnstrəmənt/
instrumental	/ˌɪnstrəˈmɛnəl/, /ˌɪnstrəˈmɛntəl/
insufficient	/ˌɪnsəˈfɪʃənt/
insult	/ˈɪnˌsəlt/, /ˌɪnˈsəlt/
insurance	/ˌɪnˈʃʊrəns/
intact	/ˌɪnˈtækt/
intake	/ˈɪnˌteɪk/
integral	/ˈɪnəɡrəl/, /ˈɪntəɡrəl/
integrate	/ˈɪnəˌɡreɪt/, /ˈɪntəˌɡreɪt/
integrated	/ˈɪnəˌɡreɪtəd/, /ˈɪnəˌɡreɪtɪd/
integration	/ˌɪnəˈɡreɪʃən/, /ˌɪntəˈɡreɪʃən/
integrity	/ˌɪnˈtɛɡrəti/, /ɪnˈtɛɡrɪti/
intellectual	/ˌɪnəˈlɛktʃuəl/, /ˌɪntəˈlɛktʃuəl/
intelligence	/ˌɪnˈtɛlədʒəns/
intelligent	/ˌɪnˈtɛlədʒənt/
intend	/ˌɪnˈtɛnd/
intended	/ˌɪnˈtɛndɪd/, /ɪnˈtɛndɪd/
intense	/ˌɪnˈtɛns/
intensify	/ɪnˈtɛnsəˌfaɪ/
intensity	/ɪnˈtɛnsəti/, /ɪnˈtɛnsɪti/
intensive	/ˌɪnˈtɛnsɪv/
intent	/ˌɪnˈtɛnt/
intention	/ˌɪnˈtɛntʃən/
interact	/ˌɪnɝˈækt/, /ˌɪntɝˈækt/
interaction	/ˌɪnɝˈækʃən/, /ˌɪntɝˈækʃən/
interactive	/ˌɪnɝˈæktɪv/, /ˌɪntɝˈæktɪv/
interest	/ˈɪntɝəst/, /ˈɪntɝɪst/
interested	/ˈɪntɝəstəd/, /ˈɪntɝɪstɪd/
interesting	/ˈɪntɝəstɪŋ/, /ˈɪntɝɪstɪŋ/
interface	/ˈɪnɝˌfeɪs/, /ˈɪntɝˌfeɪs/
interfere	/ˌɪnɝˈfɪr/, /ˌɪntɝˈfɪr/
interference	/ˌɪnɝˈfɪrəns/, /ˌɪntɝˈfɪrəns/
interim	/ˈɪnɝəm/, /ˈɪntɝəm/
interior	/ˌɪnˈtɪriɝ/
internal	/ˌɪnˈtɝnəl/
international	/ˌɪnɝˈnæʃənəl/, /ˌɪntɝˈnæʃənəl/
internet	/ˈɪntɝˌnɛt/
interpret	/ˌɪnˈtɝprət/
interpretation	/ˌɪnˌtɝprɪˈteɪʃən/
interrupt	/ˌɪntɝˈəpt/
interval	/ˈɪntɝvəl/
intervene	/ˌɪntɝˈvin/
intervention	/ˌɪntɝˈvɛnʃən/
interview	/ˈɪntɝvˌju/
intimate	/ˈɪnəmət/, /ˈɪntəˌmeɪt/
into	/ˈɪntu/, /ɪnˈtu/
intriguing	/ˌɪnˈtriɡɪŋ/
introduce	/ˌɪntrəˈdus/, /ˌɪntroʊˈdus/
introduction	/ˌɪntrəˈdəkʃən/, /ˌɪntroʊˈdəkʃən/
invade	/ˌɪnˈveɪd/
invasion	/ˌɪnˈveɪʒən/
invent	/ˌɪnˈvɛnt/
invention	/ˌɪnˈvɛnʃən/
invest	/ˌɪnˈvɛst/
investigate	/ˌɪnˈvɛstəˌɡeɪt/
investigation	/ˌɪnˌvɛstəˈɡeɪʃən/
investigator	/ˌɪnˈvɛstəˌɡeɪtɝ/
investment	/ˌɪnˈvɛsmənt/, /ˌɪnˈvɛstmənt/
investor	/ˌɪnˈvɛstɝ/
invisible	/ˌɪnˈvɪzəbəl/
invitation	/ˌɪnvɪˈteɪʃən/
invite	/ˌɪnˈvaɪt/
invoke	/ˌɪnˈvoʊk/
involve	/ˌɪnˈvɑlv/
involved	/ˌɪnˈvɑlvd/
involvement	/ˌɪnˈvɑlvmənt/
iron	/ˈaɪɝn/
ironically	/aɪˈrɑnɪkli/
irony	/ˈaɪrəni/
irrelevant	/ˌɪˈrɛləvənt/
island	/ˈaɪlənd/
isolate	/ˈaɪsəˌleɪt/
isolated	/ˈaɪsəˌleɪtəd/, /ˈaɪsəˌleɪtɪd/
isolation	/ˌaɪsəˈleɪʃən/
issue	/ˈɪʃu/
it	/ˈɪt/, /ɪt/
item	/ˈaɪtəm/
its	/ˈɪts/, /ɪts/
itself	/ˌɪtˈsɛlf/
jacket	/ˈdʒækət/, /ˈdʒækɪt/
jail	/ˈdʒeɪl/
jam	/ˈdʒæm/
jazz	/ˈdʒæz/
jeans	/ˈdʒinz/
jet	/ˈdʒɛt/
jewellery	/ˈdʒuəlri/, /ˈdʒulɝi/
job	/ˈdʒɑb/, /ˈdʒoʊb/
join	/ˈdʒɔɪn/
joint	/ˈdʒɔɪnt/
joke	/ˈdʒoʊk/
journal	/ˈdʒɝnəl/
journalism	/ˈdʒɝnəˌlɪzəm/
journalist	/ˈdʒɝnələst/, /ˈdʒɝnəlɪst/
journey	/ˈdʒɝni/
joy	/ˈdʒɔɪ/
judge	/ˈdʒədʒ/
judgement	/ˈdʒədʒmənt/
judicial	/dʒuˈdɪʃəl/
juice	/ˈdʒus/
jump	/ˈdʒəmp/
junction	/ˈdʒəŋkʃən/
junior	/ˈdʒunjɝ/
jurisdiction	/ˌdʒʊrəsˈdɪkʃən/, /ˌdʒʊrɪsˈdɪkʃən/
jury	/ˈdʒʊri/
just	/ˈdʒəst/, /dʒɪst/
justice	/ˈdʒəstəs/, /ˈdʒəstɪs/
justification	/ˌdʒəstəfəˈkeɪʃən/
justify	/ˈdʒəstəˌfaɪ/
keen	/ˈkin/
keep	/ˈkip/
key	/ˈki/
keyboard	/ˈkiˌbɔrd/
kick	/ˈkɪk/
kid	/ˈkɪd/
kidnap	/ˈkɪdˌnæp/
kidney	/ˈkɪdni/
kill	/ˈkɪl/
killing	/ˈkɪlɪŋ/
kilometre	/ˌkɪˈlɔˌmətɝ/, /ˌkɪləˈmitɝ/
kind	/ˈkaɪnd/
king	/ˈkɪŋ/
kingdom	/ˈkɪŋdəm/
kiss	/ˈkɪs/
kit	/ˈkɪt/
kitchen	/ˈkɪtʃən/
knee	/ˈni/
knife	/ˈnaɪf/
knock	/ˈnɑk/
know	/ˈnoʊ/
knowledge	/ˈnɑlədʒ/, /ˈnɑlɪdʒ/
lab	/ˈlæb/
label	/ˈleɪbəl/
laboratory	/ˈlæbrəˌtɔri/
labour	/ˈleɪbɝ/
lack	/ˈlæk/
lad	/ˈlæd/
ladder	/ˈlædɝ/
lady	/ˈleɪdi/
lake	/ˈleɪk/
lamp	/ˈlæmp/
land	/ˈlænd/
landing	/ˈlændɪŋ/
landlord	/ˈlændˌlɔrd/
landmark	/ˈlændˌmɑrk/
landscape	/ˈlænˌskeɪp/, /ˈlændˌskeɪp/
lane	/ˈleɪn/
language	/ˈlæŋɡwədʒ/, /ˈlæŋɡwɪdʒ/
lap	/ˈlæp/
laptop	/ˈlæpˌtɑp/
large	/ˈlɑrdʒ/
large-scale	/ˈlɑrdʒˌskeɪl/
largely	/ˈlɑrdʒli/
laser	/ˈleɪzɝ/
last	/ˈlæs/, /ˈlæst/
late	/ˈleɪt/
lately	/ˈleɪtli/
later	/ˈleɪtɝ/
latest	/ˈleɪtəst/
latter	/ˈlætɝ/
laugh	/ˈlæf/
laughter	/ˈlæftɝ/
launch	/ˈlɔntʃ/
law	/ˈlɑ/, /ˈlɔ/
lawn	/ˈlɔn/
lawsuit	/ˈlɔˌsut/
lawyer	/ˈlɔɪɝ/, /ˈlɔjɝ/
lay	/ˈleɪ/
layer	/ˈleɪɝ/
layout	/ˈleɪˌaʊt/
lazy	/ˈleɪzi/
lead	/ˈlɛd/, /ˈlid/
leader	/ˈlidɝ/
leadership	/ˈlidɝˌʃɪp/
leading	/ˈlidɪŋ/
leaf	/ˈlif/
league	/ˈliɡ/
leak	/ˈlik/
lean	/ˈlin/
leap	/ˈlip/
learn	/ˈlɝn/
learning	/ˈlɝnɪŋ/
least	/ˈlist/
leather	/ˈlɛðɝ/
leave	/ˈliv/
lecture	/ˈlɛktʃɝ/
left	/ˈlɛft/
leg	/ˈlɛɡ/
legacy	/ˈlɛɡəsi/
legal	/ˈliɡəl/
legend	/ˈlɛdʒənd/
legendary	/ˈlɛdʒənˌdɛri/
legislation	/ˌlɛdʒəˈsleɪʃən/
legislative	/ˈlɛdʒəˌsleɪtɪv/
legislature	/ˈlɛdʒəˌsleɪtʃɝ/
legitimate	/ləˈdʒɪtəmət/
leisure	/ˈlɛʒɝ/, /ˈliʒɝ/
lemon	/ˈlɛmən/
lend	/ˈlɛnd/
length	/ˈlɛŋkθ/, /ˈlɛŋθ/
lengthy	/ˈlɛŋθi/
lens	/ˈlɛnz/
lesbian	/ˈlɛzbiən/
less	/ˈlɛs/
lesser	/ˈlɛsɝ/
lesson	/ˈlɛsən/
let	/ˈlɛt/
lethal	/ˈliθəl/
letter	/ˈlɛtɝ/
level	/ˈlɛvəl/
levy	/ˈlɛvi/, /ˈlivi/
liable	/ˈlaɪəbəl/
liberal	/ˈlɪˌbɝəl/
liberty	/ˈlɪbɝˌti/
library	/ˈlaɪbrɛˌri/
licence	/ˈlaɪsəns/
license	/ˈlaɪsəns/
lie	/ˈlaɪ/
life	/ˈlaɪf/
lifelong	/ˈlaɪˈflɔŋ/
lifestyle	/ˈlaɪfˌstaɪl/
lifetime	/ˈlaɪfˌtaɪm/
lift	/ˈlɪft/
light	/ˈlaɪt/
lighting	/ˈlaɪtɪŋ/
like	/ˈlaɪk/
likelihood	/ˈlaɪkliˌhʊd/
likely	/ˈlaɪkli/
likewise	/ˈlaɪˌkwaɪz/
limb	/ˈlɪm/
limit	/ˈlɪmət/
limitation	/ˌlɪmɪˈteɪʃən/
limited	/ˈlɪmətəd/, /ˈlɪmɪtɪd/
line	/ˈlaɪn/
line-up	/ˈlaɪˌnəp/
linear	/ˈlɪniɝ/
linger	/ˈlɪŋɝ/, /ˈlɪŋɡɝ/
link	/ˈlɪŋk/
lion	/ˈlaɪən/
lip	/ˈlɪp/
liquid	/ˈlɪkwəd/, /ˈlɪkwɪd/
list	/ˈlɪst/
listen	/ˈlɪsən/
listener	/ˈlɪsənɝ/, /ˈlɪsnɝ/
listing	/ˈlɪstɪŋ/
literacy	/ˈlɪtɝəsi/
literally	/ˈlɪtɝəli/, /ˈlɪtrəli/
literary	/ˈlɪtɝˌɛri/
literature	/ˈlɪtɝətʃɝ/
litre	/ˈlitɝ/
litter	/ˈlɪtɝ/
little	/ˈlɪtəl/
live	/ˈlaɪv/, /ˈlɪv/
lively	/ˈlaɪvli/
liver	/ˈlɪvɝ/
living	/ˈlɪvɪŋ/
load	/ˈloʊd/
loan	/ˈloʊn/
lobby	/ˈlɑbi/
local	/ˈloʊkəl/
locate	/ˈloʊˌkeɪt/
located	/ˈloʊˌkeɪd/, /ˈloʊˌkeɪtəd/
location	/loʊˈkeɪʃən/
lock	/ˈlɑk/
logic	/ˈlɑdʒɪk/
logical	/ˈlɑdʒɪkəl/
logo	/ˈloʊɡoʊ/
lonely	/ˈloʊnli/
long	/ˈlɔŋ/
long-standing	/ˈlɔŋ ˈstændɪŋ/
long-term	/ˈlɔŋˈtɝm/
long-time	/ˈlɔŋ ˈtaɪm/
look	/ˈlʊk/
loom	/ˈlum/
loop	/ˈlup/
loose	/ˈlus/
lord	/ˈlɔrd/
lorry	/ˈlɔri/
lose	/ˈluz/
loss	/ˈlɔs/
lost	/ˈlɔst/
lot	/ˈlɑt/, /ˈlɔt/
lottery	/ˈlɑtɝi/
loud	/ˈlaʊd/
loudly	/ˈlaʊdli/
love	/ˈləv/
lovely	/ˈləvli/
low	/ˈloʊ/
lower	/ˈloʊɝ/
loyal	/ˈlɔɪəl/
loyalty	/ˈlɔɪəlti/
luck	/ˈlək/
lucky	/ˈləki/
lunch	/ˈləntʃ/
lung	/ˈləŋ/
luxury	/ˈləɡʒɝi/
lyric	/ˈlɪrɪk/
machine	/məˈʃin/
machinery	/məˈʃinɝi/, /məˈʃinri/
mad	/ˈmæd/
magazine	/ˈmæɡəˌzin/
magic	/ˈmædʒɪk/
magical	/ˈmædʒɪkəl/
magistrate	/ˈmædʒəˌstreɪt/, /ˈmædʒɪˌstreɪt/
magnetic	/mæɡˈnɛtɪk/
magnificent	/mæɡˈnɪfəsənt/, /mæɡˈnɪfɪsənt/
magnitude	/ˈmæɡnəˌtud/
mail	/ˈmeɪl/
main	/ˈmeɪn/
mainland	/ˈmeɪnˌlænd/, /ˈmeɪnlənd/
mainly	/ˈmeɪnli/
mainstream	/ˈmeɪnˌstrim/
maintain	/meɪnˈteɪn/
maintenance	/ˈmeɪntənəns/, /ˈmeɪntnəns/
major	/ˈmeɪdʒɝ/
majority	/məˈdʒɔrəti/
make	/ˈmeɪk/
make-up	/ˈmeɪˌkəp/
making	/ˈmeɪkɪŋ/
male	/ˈmeɪl/
mall	/ˈmɔl/
man	/ˈmæn/
manage	/ˈmænədʒ/, /ˈmænɪdʒ/
management	/ˈmænədʒmənt/, /ˈmænɪdʒmənt/
manager	/ˈmænədʒɝ/, /ˈmænɪdʒɝ/
mandate	/ˈmænˌdeɪt/
mandatory	/ˈmændəˌtɔri/
manifest	/ˈmænəˌfɛst/
manipulate	/məˈnɪpjəˌleɪt/
manipulation	/məˌnɪpjəˈleɪʃən/
manner	/ˈmænɝ/
manufacture	/ˌmænjəˈfæktʃɝ/
manufacturing	/ˌmænjəˈfæktʃɝɪŋ/
many	/ˈmɛni/
map	/ˈmæp/
marathon	/ˈmɛrəˌθɑn/
march	/ˈmɑrtʃ/
margin	/ˈmɑrdʒən/
marginal	/ˈmɑrdʒənəl/
marine	/mɝˈin/
mark	/ˈmɑrk/
marker	/ˈmɑrkɝ/
market	/ˈmɑrkət/, /ˈmɑrkɪt/
marketing	/ˈmɑrkətɪŋ/
marketplace	/ˈmɑrkətˌpleɪs/, /ˈmɑrkɪtˌpleɪs/
marriage	/ˈmɛrɪdʒ/
married	/ˈmɛrid/
marry	/ˈmɛri/
mask	/ˈmæsk/
mass	/ˈmæs/
massacre	/ˈmæsəkɝ/
massive	/ˈmæsɪv/
master	/ˈmæstɝ/
match	/ˈmætʃ/
matching	/ˈmætʃɪŋ/
mate	/ˈmeɪt/
material	/məˈtɪriəl/
mathematical	/ˌmæθəˈmætɪkəl/
mathematics	/ˌmæθəˈmætɪks/
maths	/ˈmæθ/
matter	/ˈmætɝ/
mature	/məˈtʃʊr/, /mətˈjʊr/
maximize	/ˈmæksəˌmaɪz/
maximum	/ˈmæksəməm/
may	/ˈmeɪ/
maybe	/ˈmeɪbi/
mayor	/ˈmeɪɝ/
me	/ˈmi/
meal	/ˈmil/
mean	/ˈmin/
meaning	/ˈminɪŋ/
meaningful	/ˈminɪŋfəl/
means	/ˈminz/
meantime	/ˈminˌtaɪm/
meanwhile	/ˈminˌwaɪl/
measure	/ˈmɛʒɝ/
measurement	/ˈmɛʒɝmənt/
meat	/ˈmit/
mechanic	/məˈkænɪk/, /mɪˈkænɪk/
mechanical	/məˈkænɪkəl/
mechanism	/ˈmɛkəˌnɪzəm/
medal	/ˈmɛdəl/
media	/ˈmidiə/
medical	/ˈmɛdəkəl/, /ˈmɛdɪkəl/
medication	/ˌmɛdəˈkeɪʃən/
medicine	/ˈmɛdəsən/
medieval	/miˈdivəl/, /mɪˈdivəl/
meditation	/ˌmɛdəˈteɪʃən/
medium	/ˈmidiəm/
meet	/ˈmit/
meeting	/ˈmitɪŋ/
melody	/ˈmɛlədi/
melt	/ˈmɛlt/
member	/ˈmɛmbɝ/
membership	/ˈmɛmbɝˌʃɪp/
memo	/ˈmɛˌmoʊ/
memoir	/ˈmɛmˌwɑr/
memorable	/ˈmɛmɝəbəl/
memorial	/məˈmɔriəl/
memory	/ˈmɛmɝi/
mental	/ˈmɛntəl/
mention	/ˈmɛnʃən/
mentor	/ˈmɛnˌtɔr/, /ˈmɛntɝ/
menu	/ˈmɛnju/
merchant	/ˈmɝtʃənt/
mercy	/ˈmɝsi/
mere	/ˈmɪr/
merely	/ˈmɪrli/
merge	/ˈmɝdʒ/
merger	/ˈmɝdʒɝ/
merit	/ˈmɛrət/
mess	/ˈmɛs/
message	/ˈmɛsədʒ/, /ˈmɛsɪdʒ/
metal	/ˈmɛtəl/
metaphor	/ˈmɛtəfɔr/
method	/ˈmɛθəd/
methodology	/ˌmɛθəˈdɑlədʒi/
metre	/ˈmitɝ/
middle	/ˈmɪdəl/
midnight	/ˈmɪdˌnaɪt/
midst	/ˈmɪdst/, /ˈmɪst/
might	/ˈmaɪt/
migrant	/ˈmaɪɡrənt/
migration	/maɪˈɡreɪʃən/
mild	/ˈmaɪld/
mile	/ˈmaɪl/
milestone	/ˈmaɪlˌstoʊn/
militant	/ˈmɪlətənt/
military	/ˈmɪləˌtɛri/, /ˈmɪlɪˌtɛri/
militia	/məˈlɪʃə/, /mɪˈlɪʃə/
milk	/ˈmɪlk/
mill	/ˈmɪl/
million	/ˈmɪljən/
mind	/ˈmaɪnd/
mindset	/ˈmaɪndˌsɛt/
mine	/ˈmaɪn/
miner	/ˈmaɪnɝ/
mineral	/ˈmɪnɝəl/, /ˈmɪnrəl/
minimal	/ˈmɪnəməl/
minimize	/ˈmɪnəˌmaɪz/
minimum	/ˈmɪnəməm/
mining	/ˈmaɪnɪŋ/
minister	/ˈmɪnəstɝ/, /ˈmɪnɪstɝ/
ministry	/ˈmɪnəstri/, /ˈmɪnɪstri/
minor	/ˈmaɪnɝ/
minority	/maɪˈnɔrəti/, /məˈnɔrəti/
minute	/ˈmɪnət/, /maɪˈnut/
miracle	/ˈmɪrəkəl/
mirror	/ˈmɪrɝ/
miserable	/ˈmɪzɝəbəl/, /ˈmɪzrəbəl/
misery	/ˈmɪzɝi/
misleading	/mɪˈslidɪŋ/
miss	/ˈmɪs/
missile	/ˈmɪsəl/
missing	/ˈmɪsɪŋ/
mission	/ˈmɪʃən/
mistake	/mɪˈsteɪk/
mitigate	/ˈmɪtəˌɡeɪt/
mix	/ˈmɪks/
mixed	/ˈmɪkst/
mixture	/ˈmɪkstʃɝ/
mob	/ˈmɑb/
mobile	/ˈmoʊbəl/
mobility	/moʊˈbɪləti/, /moʊˈbɪlɪti/
mobilize	/ˈmoʊbəˌlaɪz/
mode	/ˈmoʊd/
model	/ˈmɑdəl/
moderate	/ˈmɑdɝˌeɪt/, /ˈmɑdɝət/
modern	/ˈmɑdɝn/
modest	/ˈmɑdəst/
modification	/ˌmɑdəfəˈkeɪʃən/
modify	/ˈmɑdəˌfaɪ/
moment	/ˈmoʊmənt/
momentum	/moʊˈmɛntəm/
money	/ˈməni/
monitor	/ˈmɑnətɝ/
monkey	/ˈməŋki/
monopoly	/məˈnɑpəli/
monster	/ˈmɑnstɝ/
month	/ˈmənθ/
monthly	/ˈmənθli/
monument	/ˈmɑnjəmənt/, /ˈmɑnjumənt/
mood	/ˈmud/
moon	/ˈmun/
moral	/ˈmɔrəl/
more	/ˈmɔr/
moreover	/mɔˈroʊvɝ/
morning	/ˈmɔrnɪŋ/
mortgage	/ˈmɔrɡədʒ/, /ˈmɔrɡɪdʒ/
mosque	/ˈmɑsk/, /ˈmɔsk/
most	/ˈmoʊs/, /ˈmoʊst/
mostly	/ˈmoʊsli/, /ˈmoʊstli/
mother	/ˈməðɝ/
motion	/ˈmoʊʃən/
motivate	/ˈmoʊtəˌveɪt/
motivation	/ˌmoʊtəˈveɪʃən/
motive	/ˈmoʊtɪv/
motor	/ˈmoʊtɝ/
motorcycle	/ˈmoʊtɝˌsaɪkəl/
motorist	/ˈmoʊtɝɪst/
mount	/ˈmaʊnt/
mountain	/ˈmaʊntən/
mouse	/ˈmaʊs/
mouth	/ˈmaʊθ/
move	/ˈmuv/
movement	/ˈmuvmənt/
movie	/ˈmuvi/
moving	/ˈmuvɪŋ/
much	/ˈmətʃ/
mud	/ˈməd/
multiple	/ˈməltəpəl/
multiply	/ˈməltəˌplaɪ/
mum	/ˈməm/
municipal	/mjuˈnɪsəpəl/
murder	/ˈmɝdɝ/
muscle	/ˈməsəl/
museum	/ˈmjuziəm/, /mjuˈziəm/
music	/ˈmjuzɪk/
musical	/ˈmjuzɪkəl/
musician	/mjuˈzɪʃən/
must	/ˈməst/
mutual	/ˈmjutʃuəl/
my	/ˈmaɪ/
myself	/ˌmaɪˈsɛlf/
mysterious	/mɪˈstɪriəs/
mystery	/ˈmɪstɝi/
myth	/ˈmɪθ/
nail	/ˈneɪl/
naked	/ˈneɪkəd/
name	/ˈneɪm/
namely	/ˈneɪmli/
narrative	/ˈnærətɪv/, /ˈnɛrətɪv/
narrow	/ˈnæroʊ/, /ˈnɛroʊ/
nasty	/ˈnæsti/
nation	/ˈneɪʃən/
national	/ˈnæʃənəl/, /ˈnæʃnəl/
nationwide	/ˈneɪʃənˈwaɪd/
native	/ˈneɪtɪv/
natural	/ˈnætʃɝəl/, /ˈnætʃrəl/
naturally	/ˈnætʃɝəli/, /ˈnætʃrəli/
nature	/ˈneɪtʃɝ/
navigate	/ˈnævəˌɡeɪt/
navigation	/ˈnævəˈɡeɪʃən/, /ˌnævəˈɡeɪʃən/
near	/ˈnɪr/
nearby	/ˈnɪrˈbaɪ/
nearly	/ˈnɪrli/
neat	/ˈnit/
necessarily	/ˌnɛsəˈsɛrəli/
necessary	/ˈnɛsəˌsɛri/
necessity	/nəˈsɛsəti/, /nəˈsɛsɪti/
neck	/ˈnɛk/
need	/ˈnid/
needle	/ˈnidəl/
negative	/ˈnɛɡətɪv/
neglect	/nəˈɡlɛkt/, /nɪˈɡlɛkt/
negotiate	/nəˈɡoʊʃiˌeɪt/, /nɪˈɡoʊʃiˌeɪt/
negotiation	/nɪˌɡoʊʃiˈeɪʃən/
neighbour	/ˈneɪbɝ/
neighbourhood	/ˈneɪbɝˌhʊd/
neighbouring	/ˈneɪbɝɪŋ/
neither	/ˈnaɪðɝ/, /ˈniðɝ/
nerve	/ˈnɝv/
nervous	/ˈnɝvəs/
nest	/ˈnɛst/
net	/ˈnɛt/
network	/ˈnɛtˌwɝk/
neutral	/ˈnutrəl/
never	/ˈnɛvɝ/
nevertheless	/ˌnɛvɝðəˈlɛs/
new	/ˈnju/, /ˈnu/
newly	/ˈnuli/
news	/ˈnjuz/, /ˈnuz/
newsletter	/ˈnuzˌlɛtɝ/
newspaper	/ˈnuzˌpeɪpɝ/
next	/ˈnɛks/, /ˈnɛkst/
next to	/ˈnɛks ˈtu/
nice	/ˈnaɪs/, /ˈnis/
niche	/ˈnɪtʃ/
night	/ˈnaɪt/
nightmare	/ˈnaɪtˌmɛr/
nine	/ˈnaɪn/
nineteen	/ˈnaɪnˈtin/
ninety	/ˈnaɪnti/
no	/ˈnoʊ/
no one	/ˈnoʊ ˈwən/
nobody	/ˈnoʊˌbɑˌdi/, /ˈnoʊbədi/
nod	/ˈnɑd/
noise	/ˈnɔɪz/
noisy	/ˈnɔɪzi/
nominate	/ˈnɑməˌneɪt/, /ˈnɑmənət/
nomination	/ˌnɑməˈneɪʃən/
nominee	/ˌnɑməˈni/
non-profit	/ˌnɑnˈprɔfɪt/, /nɑnˈprɔfət/
none	/ˈnən/
nonetheless	/ˌnənðəˈlɛs/
nonsense	/ˈnɑnsɛns/
noon	/ˈnun/
nor	/ˈnɔr/
norm	/ˈnɔrm/
normal	/ˈnɔrməl/
normally	/ˈnɔrməli/, /ˈnɔrmli/
north	/ˈnɔrθ/
northern	/ˈnɔrðɝn/
nose	/ˈnoʊz/
not	/ˈnɑt/
notable	/ˈnoʊtəbəl/
notably	/ˈnoʊtəbli/
note	/ˈnoʊt/
notebook	/ˈnoʊtˌbʊk/
nothing	/ˈnəθɪŋ/
notice	/ˈnoʊtəs/, /ˈnoʊtɪs/
notification	/ˌnoʊtəfəˈkeɪʃən/
notify	/ˈnoʊtəˌfaɪ/
notion	/ˈnoʊʃən/
notorious	/noʊˈtɔriəs/
novel	/ˈnɑvəl/
novelist	/ˈnɑvələst/
now	/ˈnaʊ/
nowadays	/ˈnaʊəˌdeɪz/
nowhere	/ˈnoʊˌwɛr/, /ˈnoʊhˌwɛr/
nuclear	/ˈnukliɝ/
number	/ˈnəmbɝ/
numerous	/ˈnumɝəs/
nurse	/ˈnɝs/
nursery	/ˈnɝsɝi/
nursing	/ˈnɝsɪŋ/
nut	/ˈnət/
nutrition	/nuˈtrɪʃən/
obesity	/əˈbisəti/, /oʊˈbisəti/
obey	/oʊˈbeɪ/
object	/ˈɑbdʒɛkt/, /əbˈdʒɛkt/
objection	/əbˈdʒɛkʃən/
objective	/əbˈdʒɛktɪv/
obligation	/ˌɑbləˈɡeɪʃən/
oblige	/əˈblaɪdʒ/
observation	/ˌɑbzɝˈveɪʃən/
observe	/əbˈzɝv/
observer	/əbˈzɝvɝ/
obsess	/əbˈsɛs/
obsession	/əbˈsɛʃən/
obstacle	/ˈɑbstəkəl/
obtain	/əbˈteɪn/
obvious	/ˈɑbviəs/
obviously	/ˈɑbviəsli/
occasion	/əˈkeɪʒən/
occasional	/əˈkeɪʒənəl/
occasionally	/əˈkeɪʒənəli/, /əˈkeɪʒənli/
occupation	/ˌɑkjəˈpeɪʃən/
occupy	/ˈɑkjəˌpaɪ/
occur	/əˈkɝ/
occurrence	/əˈkɝəns/
ocean	/ˈoʊʃən/
odd	/ˈɑd/
odds	/ˈɑdz/
of	/ˈəv/
off	/ˈɔf/
offence	/əˈfɛns/
offend	/əˈfɛnd/
offender	/əˈfɛndɝ/
offensive	/əˈfɛnsɪv/
offer	/ˈɔfɝ/
offering	/ˈɔfɝɪŋ/, /ˈɔfrɪŋ/
office	/ˈɔfɪs/
officer	/ˈɔfəsɝ/, /ˈɔfɪsɝ/
official	/əˈfɪʃəl/
offset	/ˈɔfˌsɛt/, /ɔfˈsɛt/
offshore	/ˈɔfˈʃɔr/
often	/ˈɔfən/, /ˈɔftən/
oh	/ˈoʊ/
oil	/ˈɔɪl/
old	/ˈoʊld/
old-fashioned	/ˌoʊldˈfæʃənd/
on	/ˈɑn/, /ˈɔn/
once	/ˈwəns/
one	/ˈwən/
ongoing	/ˈɑnˌɡoʊɪŋ/, /ˈɔnˌɡoʊɪŋ/
onion	/ˈənjən/
online	/ˈɔnˌlaɪn/
only	/ˈoʊnli/
onto	/ˈɑntu/, /ˈɔntu/
open	/ˈoʊpən/
opening	/ˈoʊpənɪŋ/
openly	/ˈoʊpənli/
opera	/ˈɑprə/
operate	/ˈɑpɝˌeɪt/, /ˈɔpɝˌeɪt/
operation	/ˌɑpɝˈeɪʃən/
operational	/ˌɑpɝˈeɪʃənəl/
operator	/ˈɑpɝˌeɪtɝ/
opinion	/əˈpɪnjən/
opponent	/əˈpoʊnənt/
opportunity	/ˌɑpɝˈtunəti/
oppose	/əˈpoʊz/
opposed	/əˈpoʊzd/
opposite	/ˈɑpəzət/, /ˈɑpzət/
opposition	/ˌɑpəˈzɪʃən/
opt	/ˈɑpt/
optical	/ˈɑptɪkəl/
optimism	/ˈɑptəˌmɪzəm/
optimistic	/ˌɑptəˈmɪstɪk/
option	/ˈɑpʃən/, /ˈɔpʃən/
or	/ˈɔr/, /ɝ/
oral	/ˈɔrəl/
orange	/ˈɔrəndʒ/, /ˈɔrɪndʒ/
orchestra	/ˈɔrkəstrə/
order	/ˈɔrdɝ/
ordinary	/ˈɔrdəˌnɛri/
organ	/ˈɔrɡən/
organic	/ɔrˈɡænɪk/
organization	/ˌɔrɡənəˈzeɪʃən/
organizational	/ˌɔrɡənəˈzeɪʃənəl/
organize	/ˈɔrɡəˌnaɪz/
organized	/ˈɔrɡəˌnaɪzd/
organizer	/ˈɔrɡəˌnaɪzɝ/
orientation	/ˌɔriɛnˈteɪʃən/
origin	/ˈɔrədʒən/
original	/ɝˈɪdʒənəl/
originally	/ɝˈɪdʒənəli/, /ɝˈɪdʒnəli/
originate	/ɝˈɪdʒəˌneɪt/
other	/ˈəðɝ/
otherwise	/ˈəðɝˌwaɪz/
ought	/ˈɔt/
our	/ˈaʊɝ/, /ˈaʊr/
ours	/ˈaʊɝz/, /ˈaʊrz/
ourselves	/aʊɝˈsɛlvz/, /ɑrˈsɛlvz/
out	/ˈaʊt/
outbreak	/ˈaʊtˌbreɪk/
outcome	/ˈaʊtˌkəm/
outdoor	/ˈaʊtˌdɔr/
outdoors	/ˈaʊtˈdɔrz/
outer	/ˈaʊtɝ/
outfit	/ˈaʊtˌfɪt/
outing	/ˈaʊtɪŋ/
outlet	/ˈaʊtˌlɛt/
outline	/ˈaʊtˌlaɪn/
outlook	/ˈaʊtˌlʊk/
output	/ˈaʊtˌpʊt/
outrage	/ˈaʊˌtreɪdʒ/
outside	/ˈaʊtˈsaɪd/
outsider	/aʊtˈsaɪdɝ/
outstanding	/ˌaʊtˈstændɪŋ/
oven	/ˈəvən/
over	/ˈoʊvɝ/
overall	/ˈoʊvɝˌɔl/
overcome	/ˈoʊvɝˌkəm/
overlook	/ˈoʊvɝˌlʊk/
overly	/ˈoʊvɝli/
overnight	/ˈoʊvɝˈnaɪt/
overseas	/ˈoʊvɝˈsiz/
oversee	/ˈoʊvɝˌsi/
overturn	/ˈoʊvɝˌtɝn/
overwhelm	/ˌoʊvɝˈwɛlm/, /ˌoʊvɝhˈwɛlm/
overwhelming	/ˌoʊvɝˈwɛlmɪŋ/, /ˌoʊvɝhˈwɛlmɪŋ/
owe	/ˈoʊ/
own	/ˈoʊn/
owner	/ˈoʊnɝ/
ownership	/ˈoʊnɝˌʃɪp/
oxygen	/ˈɑksədʒən/, /ˈɑksɪdʒən/
o’clock	/əˈklɑk/
pace	/ˈpeɪs/
pack	/ˈpæk/
package	/ˈpækədʒ/, /ˈpækɪdʒ/
packet	/ˈpækət/, /ˈpækɪt/
pad	/ˈpæd/
page	/ˈpeɪdʒ/
pain	/ˈpeɪn/
painful	/ˈpeɪnfəl/
paint	/ˈpeɪnt/
painter	/ˈpeɪntɝ/
painting	/ˈpeɪntɪŋ/
pair	/ˈpɛr/
palace	/ˈpæləs/
pale	/ˈpeɪl/
palm	/ˈpɑlm/, /ˈpɑm/
pan	/ˈpæn/
pandemic	/pænˈdɛmɪk/
panel	/ˈpænəl/
panic	/ˈpænɪk/
pants	/ˈpænts/
paper	/ˈpeɪpɝ/
parade	/pɝˈeɪd/
paragraph	/ˈpærəˌɡræf/, /ˈpɛrəˌɡræf/
parallel	/ˈpɛrəˌlɛl/
parameter	/pɝˈæmətɝ/
parent	/ˈpɛrənt/
parental	/pɝˈɛntəl/
parish	/ˈpærɪʃ/, /ˈpɛrɪʃ/
park	/ˈpɑrk/
parking	/ˈpɑrkɪŋ/
parliament	/ˈpɑrləmənt/
parliamentary	/ˌpɑrləˈmɛnɝi/, /ˌpɑrləˈmɛntɝi/
part	/ˈpɑrt/
part-time	/ˈpɑrtˈtaɪm/
partial	/ˈpɑrʃəl/
partially	/ˈpɑrʃəli/, /ˈpɑrʃli/
participant	/pɑrˈtɪsəpənt/
participate	/pɑrˈtɪsəˌpeɪt/
participation	/pɑrˌtɪsəˈpeɪʃən/
particular	/ˌpɑˈtɪkjəlɝ/, /pɝˈtɪkjəlɝ/
particularly	/ˌpɑrˈtɪkjəlɝli/, /pɝˈtɪkjəlɝli/
partly	/ˈpɑrtli/
partner	/ˈpɑrtnɝ/
partnership	/ˈpɑrtnɝˌʃɪp/
party	/ˈpɑrti/
pass	/ˈpæs/
passage	/ˈpæsədʒ/, /ˈpæsɪdʒ/
passenger	/ˈpæsəndʒɝ/
passing	/ˈpæsɪŋ/
passion	/ˈpæʃən/
passionate	/ˈpæʃənət/
passive	/ˈpæsɪv/
passport	/ˈpæsˌpɔrt/
password	/ˈpæsˌwɝd/
past	/ˈpæst/
pastor	/ˈpæstɝ/
patch	/ˈpætʃ/
patent	/ˈpætənt/
path	/ˈpæθ/
pathway	/ˈpæθˌweɪ/
patience	/ˈpeɪʃəns/
patient	/ˈpeɪʃənt/
patrol	/pəˈtroʊl/
patron	/ˈpeɪtrən/
pattern	/ˈpætɝn/
pause	/ˈpɔz/
pay	/ˈpeɪ/
payment	/ˈpeɪmənt/
peace	/ˈpis/
peaceful	/ˈpisfəl/
peak	/ˈpik/
peer	/ˈpɪr/
pen	/ˈpɛn/
penalty	/ˈpɛnəlti/
pencil	/ˈpɛnsəl/
penny	/ˈpɛni/
pension	/ˈpɛnʃən/
people	/ˈpipəl/
pepper	/ˈpɛpɝ/
per	/ˈpɝ/
per cent	/ˈpɝ ˈsɛnt/
perceive	/pɝˈsiv/
percentage	/pɝˈsɛnədʒ/, /pɝˈsɛnɪdʒ/
perception	/pɝˈsɛpʃən/
perfect	/ˈpɝˌfɪkt/, /pɝˈfɛkt/
perfectly	/ˈpɝfəkli/, /ˈpɝfəktli/
perform	/pɝˈfɔrm/
performance	/pɝˈfɔrməns/
perhaps	/pɝˈhæps/
period	/ˈpɪriəd/
permanent	/ˈpɝmənənt/
permanently	/ˈpɝmənəntli/
permission	/pɝˈmɪʃən/
permit	/ˈpɝˌmɪt/, /pɝˈmɪt/
persist	/pɝˈsɪst/
persistent	/pɝˈsɪstənt/
person	/ˈpɝsən/
personal	/ˈpɝsɪnəl/
personality	/ˌpɝsəˈnælɪti/
personally	/ˈpɝsənəli/, /ˈpɝsənli/
personnel	/ˌpɝsəˈnɛl/
perspective	/pɝˈspɛktɪv/
persuade	/pɝˈsweɪd/
pet	/ˈpɛt/
petition	/pəˈtɪʃən/
petrol	/ˈpɛtroʊl/
pharmaceutical	/ˌfɑrməˈsutɪkəl/
pharmacy	/ˈfɑrməsi/
phase	/ˈfeɪz/
phenomenon	/fəˈnɑməˌnɑn/
philosopher	/fəˈlɑsəfɝ/
philosophy	/fəˈlɑsəfi/
phone	/ˈfoʊn/
photo	/ˈfoʊˌtoʊ/
photograph	/ˈfoʊtəˌɡræf/
photographer	/fəˈtɑɡrəfɝ/
photography	/fəˈtɑɡrəfi/
phrase	/ˈfreɪz/
physical	/ˈfɪzɪkəl/
physician	/fəˈzɪʃən/
physics	/ˈfɪzɪks/
piano	/piˈænə/, /piˈænoʊ/
pick	/ˈpɪk/
picture	/ˈpɪktʃɝ/
piece	/ˈpis/
pig	/ˈpɪɡ/
pile	/ˈpaɪl/
pill	/ˈpɪl/
pilot	/ˈpaɪlət/
pin	/ˈpɪn/
pink	/ˈpɪŋk/
pioneer	/ˌpaɪəˈnɪr/
pipe	/ˈpaɪp/
pipeline	/ˈpaɪˌplaɪn/
pirate	/ˈpaɪrət/
pit	/ˈpɪt/
pitch	/ˈpɪtʃ/
pity	/ˈpɪti/
place	/ˈpleɪs/
placement	/ˈpleɪsmənt/
plain	/ˈpleɪn/
plan	/ˈplæn/
plane	/ˈpleɪn/
planet	/ˈplænət/
planning	/ˈplænɪŋ/
plant	/ˈplænt/
plastic	/ˈplæstɪk/
plate	/ˈpleɪt/
platform	/ˈplætˌfɔrm/
play	/ˈpleɪ/
player	/ˈpleɪɝ/
plea	/ˈpli/
plead	/ˈplid/
pleasant	/ˈplɛzənt/
please	/ˈpliz/
pleased	/ˈplizd/
pleasure	/ˈplɛʒɝ/
pledge	/ˈplɛdʒ/
plenty	/ˈplɛni/, /ˈplɛnti/
plot	/ˈplɑt/
plug	/ˈpləɡ/
plunge	/ˈpləndʒ/
plus	/ˈpləs/
pocket	/ˈpɑkət/
poem	/ˈpoʊəm/
poet	/ˈpoʊət/
poetry	/ˈpoʊətri/
point	/ˈpɔɪnt/
pointed	/ˈpɔɪnəd/, /ˈpɔɪntɪd/
poison	/ˈpɔɪzən/
poisonous	/ˈpɔɪzənəs/
pole	/ˈpoʊl/
police	/pəˈlis/
policeman	/pəˈlismən/
policy	/ˈpɑləsi/
polite	/pəˈlaɪt/
political	/pəˈlɪtəkəl/, /pəˈlɪtɪkəl/
politician	/ˌpɑləˈtɪʃən/
politics	/ˈpɑləˌtɪks/
poll	/ˈpoʊl/
pollution	/pəˈluʃən/
pond	/ˈpɑnd/
pool	/ˈpul/
poor	/ˈpur/
pop	/ˈpɑp/
popular	/ˈpɑpjəlɝ/
popularity	/ˌpɑpjəˈlɛrəti/
population	/ˌpɑpjəˈleɪʃən/
port	/ˈpɔrt/
portfolio	/pɔrtˈfoʊliˌoʊ/
portion	/ˈpɔrʃən/
portrait	/ˈpɔrtrət/
portray	/pɔrˈtreɪ/
pose	/ˈpoʊz/
position	/pəˈzɪʃən/
positive	/ˈpɑzətɪv/
possess	/pəˈzɛs/
possession	/pəˈzɛʃən/
possibility	/ˌpɑsəˈbɪləˌti/
possible	/ˈpɑsəbəl/
possibly	/ˈpɑsəbli/
post	/ˈpoʊst/
poster	/ˈpoʊstɝ/
postpone	/poʊˈspoʊn/, /poʊstˈpoʊn/
pot	/ˈpɑt/
potato	/pəˈteɪˌtoʊ/
potential	/pəˈtɛnʃəl/
potentially	/pəˈtɛnʃəli/
pound	/ˈpaʊnd/
pour	/ˈpɔr/
poverty	/ˈpɑvɝti/
powder	/ˈpaʊdɝ/
power	/ˈpaʊɝ/
powerful	/ˈpaʊɝfəl/
practical	/ˈpræktəkəl/, /ˈpræktɪkəl/
practice	/ˈpræktəs/, /ˈpræktɪs/
practise	/ˈpræktɪs/
practitioner	/prækˈtɪʃənɝ/, /prækˈtɪʃnɝ/
praise	/ˈpreɪz/
pray	/ˈpreɪ/
prayer	/ˈpreɪɝ/, /ˈprɛr/
precede	/prɪˈsid/
precedent	/ˈprɛsɪdənt/
precious	/ˈprɛʃəs/
precise	/priˈsaɪs/, /prɪˈsaɪs/
precisely	/priˈsaɪsli/, /prɪˈsaɪsli/
precision	/priˈsɪʒən/
predator	/ˈprɛdətɝ/
predecessor	/ˈprɛdəˌsɛsɝ/
predict	/priˈdɪkt/, /prɪˈdɪkt/
predictable	/priˈdɪktəbəl/, /prɪˈdɪktəbəl/
prediction	/priˈdɪkʃən/
predominantly	/ˌprɪˈdɑmənəntˌli/
prefer	/prəˈfɝ/, /priˈfɝ/
preference	/ˈprɛfɝəns/, /ˈprɛfrəns/
pregnancy	/ˈprɛɡnənsi/
pregnant	/ˈprɛɡnənt/
prejudice	/ˈprɛdʒədɪs/
preliminary	/priˈlɪməˌnɛri/, /prɪˈlɪməˌnɛri/
premise	/ˈprɛmɪs/
premium	/ˈprimiəm/
preparation	/ˌprɛpɝˈeɪʃən/
prepare	/priˈpɛr/
prepared	/priˈpɛrd/
prescribe	/prəsˈkraɪb/, /prisˈkraɪb/
prescription	/prəsˈkrɪpʃən/
presence	/ˈprɛzəns/
present	/ˈprɛzənt/, /pɝˈzɛnt/
presentation	/ˌprɛzənˈteɪʃən/
presently	/ˈprɛzəntli/
preservation	/ˌprɛzɝˈveɪʃən/
preserve	/prəˈzɝv/, /priˈzɝv/
preside	/priˈzaɪd/, /prɪˈzaɪd/
presidency	/ˈprɛzədənsi/
president	/ˈprɛzəˌdɛnt/, /ˈprɛzɪdənt/
presidential	/ˌprɛzəˈdɛnʃəl/
press	/ˈprɛs/
pressure	/ˈprɛʃɝ/
prestigious	/pɝˈstidʒəs/, /prɛˈstɪdʒəs/
presumably	/prəˈzuməbli/, /priˈzuməbli/
presume	/prɪˈzum/
pretend	/priˈtɛnd/
pretty	/ˈprɪti/
prevail	/priˈveɪl/, /prɪˈveɪl/
prevalence	/ˈprɛvələns/
prevent	/priˈvɛnt/, /prɪˈvɛnt/
prevention	/priˈvɛnʃən/
preview	/ˈprivˌju/
previous	/ˈpriviəs/
previously	/ˈpriviəsli/
prey	/ˈpreɪ/
price	/ˈpraɪs/
pride	/ˈpraɪd/
priest	/ˈprist/
primarily	/praɪˈmɛrəli/
primary	/ˈpraɪˌmɛri/
prime	/ˈpraɪm/
prince	/ˈprɪns/
princess	/ˈprɪnsɛs/
principal	/ˈprɪnsəpəl/
principle	/ˈprɪnsəpəl/
print	/ˈprɪnt/
printer	/ˈprɪnɝ/, /ˈprɪntɝ/
printing	/ˈprɪnɪŋ/, /ˈprɪntɪŋ/
prior	/ˈpraɪɝ/
prioritize	/praɪˈɔrəˌtaɪz/
priority	/praɪˈɔrəti/
prison	/ˈprɪzən/
prisoner	/ˈprɪzənɝ/, /ˈprɪznɝ/
privacy	/ˈpraɪvəsi/
private	/ˈpraɪvət/
privilege	/ˈprɪvɪlədʒ/, /ˈprɪvɪlɪdʒ/
prize	/ˈpraɪz/
probability	/ˌprɑbəˈbɪləˌti/
probable	/ˈprɑbəbəl/
probably	/ˈprɑbəˌbli/, /ˈprɑbli/
probe	/ˈproʊb/
problem	/ˈprɑbləm/
problematic	/ˌprɑbləˈmætɪk/
procedure	/prəˈsidʒɝ/, /proʊˈsidʒɝ/
proceed	/pɝˈsid/, /prəˈsid/
proceedings	/prəˈsidɪŋz/, /proʊˈsidɪŋz/
proceeds	/prəˈsidz/, /proʊˈsidz/
process	/ˈprɑˌsɛs/, /ˈprɔˌsɛs/
processing	/ˈprɑsɛsɪŋ/
processor	/ˈprɑˌsɛsɝ/
proclaim	/proʊˈkleɪm/
produce	/ˈproʊdus/, /prəˈdus/
producer	/prəˈdusɝ/
product	/ˈprɑdəkt/
production	/pɝˈdəkʃən/, /prəˈdəkʃən/
productive	/pɝˈdəktɪv/, /prəˈdəktɪv/
productivity	/ˌproʊdəkˈtɪvəti/, /ˌproʊdəkˈtɪvɪti/
profession	/prəˈfɛʃən/
professional	/prəˈfɛʃənəl/
professor	/prəˈfɛsɝ/
profile	/ˈproʊˌfaɪl/
profit	/ˈprɑfət/, /ˈprɑfɪt/
profitable	/ˈprɑfətəbəl/
profound	/proʊˈfaʊnd/
program	/ˈproʊˌɡræm/
programme	/ˈproʊˌɡræm/
programming	/ˈproʊˌɡræmɪŋ/
progress	/ˈprɑˌɡrɛs/, /prəˈɡrɛs/
progressive	/prəˈɡrɛsɪv/
prohibit	/proʊˈhɪbət/
project	/ˈprɑdʒɛkt/, /prəˈdʒɛkt/
projection	/prəˈdʒɛkʃən/
prominent	/ˈprɑmənənt/
promise	/ˈprɑməs/
promising	/ˈprɑməsɪŋ/
promote	/prəˈmoʊt/
promotion	/pɝˈmoʊʃən/, /prəˈmoʊʃən/
prompt	/ˈprɑmpt/
pronounce	/prəˈnaʊns/
pronounced	/prəˈnaʊnst/
proof	/ˈpruf/
propaganda	/ˌprɑpəˈɡændə/
proper	/ˈprɑpɝ/
properly	/ˈprɑpɝli/
property	/ˈprɑpɝti/
proportion	/prəˈpɔrʃən/
proposal	/prəˈpoʊzəl/
propose	/prəˈpoʊz/
proposition	/ˌprɑpəˈzɪʃən/
prosecute	/ˈprɑsəkˌjut/
prosecution	/ˌprɑsəkˈjuʃən/
prosecutor	/ˈprɑsɪkˌjutɝ/
prospect	/ˈprɑspɛkt/
prospective	/prəˈspɛktɪv/
prosperity	/prɑˈspɛrəti/
protect	/prəˈtɛkt/
protection	/prəˈtɛkʃən/
protective	/prəˈtɛktɪv/
protein	/ˈproʊˌtin/
protest	/ˈproʊˌtɛst/, /prəˈtɛst/
protester	/ˈproʊˌtɛstɝ/
protocol	/ˈproʊtəˌkɑl/, /ˈproʊtəˌkɔl/
proud	/ˈpraʊd/
prove	/ˈpruv/
provide	/prəˈvaɪd/
province	/ˈprɑvəns/, /ˈprɑvɪns/
provincial	/prəˈvɪnʃəl/
provision	/prəˈvɪʒən/
provoke	/prəˈvoʊk/
psychological	/ˌsaɪkəˈlɑdʒɪkəl/
psychologist	/saɪˈkɑlədʒəst/
psychology	/saɪˈkɑlədʒi/
pub	/ˈpəb/
public	/ˈpəblɪk/
publication	/ˌpəblɪˈkeɪʃən/
publicity	/pəˈblɪsəti/, /pəˈblɪsɪti/
publish	/ˈpəblɪʃ/
publishing	/ˈpəblɪʃɪŋ/
pull	/ˈpʊl/
pulse	/ˈpəls/
pump	/ˈpəmp/
punch	/ˈpəntʃ/
punish	/ˈpənɪʃ/
punishment	/ˈpənɪʃmənt/
punk	/ˈpəŋk/
pupil	/ˈpjupəl/
purchase	/ˈpɝtʃəs/
pure	/ˈpjʊr/
purely	/ˈpjʊrli/
purple	/ˈpɝpəl/
purpose	/ˈpɝpəs/
pursue	/pɝˈsu/
pursuit	/pɝˈsut/
push	/ˈpʊʃ/
put	/ˈpʊt/
puzzle	/ˈpəzəl/
qualification	/ˌkwɑləfəˈkeɪʃən/
qualified	/ˈkwɑləˌfaɪd/
qualify	/ˈkwɑləˌfaɪ/
quality	/ˈkwɑləti/
quantity	/ˈkwɑntəti/
quarter	/ˈkwɔrtɝ/
queen	/ˈkwin/
query	/ˈkwiri/
quest	/ˈkwɛst/
question	/ˈkwɛstʃən/, /ˈkwɛʃən/
questionnaire	/ˌkwɛstʃəˈnɛr/
queue	/ˈkju/
quick	/ˈkwɪk/
quickly	/ˈkwɪkli/
quiet	/ˈkwaɪət/
quietly	/ˈkwaɪətli/
quit	/ˈkwɪt/
quite	/ˈkwaɪt/
quota	/ˈkwoʊtə/
quotation	/kwoʊˈteɪʃən/
quote	/ˈkwoʊt/
race	/ˈreɪs/
racial	/ˈreɪʃəl/
racing	/ˈreɪsɪŋ/
racism	/ˈreɪˌsɪzəm/
racist	/ˈreɪsɪst/
radar	/ˈreɪˌdɑr/
radiation	/ˌreɪdiˈeɪʃən/
radical	/ˈrædəkəl/, /ˈrædɪkəl/
radio	/ˈreɪdiˌoʊ/
rage	/ˈreɪdʒ/
raid	/ˈreɪd/
rail	/ˈreɪl/
railway	/ˈreɪlˌweɪ/
rain	/ˈreɪn/
raise	/ˈreɪz/
rally	/ˈræli/
random	/ˈrændəm/
range	/ˈreɪndʒ/
rank	/ˈræŋk/
ranking	/ˈræŋkɪŋ/
rape	/ˈreɪp/
rapid	/ˈræpəd/, /ˈræpɪd/
rapidly	/ˈræpədli/
rare	/ˈrɛr/
rarely	/ˈrɛrli/
rat	/ˈræt/
rate	/ˈreɪt/
rather	/ˈræðɝ/, /ˈrəðɝ/
rating	/ˈreɪtɪŋ/
ratio	/ˈreɪʃiˌoʊ/
rational	/ˈræʃənəl/, /ˈræʃnəl/
raw	/ˈrɑ/
ray	/ˈreɪ/
reach	/ˈritʃ/
react	/riˈækt/
reaction	/riˈækʃən/
read	/ˈrɛd/, /ˈrid/
reader	/ˈridɝ/
readily	/ˈrɛdəli/
reading	/ˈrɛdɪŋ/, /ˈridɪŋ/
ready	/ˈrɛdi/
real	/ˈril/
realistic	/ˌriəˈlɪstɪk/
reality	/ˌriˈæləˌti/
realization	/ˈriləˈzeɪʃən/
realize	/ˈriəˌlaɪz/
really	/ˈrili/, /ˈrɪli/
realm	/ˈrɛlm/
rear	/ˈrɪr/
reason	/ˈrizən/
reasonable	/ˈrizənəbəl/, /ˈriznəbəl/
reasonably	/ˈrizənəbli/
reasoning	/ˈrizənɪŋ/
reassure	/ˌriəˈʃʊr/
rebel	/ˈrɛbəl/, /rɪˈbɛl/
rebellion	/rɪˈbɛljən/
rebuild	/riˈbɪld/
recall	/ˈriˌkɔl/, /rɪˈkɔl/
receipt	/riˈsit/, /rɪˈsit/
receive	/rəˈsiv/, /riˈsiv/
receiver	/rəˈsivɝ/, /riˈsivɝ/
recent	/ˈrisənt/
recently	/ˈrisənli/, /ˈrisəntli/
reception	/riˈsɛpʃən/, /rɪˈsɛpʃən/
recession	/ˌriˈsɛʃən/, /rɪˈsɛʃən/
recipe	/ˈrɛsəpi/
recipient	/rəˈsɪpiənt/, /rɪˈsɪpiənt/
reckon	/ˈrɛkən/
recognition	/ˌrɛkəɡˈnɪʃən/, /ˌrɛkɪɡˈnɪʃən/
recognize	/ˈrɛkəɡˌnaɪz/
recommend	/ˌrɛkəˈmɛnd/
recommendation	/ˌrɛkəmənˈdeɪʃən/
reconstruction	/ˌrikənˈstrəkʃən/
record	/ˈrɛkɝd/, /rəˈkɔrd/
recording	/rəˈkɔrdɪŋ/, /rɪˈkɔrdɪŋ/
recount	/ˌriˈkaʊnt/, /rɪˈkaʊnt/
recover	/rɪˈkəvɝ/
recovery	/rɪˈkəvɝi/, /rɪˈkəvri/
recruit	/rəˈkrut/, /riˈkrut/
recruitment	/rəˈkrutmənt/, /riˈkrutmənt/
recycle	/riˈsaɪkəl/
red	/ˈrɛd/
reduce	/rəˈdus/, /riˈdus/
reduction	/rəˈdəkʃən/, /riˈdəkʃən/
refer	/rəˈfɝ/, /rɪˈfɝ/
referee	/ˌrɛfɝˈi/
reference	/ˈrɛfɝəns/, /ˈrɛfrəns/
referendum	/ˌrɛfɝˈɛndəm/
reflect	/rɪˈflɛkt/
reflection	/rɪˈflɛkʃən/
reform	/rəˈfɔrm/, /rɪˈfɔrm/
refuge	/ˈrɛfjudʒ/
refugee	/ˈrɛfjudʒi/
refund	/ˈriˌfənd/, /rɪˈfənd/
refusal	/rəfˈjuzəl/, /rɪfˈjuzəl/
refuse	/ˈrɛfˌjuz/, /rəfˈjuz/
regain	/rɪˈɡeɪn/
regard	/rɪˈɡɑrd/
regardless	/rəˈɡɑrdləs/
regime	/reɪˈʒim/, /rəˈʒim/
region	/ˈridʒən/
regional	/ˈridʒənəl/
register	/ˈrɛdʒɪstɝ/
registration	/ˌrɛdʒɪˈstreɪʃən/
regret	/rəˈɡrɛt/, /rɪˈɡrɛt/
regular	/ˈreɪɡjəlɝ/, /ˈrɛɡjəlɝ/
regularly	/ˈrɛɡjəlɝli/
regulate	/ˈrɛɡjəˌleɪt/
regulation	/ˌrɛɡjəˈleɪʃən/
regulator	/ˈrɛɡjəˌleɪtɝ/
regulatory	/ˈrɛɡjələˌtɔri/
rehabilitation	/ˌriəˌbɪləˈteɪʃən/, /ˌrihəˌbɪləˈteɪʃən/
reign	/ˈreɪn/
reinforce	/ˌriɪnˈfɔrs/
reject	/ˈridʒɛkt/, /rɪˈdʒɛkt/
rejection	/riˈdʒɛkʃən/, /rɪˈdʒɛkʃən/
relate	/riˈleɪt/, /rɪˈleɪt/
related	/ˌriˈleɪtɪd/, /riˈleɪtɪd/
relation	/riˈleɪʃən/
relationship	/riˈleɪʃənˌʃɪp/
relative	/ˈrɛlətɪv/
relatively	/ˈrɛlətɪvli/
relax	/riˈlæks/, /rɪˈlæks/
relaxed	/riˈlækst/, /rɪˈlækst/
relaxing	/riˈlæksɪŋ/, /rɪˈlæksɪŋ/
release	/riˈlis/
relevance	/ˈrɛləvəns/
relevant	/ˈrɛləvənt/
reliability	/riˌlaɪəˈbɪləti/
reliable	/riˈlaɪəbəl/, /rɪˈlaɪəbəl/
relief	/riˈlif/, /rɪˈlif/
relieve	/riˈliv/, /rɪˈliv/
relieved	/riˈlivd/, /rɪˈlivd/
religion	/riˈlɪdʒən/, /rɪˈlɪdʒən/
religious	/riˈlɪdʒəs/, /rɪˈlɪdʒəs/
reluctant	/riˈləktənt/, /rɪˈləktənt/
rely	/riˈlaɪ/, /rɪˈlaɪ/
remain	/riˈmeɪn/, /rɪˈmeɪn/
remainder	/riˈmeɪndɝ/, /rɪˈmeɪndɝ/
remains	/riˈmeɪnz/, /rɪˈmeɪnz/
remark	/riˈmɑrk/, /rɪˈmɑrk/
remarkable	/riˈmɑrkəbəl/, /rɪˈmɑrkəbəl/
remedy	/ˈrɛmədi/
remember	/riˈmɛmbɝ/, /rɪˈmɛmbɝ/
remind	/riˈmaɪnd/
reminder	/riˈmaɪndɝ/
remote	/riˈmoʊt/, /rɪˈmoʊt/
removal	/rɪˈmuvəl/
remove	/riˈmuv/
render	/ˈrɛndɝ/
renew	/rɪˈnu/
renowned	/rɪˈnaʊnd/
rent	/ˈrɛnt/
rental	/ˈrɛntəl/
repair	/rɪˈpɛr/
repeat	/riˈpit/, /rɪˈpit/
repeated	/riˈpitɪd/, /rɪˈpitɪd/
replace	/ˌriˈpleɪs/, /ɝˈpleɪs/
replacement	/rɪˈpleɪsmənt/
reply	/riˈplaɪ/, /rɪˈplaɪ/
report	/riˈpɔrt/, /rɪˈpɔrt/
reportedly	/riˈpɔrtədli/, /rɪˈpɔrtədli/
reporter	/rɪˈpɔrtɝ/
reporting	/riˈpɔrtɪŋ/, /rɪˈpɔrtɪŋ/
represent	/ˌrɛprɪˈzɛnt/
representation	/ˌrɛprəzɛnˈteɪʃən/
representative	/ˌrɛprəˈzɛnətɪv/, /ˌrɛprəˈzɛntətɪv/
reproduce	/ˌriprəˈdus/
republic	/riˈpəblək/, /riˈpəblɪk/
reputation	/ˌrɛpjəˈteɪʃən/
request	/riˈkwɛst/, /rɪˈkwɛst/
require	/ˌriˈkwaɪɝ/, /riˈkwaɪr/
requirement	/rɪˈkwaɪrmənt/
rescue	/ˈrɛskju/
research	/ˈrisɝtʃ/, /riˈsɝtʃ/
researcher	/ˈrisɝtʃɝ/
resemble	/riˈzɛmbəl/, /rɪˈzɛmbəl/
reservation	/ˌrɛzɝˈveɪʃən/
reserve	/riˈzɝv/, /rɪˈzɝv/
reside	/riˈzaɪd/, /rɪˈzaɪd/
residence	/ˈrɛzɪdəns/
resident	/ˈrɛzɪdənt/
residential	/ˌrɛzɪˈdɛnʃəl/
resign	/riˈsaɪn/, /riˈzaɪn/
resignation	/ˌrɛzəɡˈneɪʃən/, /ˌrɛzɪɡˈneɪʃən/
resilience	/rɪˈzɪliəns/, /rɪˈzɪljəns/
resist	/riˈzɪst/, /rɪˈzɪst/
resistance	/riˈzɪstəns/, /rɪˈzɪstəns/
resolution	/ˌrɛzəˈluʃən/
resolve	/riˈzɑlv/
resort	/riˈsɔrt/, /riˈzɔrt/
resource	/ˈrisɔrs/
respect	/riˈspɛkt/, /rɪˈspɛkt/
respective	/riˈspɛktɪv/, /rɪˈspɛktɪv/
respectively	/rɪˈspɛktɪvli/
respond	/riˈspɑnd/, /rɪˈspɑnd/
response	/riˈspɑns/, /rɪˈspɑns/
responsibility	/riˌspɑnsəˈbɪləti/
responsible	/riˈspɑnsəbəl/
rest	/ˈrɛst/
restaurant	/ˈrɛsˌtrɑnt/, /ˈrɛstɝˌɑnt/
restoration	/ˌrɛstɝˈeɪʃən/
restore	/rɪˈstɔr/
restraint	/riˈstreɪnt/, /rɪˈstreɪnt/
restrict	/riˈstrɪkt/
restriction	/riˈstrɪkʃən/
result	/riˈzəlt/, /rɪˈzəlt/
resume	/ˈrɛzəˌmeɪ/, /riˈzum/
retail	/ˈriˌteɪl/
retain	/riˈteɪn/, /rɪˈteɪn/
retire	/ˌriˈtaɪɝ/, /riˈtaɪr/
retired	/riˈtaɪɝd/, /riˈtaɪrd/
retirement	/riˈtaɪɝmənt/, /rɪˈtaɪɝmənt/
retreat	/riˈtrit/
retrieve	/riˈtriv/, /rɪˈtriv/
return	/riˈtɝn/, /rɪˈtɝn/
reveal	/riˈvil/, /rɪˈvil/
revelation	/ˌrɛvəˈleɪʃən/
revenge	/riˈvɛndʒ/
revenue	/ˈrɛvəˌnu/, /ˈrɛvənˌju/
reverse	/riˈvɝs/, /rɪˈvɝs/
review	/ˌrivˈju/
revise	/riˈvaɪz/, /rɪˈvaɪz/
revision	/riˈvɪʒən/
revival	/riˈvaɪvəl/, /rɪˈvaɪvəl/
revive	/riˈvaɪv/, /rɪˈvaɪv/
revolution	/ˌrɛvəˈluʃən/
revolutionary	/ˌrɛvəˈluʃəˌnɛri/
reward	/riˈwɔrd/, /rɪˈwɔrd/
rhetoric	/ˈrɛtɝɪk/
rhythm	/ˈrɪðəm/
rice	/ˈraɪs/
rich	/ˈrɪtʃ/
rid	/ˈrɪd/
ride	/ˈraɪd/
ridiculous	/rɪˈdɪkjələs/
rifle	/ˈraɪfəl/
right	/ˈraɪt/
ring	/ˈrɪŋ/
riot	/ˈraɪət/
rip	/ˈrɪp/
rise	/ˈraɪz/
risk	/ˈrɪsk/
risky	/ˈrɪski/
ritual	/ˈrɪtʃuəl/
rival	/ˈraɪvəl/
river	/ˈrɪvɝ/
road	/ˈroʊd/
rob	/ˈrɑb/
robbery	/ˈrɑbɝi/
robot	/ˈroʊˌbɑt/, /ˈroʊˌbət/
robust	/roʊˈbəst/
rock	/ˈrɑk/
rocket	/ˈrɑkət/
role	/ˈroʊl/
roll	/ˈroʊl/
romance	/ˈroʊmæns/, /roʊˈmæns/
romantic	/roʊˈmæntɪk/
roof	/ˈruf/, /ˈrʊf/
room	/ˈrum/
root	/ˈrut/
rope	/ˈroʊp/
rose	/ˈroʊz/
rotate	/ˈroʊˌteɪt/
rotation	/roʊˈteɪʃən/
rough	/ˈrəf/
roughly	/ˈrəfli/
round	/ˈraʊnd/
route	/ˈraʊt/, /ˈrut/
routine	/ruˈtin/
row	/ˈroʊ/
royal	/ˈrɔɪəl/
rub	/ˈrəb/
rubber	/ˈrəbɝ/
rubbish	/ˈrəbɪʃ/
rude	/ˈrud/
rugby	/ˈrəɡbi/
ruin	/ˈruən/, /ˈruɪn/
rule	/ˈrul/
ruling	/ˈrulɪŋ/
rumour	/ˈrumɝ/
run	/ˈrən/
runner	/ˈrənɝ/
running	/ˈrənɪŋ/
rural	/ˈrʊrəl/
rush	/ˈrəʃ/
sack	/ˈsæk/
sacred	/ˈseɪkrəd/, /ˈseɪkrɪd/
sacrifice	/ˈsækrəˌfaɪs/
sad	/ˈsæd/
sadly	/ˈsædli/
safe	/ˈseɪf/
safeguard	/ˈseɪfˌɡɑrd/
safety	/ˈseɪfti/
sail	/ˈseɪl/
sailing	/ˈseɪlɪŋ/
sailor	/ˈseɪlɝ/
sake	/ˈseɪk/
salad	/ˈsæləd/
salary	/ˈsælɝi/
sale	/ˈseɪl/
salt	/ˈsɔlt/
same	/ˈseɪm/
sample	/ˈsæmpəl/
sanction	/ˈsæŋkʃən/
sand	/ˈsænd/
sandwich	/ˈsæmwɪtʃ/, /ˈsændwɪtʃ/
satellite	/ˈsætəˌlaɪt/
satisfaction	/ˌsætəsˈfækʃən/, /ˌsætɪsˈfækʃən/
satisfied	/ˈsætəsˌfaɪd/, /ˈsætɪsˌfaɪd/
satisfy	/ˈsætəsˌfaɪ/, /ˈsætɪsˌfaɪ/
sauce	/ˈsɔs/
save	/ˈseɪv/
saving	/ˈseɪvɪŋ/
say	/ˈseɪ/
scale	/ˈskeɪl/
scam	/ˈskæm/
scan	/ˈskæn/
scandal	/ˈskændəl/
scare	/ˈskɛr/
scared	/ˈskɛrd/
scary	/ˈskɛri/
scattered	/ˈskætɝd/
scenario	/sɪˈnɛrioʊ/
scene	/ˈsin/
sceptical	/ˈskɛptəkəl/, /ˈskɛptɪkəl/
schedule	/ˈskɛdʒul/, /ˈskɛdʒʊl/
scheme	/ˈskim/
scholar	/ˈskɑlɝ/
scholarship	/ˈskɑlɝˌʃɪp/
school	/ˈskul/
science	/ˈsaɪəns/
scientific	/ˌsaɪənˈtɪfɪk/
scientist	/ˈsaɪəntɪst/
scope	/ˈskoʊp/
score	/ˈskɔr/
scrap	/ˈskræp/
scratch	/ˈskrætʃ/
scream	/ˈskrim/
screen	/ˈskrin/
screening	/ˈskrinɪŋ/
screw	/ˈskru/
script	/ˈskrɪpt/
scrutiny	/ˈskrutəni/
sculpture	/ˈskəlptʃɝ/
sea	/ˈsi/
seal	/ˈsil/
search	/ˈsɝtʃ/
season	/ˈsizən/
seasonal	/ˈsizənəl/
seat	/ˈsit/
second	/ˈsɛkənd/
secondary	/ˈsɛkənˌdɛri/
secondly	/ˈsɛkəndli/
secret	/ˈsikrət/, /ˈsikrɪt/
secretary	/ˈsɛkrəˌtɛri/
section	/ˈsɛkʃən/
sector	/ˈsɛktɝ/
secular	/ˈsɛkjəlɝ/
secure	/sɪkˈjʊr/
security	/sɪkˈjʊrəti/
see	/ˈsi/
seed	/ˈsid/
seek	/ˈsik/
seeker	/ˈsikɝ/
seem	/ˈsim/
seemingly	/ˈsimɪŋli/
segment	/ˈsɛɡmənt/, /ˌsɛɡˈmɛnt/
seize	/ˈsiz/
select	/səˈlɛkt/
selection	/səˈlɛkʃən/
selective	/səˈlɛktɪv/
self	/ˈsɛlf/
sell	/ˈsɛl/
seminar	/ˈsɛməˌnɑr/
senator	/ˈsɛnətɝ/
send	/ˈsɛnd/
senior	/ˈsinjɝ/
sensation	/sɛnˈseɪʃən/
sense	/ˈsɛns/
sensible	/ˈsɛnsəbəl/
sensitive	/ˈsɛnsətɪv/, /ˈsɛnsɪtɪv/
sensitivity	/ˌsɛnsɪˈtɪvɪti/
sensor	/ˈsɛnsɝ/
sentence	/ˈsɛntəns/
sentiment	/ˈsɛnəmənt/, /ˈsɛntəmənt/
separate	/ˈsɛpɝˌeɪt/, /ˈsɛpɝɪt/
separation	/ˌsɛpɝˈeɪʃən/
sequel	/ˈsikwəl/
sequence	/ˈsikwəns/
serial	/ˈsɪˌriəl/
series	/ˈsɪriz/
serious	/ˈsɪriəs/
seriously	/ˈsɪriəsli/
servant	/ˈsɝvənt/
serve	/ˈsɝv/
service	/ˈsɝvəs/, /ˈsɝvɪs/
session	/ˈsɛʃən/
set	/ˈsɛt/
set-up	/ˈsɛˌtəp/
setting	/ˈsɛtɪŋ/
settle	/ˈsɛtəl/
settlement	/ˈsɛtəlmənt/
settler	/ˈsɛtəlɝ/, /ˈsɛtlɝ/
seven	/ˈsɛvən/
seventeen	/ˈsɛvənˈtin/
seventy	/ˈsɛvəni/, /ˈsɛvənti/
several	/ˈsɛvɝəl/, /ˈsɛvrəl/
severe	/səˈvɪr/
severely	/səˈvɪrli/
sex	/ˈsɛks/
sexual	/ˈsɛkʃuəl/
sexuality	/ˌsɛkʃuˈæləti/
sexy	/ˈsɛksi/
shade	/ˈʃeɪd/
shadow	/ˈʃæˌdoʊ/
shake	/ˈʃeɪk/
shall	/ˈʃæl/
shallow	/ˈʃæloʊ/
shame	/ˈʃeɪm/
shape	/ˈʃeɪp/
shaped	/ˈʃeɪpt/
share	/ˈʃɛr/
shareholder	/ˈʃɛrˌhoʊldɝ/
sharp	/ˈʃɑrp/
shatter	/ˈʃætɝ/
she	/ˈʃi/
shed	/ˈʃɛd/
sheep	/ˈʃip/
sheer	/ˈʃɪr/
sheet	/ˈʃit/
shelf	/ˈʃɛlf/
shell	/ˈʃɛl/
shelter	/ˈʃɛltɝ/
shift	/ˈʃɪft/
shine	/ˈʃaɪn/
shiny	/ˈʃaɪni/
ship	/ˈʃɪp/
shipping	/ˈʃɪpɪŋ/
shirt	/ˈʃɝt/
shock	/ˈʃɑk/
shocked	/ˈʃɑkt/
shocking	/ˈʃɑkɪŋ/
shoe	/ˈʃu/
shoot	/ˈʃut/
shooting	/ˈʃutɪŋ/
shop	/ˈʃɑp/
shopping	/ˈʃɑpɪŋ/
shore	/ˈʃɔr/
short	/ˈʃɔrt/
short-term	/ˌʃɔrtˈtɝm/
shortage	/ˈʃɔrtədʒ/, /ˈʃɔrtɪdʒ/
shortly	/ˈʃɔrtli/
shot	/ˈʃɑt/
should	/ˈʃʊd/
shoulder	/ˈʃoʊldɝ/
shout	/ˈʃaʊt/
show	/ˈʃoʊ/
shower	/ˈʃaʊɝ/
shrink	/ˈʃrɪŋk/
shut	/ˈʃət/
shy	/ˈʃaɪ/
sibling	/ˈsɪblɪŋ/
sick	/ˈsɪk/
side	/ˈsaɪd/
sigh	/ˈsaɪ/
sight	/ˈsaɪt/
sign	/ˈsaɪn/
signal	/ˈsɪɡnəl/
signature	/ˈsɪɡnətʃɝ/
significance	/səɡˈnɪfɪkəns/, /sɪɡˈnɪfɪkəns/
significant	/səɡˈnɪfɪkənt/, /sɪɡˈnɪfɪkənt/
significantly	/sɪɡˈnɪfɪkəntli/
silence	/ˈsaɪləns/
silent	/ˈsaɪlənt/
silk	/ˈsɪlk/
silly	/ˈsɪli/
silver	/ˈsɪlvɝ/
similar	/ˈsɪməlɝ/
similarity	/ˌsɪməˈlɛrəti/
similarly	/ˈsɪməlɝli/
simple	/ˈsɪmpəl/
simply	/ˈsɪmpli/
simulation	/ˌsɪmjəˈleɪʃən/
simultaneously	/ˌsaɪməlˈteɪniəsli/
sin	/ˈsɪn/
since	/ˈsɪns/
sincere	/sɪnˈsɪr/
sing	/ˈsɪŋ/
singer	/ˈsɪŋɝ/
singing	/ˈsɪŋɪŋ/
single	/ˈsɪŋɡəl/
sink	/ˈsɪŋk/
sir	/ˈsɝ/
sister	/ˈsɪstɝ/
sit	/ˈsɪt/
site	/ˈsaɪt/
situated	/ˈsɪtʃuˌeɪtɪd/
situation	/ˌsɪtʃuˈeɪʃən/
six	/ˈsɪks/
sixteen	/ˈsɪkˈstin/, /sɪkˈstin/
sixty	/ˈsɪksti/
size	/ˈsaɪz/
sketch	/ˈskɛtʃ/
ski	/ˈski/
skiing	/ˈskiɪŋ/
skill	/ˈskɪl/
skilled	/ˈskɪld/
skin	/ˈskɪn/
skip	/ˈskɪp/
skirt	/ˈskɝt/
skull	/ˈskəl/
sky	/ˈskaɪ/
slam	/ˈslæm/
slap	/ˈslæp/
slash	/ˈslæʃ/
slave	/ˈsleɪv/
slavery	/ˈsleɪvɝi/
sleep	/ˈslip/
slice	/ˈslaɪs/
slide	/ˈslaɪd/
slight	/ˈslaɪt/
slightly	/ˈslaɪtli/
slip	/ˈslɪp/
slogan	/ˈsloʊɡən/
slope	/ˈsloʊp/
slot	/ˈslɑt/
slow	/ˈsloʊ/
slowly	/ˈsloʊli/
small	/ˈsmɔl/
smart	/ˈsmɑrt/
smartphone	/ˈsmɑrtˌfoʊn/
smash	/ˈsmæʃ/
smell	/ˈsmɛl/
smile	/ˈsmaɪl/
smoke	/ˈsmoʊk/
smoking	/ˈsmoʊkɪŋ/
smooth	/ˈsmuð/
snake	/ˈsneɪk/
snap	/ˈsnæp/
snow	/ˈsnoʊ/
so	/ˈsoʊ/
so-called	/ˈsoʊˈkɔld/
soak	/ˈsoʊk/
soap	/ˈsoʊp/
soar	/ˈsɔr/
soccer	/ˈsɑkɝ/
social	/ˈsoʊʃəl/
socialist	/ˈsoʊʃələst/, /ˈsoʊʃəlɪst/
society	/səˈsaɪəti/
sock	/ˈsɑk/
soft	/ˈsɑft/, /ˈsɔft/
software	/ˈsɔfˌwɛr/, /ˈsɔftˌwɛr/
soil	/ˈsɔɪl/
solar	/ˈsoʊlɝ/
soldier	/ˈsoʊldʒɝ/
sole	/ˈsoʊl/
solely	/ˈsoʊəli/
solicitor	/səˈlɪsətɝ/
solid	/ˈsɑləd/
solidarity	/ˌsɑləˈdɛrəti/
solo	/ˈsoʊˌloʊ/
solution	/səˈluʃən/
solve	/ˈsɑlv/
some	/ˈsəm/
somebody	/ˈsəmˌbɑdi/, /ˈsəmbəˌdi/
somehow	/ˈsəmˌhaʊ/
someone	/ˈsəmˌwən/
something	/ˈsəmθɪŋ/
sometime	/ˈsəmˌtaɪm/
sometimes	/ˈsəmˌtaɪmz/, /səmˈtaɪmz/
somewhat	/ˈsəmˈwət/, /ˈsəmhˈwət/
somewhere	/ˈsəmˌwɛr/
son	/ˈsən/
song	/ˈsɔŋ/
soon	/ˈsun/
sophisticated	/səˈfɪstəˌkeɪtɪd/, /səˈfɪstɪˌkeɪtəd/
sorry	/ˈsɑri/
sort	/ˈsɔrt/
soul	/ˈsoʊl/
sound	/ˈsaʊnd/
soup	/ˈsup/
source	/ˈsɔrs/
south	/ˈsaʊθ/
southern	/ˈsəðɝn/
sovereignty	/ˈsɑvrənti/
space	/ˈspeɪs/
span	/ˈspæn/
spare	/ˈspɛr/
spark	/ˈspɑrk/
speak	/ˈspik/
speaker	/ˈspikɝ/
special	/ˈspɛʃəl/
specialist	/ˈspɛʃələst/, /ˈspɛʃəlɪst/
specialize	/ˈspɛʃəˌlaɪz/
specialized	/ˈspɛʃəˌlaɪzd/
species	/ˈspiʃiz/
specific	/spəˈsɪfɪk/, /spɪˈsɪfɪk/
specifically	/spəˈsɪfɪkli/
specification	/ˌspɛsɪfɪˈkeɪʃən/
specify	/ˈspɛsəˌfaɪ/
specimen	/ˈspɛsəmən/
spectacle	/ˈspɛktəkəl/
spectacular	/spɛkˈtækjəlɝ/
spectator	/ˈspɛkteɪtɝ/
spectrum	/ˈspɛktrəm/
speculate	/ˈspɛkjəˌleɪt/
speculation	/ˌspɛkjəˈleɪʃən/
speech	/ˈspitʃ/
speed	/ˈspid/
spell	/ˈspɛl/
spelling	/ˈspɛlɪŋ/
spend	/ˈspɛnd/
spending	/ˈspɛndɪŋ/
sphere	/ˈsfɪr/
spicy	/ˈspaɪsi/
spider	/ˈspaɪdɝ/
spill	/ˈspɪl/
spin	/ˈspɪn/
spine	/ˈspaɪn/
spirit	/ˈspɪrət/, /ˈspɪrɪt/
spiritual	/ˈspɪrɪˌtʃuəl/
spite	/ˈspaɪt/
split	/ˈsplɪt/
spoil	/ˈspɔɪl/
spoken	/ˈspoʊkən/
spokesman	/ˈspoʊksmən/
spokesperson	/ˈspoʊkspɝsən/
spokeswoman	/ˈspoʊkˌswʊmən/
sponsor	/ˈspɑnsɝ/
sponsorship	/ˈspɑnsɝˌʃɪp/
spoon	/ˈspun/
sport	/ˈspɔrt/
sporting	/ˈspɔrtɪŋ/
spot	/ˈspɑt/
spotlight	/ˈspɑtˌlaɪt/
spouse	/ˈspaʊs/
spray	/ˈspreɪ/
spread	/ˈsprɛd/
spring	/ˈsprɪŋ/, /spɝˈɪŋ/
spy	/ˈspaɪ/
squad	/ˈskwɑd/
square	/ˈskwɛr/
squeeze	/ˈskwiz/
stab	/ˈstæb/
stability	/stəˈbɪlɪti/
stabilize	/ˈsteɪbəˌlaɪz/
stable	/ˈsteɪbəl/
stadium	/ˈsteɪdiəm/
staff	/ˈstæf/
stage	/ˈsteɪdʒ/
stair	/ˈstɛr/
stake	/ˈsteɪk/
stall	/ˈstɔl/
stamp	/ˈstæmp/
stance	/ˈstæns/
stand	/ˈstænd/
standard	/ˈstændɝd/
star	/ˈstɑr/
stare	/ˈstɛr/
stark	/ˈstɑrk/
start	/ˈstɑrt/
start-up	/ˈstɑrˌtəp/
state	/ˈsteɪt/
statement	/ˈsteɪtmənt/
station	/ˈsteɪʃən/
statistic	/stəˈtɪstɪk/
statistical	/stəˈtɪstɪkəl/
statue	/ˈstæˌtʃu/
status	/ˈstætəs/, /ˈsteɪtəs/
stay	/ˈsteɪ/
steadily	/ˈstɛdəli/
steady	/ˈstɛdi/
steal	/ˈstil/
steam	/ˈstim/
steel	/ˈstil/
steep	/ˈstip/
steer	/ˈstɪr/
stem	/ˈstɛm/
step	/ˈstɛp/
stereotype	/ˈstɛriəˌtaɪp/, /ˈstɛrioʊˌtaɪp/
stick	/ˈstɪk/
sticky	/ˈstɪki/
stiff	/ˈstɪf/
still	/ˈstɪl/
stimulate	/ˈstɪmjəˌleɪt/
stimulus	/ˈstɪmjələs/
stir	/ˈstɝ/
stock	/ˈstɑk/
stomach	/ˈstəmək/
stone	/ˈstoʊn/
stop	/ˈstɑp/
storage	/ˈstɔrədʒ/, /ˈstɔrɪdʒ/
store	/ˈstɔr/
storm	/ˈstɔrm/
story	/ˈstɔri/
straight	/ˈstreɪt/
straightforward	/ˈstreɪtˈfɔrwɝd/
strain	/ˈstreɪn/
strange	/ˈstreɪndʒ/
stranger	/ˈstreɪndʒɝ/
strategic	/strəˈtidʒɪk/
strategy	/ˈstrætədʒi/
stream	/ˈstrim/
streaming	/ˈstrimɪŋ/
street	/ˈstrit/
strength	/ˈstrɛŋkθ/, /ˈstrɛŋθ/
strengthen	/ˈstrɛŋθən/
stress	/ˈstrɛs/
stretch	/ˈstrɛtʃ/
strict	/ˈstrɪkt/
strictly	/ˈstrɪktli/
strike	/ˈstraɪk/
striking	/ˈstraɪkɪŋ/
string	/ˈstrɪŋ/
strip	/ˈstrɪp/
strive	/ˈstraɪv/
stroke	/ˈstroʊk/
strong	/ˈstrɔŋ/
strongly	/ˈstrɔŋli/
structural	/ˈstrəktʃɝəl/
structure	/ˈstrəktʃɝ/
struggle	/ˈstrəɡəl/
student	/ˈstudənt/
studio	/ˈstudiˌoʊ/
study	/ˈstədi/
stuff	/ˈstəf/
stumble	/ˈstəmbəl/
stun	/ˈstən/
stunning	/ˈstənɪŋ/
stupid	/ˈstupəd/, /ˈstupɪd/
style	/ˈstaɪl/
subject	/ˈsəbdʒɪkt/, /səbˈdʒɛkt/
submission	/səbˈmɪʃən/
submit	/səbˈmɪt/
subscribe	/səbsˈkraɪb/
subscriber	/səbsˈkraɪbɝ/
subscription	/səbsˈkrɪpʃən/
subsequent	/ˈsəbsəkwənt/
subsequently	/ˈsəbsəkwəntli/
subsidy	/ˈsəbsɪdi/
substance	/ˈsəbstəns/
substantial	/səbˈstænʃəl/
substantially	/səbˈstænʃəli/
substitute	/ˈsəbstəˌtut/
substitution	/ˌsəbstɪˈtuʃən/
subtle	/ˈsətəl/
suburb	/ˈsəbɝb/
suburban	/səˈbɝbən/
succeed	/səkˈsid/
success	/səkˈsɛs/
successful	/səkˈsɛsfəl/
successfully	/səkˈsɛsfəli/
succession	/səkˈsɛʃən/
successive	/səkˈsɛsɪv/
successor	/səkˈsɛsɝ/
such	/ˈsətʃ/
suck	/ˈsək/
sudden	/ˈsədən/
suddenly	/ˈsədənli/
sue	/ˈsu/
suffer	/ˈsəfɝ/
suffering	/ˈsəfɝɪŋ/, /ˈsəfrɪŋ/
sufficient	/səˈfɪʃənt/
sugar	/ˈʃʊɡɝ/
suggest	/səˈdʒɛst/
suggestion	/səˈdʒɛstʃən/
suicide	/ˈsuəˌsaɪd/, /ˈsuɪˌsaɪd/
suit	/ˈsut/
suitable	/ˈsutəbəl/
suite	/ˈswit/
sum	/ˈsəm/
summarize	/ˈsəmɝˌaɪz/
summary	/ˈsəmɝi/
summer	/ˈsəmɝ/
summit	/ˈsəmət/, /ˈsəmɪt/
sun	/ˈsən/
super	/ˈsupɝ/
superb	/sʊˈpɝb/
superior	/suˈpɪriɝ/
supermarket	/ˈsupɝˌmɑrkɪt/
supervise	/ˈsupɝˌvaɪz/
supervision	/ˌsupɝˈvɪʒən/
supervisor	/ˈsupɝˌvaɪzɝ/
supplement	/ˈsəpləmənt/, /ˌsəpləˈmɛnt/
supply	/səˈplaɪ/
support	/səˈpɔrt/
supporter	/səˈpɔrtɝ/
supportive	/səˈpɔrtɪv/
suppose	/səˈpoʊz/
supposedly	/səˈpoʊzədli/
suppress	/səˈprɛs/
sure	/ˈʃʊr/
surely	/ˈʃʊrli/
surface	/ˈsɝfəs/
surge	/ˈsɝdʒ/
surgeon	/ˈsɝdʒən/, /ˈsɝdʒɪn/
surgery	/ˈsɝdʒɝi/
surgical	/ˈsɝdʒɪkəl/
surpass	/sɝˈpæs/
surplus	/ˈsɝpləs/
surprise	/səˈpraɪz/, /sɝˈpraɪz/
surprised	/səˈpraɪzd/, /sɝˈpraɪzd/
surprising	/səˈpraɪzɪŋ/, /sɝˈpraɪzɪŋ/
surrender	/sɝˈɛndɝ/
surround	/sɝˈaʊnd/
surrounding	/sɝˈaʊndɪŋ/
surveillance	/sɝˈveɪləns/
survey	/ˈsɝˌveɪ/, /sɝˈveɪ/
survival	/sɝˈvaɪvəl/
survive	/sɝˈvaɪv/
survivor	/sɝˈvaɪvɝ/
suspect	/ˈsəsˌpɛkt/, /səˈspɛkt/
suspend	/səˈspɛnd/
suspension	/səˈspɛnʃən/
suspicion	/səˈspɪʃən/
suspicious	/səˈspɪʃəs/
sustain	/səˈsteɪn/
sustainability	/səˌsteɪnəˈbɪlɪti/
sustainable	/səˈsteɪnəbəl/
swallow	/ˈswɑloʊ/, /ˈswɔloʊ/
swear	/ˈswɛr/
sweater	/ˈswɛtɝ/
sweep	/ˈswip/
sweet	/ˈswit/
swim	/ˈswɪm/
swimming	/ˈswɪmɪŋ/
swing	/ˈswɪŋ/
switch	/ˈswɪtʃ/
sword	/ˈsɔrd/
symbol	/ˈsɪmbəl/
symbolic	/sɪmˈbɑlɪk/
sympathetic	/ˌsɪmpəˈθɛtɪk/
sympathy	/ˈsɪmpəθi/
symptom	/ˈsɪmptəm/
syndrome	/ˈsɪnˌdroʊm/
system	/ˈsɪstəm/
systematic	/ˌsɪstəˈmætɪk/
table	/ˈteɪbəl/
tablet	/ˈtæblət/
tackle	/ˈtækəl/
tactic	/ˈtæktɪk/
tactical	/ˈtæktɪkəl/
tag	/ˈtæɡ/
tail	/ˈteɪl/
take	/ˈteɪk/
tale	/ˈteɪl/
talent	/ˈtælənt/
talented	/ˈtæləntɪd/
talk	/ˈtɔk/
tall	/ˈtɔl/
tank	/ˈtæŋk/
tap	/ˈtæp/
tape	/ˈteɪp/
target	/ˈtɑrɡət/, /ˈtɝɡət/
task	/ˈtæsk/
taste	/ˈteɪst/
tattoo	/ˌtæˈtu/
tax	/ˈtæks/
taxi	/ˈtæksi/
taxpayer	/ˈtækˌspeɪɝ/
tea	/ˈti/
teach	/ˈtitʃ/
teacher	/ˈtitʃɝ/
teaching	/ˈtitʃɪŋ/
team	/ˈtim/
tear	/ˈtɛr/, /ˈtɪr/
tease	/ˈtiz/
technical	/ˈtɛknɪkəl/
technique	/tɛkˈnik/
technological	/ˌtɛknəˈlɑdʒɪkəl/
technology	/tɛkˈnɑlədʒi/
teenage	/ˈtiˌneɪdʒ/
teenager	/ˈtiˌneɪdʒɝ/
teens	/ˈtinz/
telephone	/ˈtɛləˌfoʊn/
television	/ˈtɛləˌvɪʒən/
tell	/ˈtɛl/
temperature	/ˈtɛmpɝətʃɝ/, /ˈtɛmprətʃɝ/
temple	/ˈtɛmpəl/
temporarily	/ˌtɛmpɝˈɛrəli/
temporary	/ˈtɛmpɝˌɛri/
tempt	/ˈtɛmpt/
ten	/ˈtɛn/
tenant	/ˈtɛnənt/
tend	/ˈtɛnd/
tendency	/ˈtɛndənsi/
tennis	/ˈtɛnəs/, /ˈtɛnɪs/
tension	/ˈtɛnʃən/
tent	/ˈtɛnt/
tenure	/ˈtɛnjɝ/
term	/ˈtɝm/
terminal	/ˈtɝmənəl/
terminate	/ˈtɝməˌneɪt/
terms	/ˈtɝmz/
terrain	/tɝˈeɪn/
terrible	/ˈtɛrəbəl/
terribly	/ˈtɛrəbli/
terrific	/tɝˈɪfɪk/
terrify	/ˈtɛrəˌfaɪ/
territory	/ˈtɛrɪˌtɔri/
terror	/ˈtɛrɝ/
terrorism	/ˈtɛrɝˌɪzəm/
terrorist	/ˈtɛrɝɪst/
test	/ˈtɛst/
testify	/ˈtɛstəˌfaɪ/
testimony	/ˈtɛstəˌmoʊni/
testing	/ˈtɛstɪŋ/
text	/ˈtɛkst/
textbook	/ˈtɛkstˌbʊk/
texture	/ˈtɛkstʃɝ/
than	/ˈðæn/, /ðən/
thank	/ˈθæŋk/
thankfully	/ˈθæŋkfəli/
thanks	/ˈθæŋks/
that	/ˈðæt/, /ðət/
the	/ˈðə/, /ðə/
theatre	/ˈθiətɝ/
theft	/ˈθɛft/
their	/ˈðɛr/
theirs	/ˈðɛrz/
them	/ˈðɛm/, /ðəm/
theme	/ˈθim/
themselves	/ðəmˈsɛlvz/, /ðɛmˈsɛlvz/
then	/ˈðɛn/
theoretical	/ˌθiɝˈɛtɪkəl/
theory	/ˈθiɝi/, /ˈθɪri/
therapist	/ˈθɛrəpəst/, /ˈθɛrəpɪst/
therapy	/ˈθɛrəpi/
there	/ˈðɛr/
thereafter	/ðɛˈræftɝ/
thereby	/ˈðɛrˈbaɪ/
therefore	/ˈðɛrˌfɔr/
thesis	/ˈθisəs/
they	/ˈðeɪ/
thick	/ˈθɪk/
thief	/ˈθif/
thin	/ˈθɪn/
thing	/ˈθɪŋ/
think	/ˈθɪŋk/
thinking	/ˈθɪŋkɪŋ/
third	/ˈθɝd/
thirsty	/ˈθɝsti/
thirteen	/ˈθɝˈtin/
thirty	/ˈθɝˌdi/, /ˈθɝˌti/
this	/ˈðɪs/, /ðɪs/
thorough	/ˈθɝoʊ/, /ˈθɔroʊ/
thoroughly	/ˈθɝoʊli/
though	/ˈðoʊ/
thought	/ˈθɔt/
thoughtful	/ˈθɔtfəl/
thousand	/ˈθaʊzən/, /ˈθaʊzənd/
thread	/ˈθrɛd/
threat	/ˈθrɛt/
threaten	/ˈθrɛtən/
three	/ˈθri/
threshold	/ˈθrɛˌʃoʊld/
thrilled	/ˈθrɪld/
thrive	/ˈθraɪv/
throat	/ˈθroʊt/
through	/ˈθru/
throughout	/θruˈaʊt/
throw	/ˈθroʊ/
thumb	/ˈθəm/
thus	/ˈðəs/
ticket	/ˈtɪkət/, /ˈtɪkɪt/
tide	/ˈtaɪd/
tidy	/ˈtaɪdi/
tie	/ˈtaɪ/
tight	/ˈtaɪt/
tighten	/ˈtaɪtən/
till	/ˈtɪl/
timber	/ˈtɪmbɝ/
time	/ˈtaɪm/
timeline	/ˈtaɪmlaɪn/
timely	/ˈtaɪmli/
timing	/ˈtaɪmɪŋ/
tin	/ˈtɪn/
tiny	/ˈtaɪni/
tip	/ˈtɪp/
tired	/ˈtaɪɝd/
tissue	/ˈtɪsˌju/, /ˈtɪʃu/
title	/ˈtaɪtəl/
to	/ˈtu/, /tə/
tobacco	/təˈbæˌkoʊ/
today	/təˈdeɪ/, /tuˈdeɪ/
toe	/ˈtoʊ/
together	/təˈɡɛðɝ/
toilet	/ˈtɔɪlət/
tolerance	/ˈtɑlɝəns/
tolerate	/ˈtɑlɝˌeɪt/
toll	/ˈtoʊl/
tomato	/təˈmɑˌtoʊ/, /təˈmeɪˌtoʊ/
tomorrow	/təˈmɑˌroʊ/, /tuˈmɑˌroʊ/
ton	/ˈtən/
tone	/ˈtoʊn/
tongue	/ˈtəŋ/
tonight	/təˈnaɪt/, /tʊˈnaɪt/
tonne	/ˈtən/
too	/ˈtu/
tool	/ˈtul/
tooth	/ˈtuθ/
top	/ˈtɑp/, /ˈtɔp/
topic	/ˈtɑpɪk/
torture	/ˈtɔrtʃɝ/
toss	/ˈtɔs/
total	/ˈtoʊtəl/
totally	/ˈtoʊtəli/
touch	/ˈtətʃ/
tough	/ˈtəf/
tour	/ˈtʊr/
tourism	/ˈtʊˌrɪzəm/
tourist	/ˈtʊrəst/, /ˈtʊrɪst/
tournament	/ˈtʊrnəmənt/
towards	/ˈtɔrdz/, /təˈwɔrdz/
towel	/ˈtaʊəl/, /ˈtaʊl/
tower	/ˈtaʊɝ/
town	/ˈtaʊn/
toxic	/ˈtɑksɪk/
toy	/ˈtɔɪ/
trace	/ˈtreɪs/
track	/ˈtræk/
trade	/ˈtreɪd/
trademark	/ˈtreɪdˌmɑrk/
trading	/ˈtreɪdɪŋ/
tradition	/trəˈdɪʃən/
traditional	/trəˈdɪʃənəl/
traffic	/ˈtræfɪk/
trafficking	/ˈtræfɪkɪŋ/
tragedy	/ˈtrædʒədi/
tragic	/ˈtrædʒɪk/
trail	/ˈtreɪl/
trailer	/ˈtreɪlɝ/
train	/ˈtreɪn/
trainer	/ˈtreɪnɝ/
training	/ˈtreɪnɪŋ/
trait	/ˈtreɪt/
trans	/ˈtrænz/
transaction	/trænˈzækʃən/
transcript	/ˈtrænsˌkrɪpt/
transfer	/ˈtrænsfɝ/, /trænsˈfɝ/
transform	/ˈtrænsfɔrm/, /trænsˈfɔrm/
transformation	/ˌtrænsfɝˈmeɪʃən/
transit	/ˈtrænzɪt/
transition	/trænˈzɪʃən/
translate	/trænˈsleɪt/, /trænzˈleɪt/
translation	/trænˈsleɪʃən/, /trænzˈleɪʃən/
transmission	/trænsˈmɪʃən/, /trænzˈmɪʃən/
transmit	/trænzˈmɪt/
transparency	/trænˈspɛrənsi/
transparent	/trænˈspɛrənt/
transport	/ˈtrænspɔrt/, /trænˈspɔrt/
transportation	/ˌtrænspɝˈteɪʃən/
trap	/ˈtræp/
trauma	/ˈtrɔmə/
travel	/ˈtrævəl/
traveller	/ˈtrævəlɝ/
treasure	/ˈtrɛʒɝ/
treat	/ˈtrit/
treatment	/ˈtritmənt/
treaty	/ˈtriti/
tree	/ˈtri/
tremendous	/trəˈmɛndəs/, /trɪˈmɛndəs/
trend	/ˈtrɛnd/
trial	/ˈtraɪəl/, /ˈtraɪl/
tribal	/ˈtraɪbəl/
tribe	/ˈtraɪb/
tribunal	/trəbˈjunəl/
tribute	/ˈtrɪbjut/
trick	/ˈtrɪk/
trigger	/ˈtrɪɡɝ/
trillion	/ˈtrɪljən/
trio	/ˈtriˌoʊ/
trip	/ˈtrɪp/
triumph	/ˈtraɪəmf/
troop	/ˈtrup/
trophy	/ˈtroʊfi/
tropical	/ˈtrɑpɪkəl/
trouble	/ˈtrəbəl/
troubled	/ˈtrəbəld/
trousers	/ˈtraʊzɝz/
truck	/ˈtrək/
true	/ˈtru/
truly	/ˈtruli/
trust	/ˈtrəst/
trustee	/ˌtrəsˈti/
truth	/ˈtruθ/
try	/ˈtraɪ/
tsunami	/suˈnɑmi/, /tsuˈnɑmi/
tube	/ˈtjub/, /ˈtub/
tuition	/tjuˈɪʃən/
tune	/ˈtun/
tunnel	/ˈtənəl/
turn	/ˈtɝn/
turnout	/ˈtɝˌnaʊt/
turnover	/ˈtɝˌnoʊvɝ/
twelve	/ˈtwɛlv/
twenty	/ˈtwɛni/, /ˈtwɛnti/
twice	/ˈtwaɪs/
twin	/ˈtwɪn/
twist	/ˈtwɪst/
two	/ˈtu/
type	/ˈtaɪp/
typical	/ˈtɪpəkəl/, /ˈtɪpɪkəl/
typically	/ˈtɪpɪkəli/, /ˈtɪpɪkli/
tyre	/ˈtaɪr/
ugly	/ˈəɡli/
ultimate	/ˈəltəmət/
ultimately	/ˈəltəmətli/
umbrella	/ˈəmˌbrɛlə/, /əmˈbrɛlə/
unable	/əˈneɪbəl/
unacceptable	/ˌənækˈsɛptəbəl/
uncertainty	/ənˈsɝtənti/
uncle	/ˈəŋkəl/
uncomfortable	/ənˈkəmfɝtəbəl/
unconscious	/ˌənˈkɑnʃəs/
under	/ˈəndɝ/
undergo	/ˌəndɝˈɡoʊ/
underground	/ˈəndɝˌɡraʊnd/
underlying	/ˌəndɝˈlaɪɪŋ/
undermine	/ˈəndɝˌmaɪn/
understand	/ˌəndɝˈstænd/
understanding	/ˌəndɝˈstændɪŋ/
undertake	/ˈəndɝˌteɪk/
underwear	/ˈəndɝˌwɛr/
undoubtedly	/ənˈdaʊtɪdli/
unemployed	/ˌənɛmˈplɔɪd/
unemployment	/ˌənɪmˈplɔɪmənt/
unexpected	/ˌənɪkˈspɛktɪd/
unfair	/ˈənˈfɛr/, /ˌɔnˈfɛr/
unfold	/ənˈfoʊld/
unfortunate	/ənˈfɔrtʃənət/, /ənˈfɔrtʃunət/
unfortunately	/ənˈfɔrtʃənətli/, /ənˈfɔrtʃunətli/
unhappy	/ənˈhæpi/
uniform	/ˈjunəˌfɔrm/
unify	/ˈjunəˌfaɪ/
union	/ˈjunjən/
unique	/juˈnik/
unit	/ˈjunət/, /ˈjunɪt/
unite	/ˈjuˌnaɪt/
united	/juˈnaɪtɪd/
unity	/ˈjunəti/, /ˈjunɪti/
universal	/ˌjunəˈvɝsəl/
universe	/ˈjunəˌvɝs/
university	/ˌjunəˈvɝsəti/
unknown	/ənˈnoʊn/
unless	/ənˈlɛs/
unlike	/ənˈlaɪk/
unlikely	/ənˈlaɪkli/
unnecessary	/ənˈnɛsəˌsɛri/
unpleasant	/ənˈplɛzənt/
unprecedented	/ənˈprɛsɪˌdɛntɪd/
until	/ənˈtɪl/
unusual	/ənˈjuˌʒuəl/, /ənˈjuʒwəl/
unveil	/ənˈveɪl/
up	/ˈəp/
upcoming	/ˈəpˌkəmɪŋ/
update	/ˈəpˌdeɪt/, /əpˈdeɪt/
upgrade	/ˈəpˈɡreɪd/, /əpˈɡreɪd/
uphold	/əpˈhoʊld/
upon	/əˈpɑn/
upper	/ˈəpɝ/
upset	/ˈəpˌsɛt/, /əpˈsɛt/
upstairs	/əpˈstɛrz/
upwards	/ˈəpwɝdz/
urban	/ˈɝbən/
urge	/ˈɝdʒ/
urgent	/ˈɝdʒənt/
us	/ˈəs/, /ˌjuˈɛs/
usage	/ˈjusədʒ/, /ˈjusɪdʒ/
use	/ˈjus/, /ˈjuz/
used	/ˈjuzd/
used to	/ˈjuzd ˈtu/
useful	/ˈjusfəl/
useless	/ˈjusləs/
user	/ˈjuzɝ/
usual	/ˈjuʒəwəl/, /ˈjuʒuəl/
usually	/ˈjuʒəli/, /ˈjuʒəwəli/
utility	/juˈtɪləti/
utilize	/ˈjutəˌlaɪz/
utterly	/ˈətɝli/
vacation	/veɪˈkeɪʃən/
vaccinate	/ˈvæksəneɪt/
vaccination	/væksəˈneɪʃən/
vacuum	/ˈvækjum/
vague	/ˈveɪɡ/
valid	/ˈvælɪd/
valley	/ˈvæli/
valuable	/ˈvæljəbəl/, /ˈvæljubəl/
value	/ˈvælju/
van	/ˈvæn/
vanish	/ˈvænɪʃ/
variable	/ˈvɛriəbəl/
variation	/ˌvɛriˈeɪʃən/
varied	/ˈvɛrid/
variety	/vɝˈaɪəti/
various	/ˈvɛriəs/
vary	/ˈvɛri/
vast	/ˈvæst/
vegan	/ˈvɛɡən/
vegetable	/ˈvɛdʒtəbəl/
vehicle	/ˈvihɪkəl/, /ˈviɪkəl/
vein	/ˈveɪn/
vendor	/ˈvɛndɝ/
venture	/ˈvɛntʃɝ/
venue	/ˈvɛnju/
verbal	/ˈvɝbəl/
verdict	/ˈvɝdɪkt/
verify	/ˈvɛrəˌfaɪ/
verse	/ˈvɝs/
version	/ˈvɝʒən/
versus	/ˈvɝsəs/, /ˈvɝsəz/
vertical	/ˈvɝtɪkəl/
very	/ˈvɛri/
vessel	/ˈvɛsəl/
veteran	/ˈvɛtɝən/, /ˈvɛtrən/
via	/ˈvaɪə/, /ˈviə/
viable	/ˈvaɪəbəl/
vibrant	/ˈvaɪbrənt/
vice	/ˈvaɪs/
vicious	/ˈvɪʃəs/
victim	/ˈvɪktəm/, /ˈvɪktɪm/
victory	/ˈvɪktɝi/, /ˈvɪktri/
video	/ˈvɪdioʊ/
view	/ˈvju/
viewer	/ˈvjuɝ/
viewpoint	/ˈvjuˌpɔɪnt/
village	/ˈvɪlədʒ/, /ˈvɪlɪdʒ/
villager	/ˈvɪlɪdʒɝ/
villain	/ˈvɪlən/
violate	/ˈvaɪəleɪt/
violation	/vaɪəˈleɪʃən/
violence	/ˈvaɪələns/
violent	/ˈvaɪələnt/, /ˈvaɪlənt/
viral	/ˈvaɪrəl/
virtual	/ˈvɝtʃuəl/
virtue	/ˈvɝtʃu/
virus	/ˈvaɪrəs/
visa	/ˈvizə/
visible	/ˈvɪzəbəl/
vision	/ˈvɪʒən/
visit	/ˈvɪzɪt/
visitor	/ˈvɪzɪtɝ/
visual	/ˈvɪʒəwəl/
vital	/ˈvaɪtəl/
vitamin	/ˈvaɪtəmən/
vocal	/ˈvoʊkəl/
voice	/ˈvɔɪs/
volume	/ˈvɑljum/
voluntary	/ˈvɑləntɛri/
volunteer	/ˌvɑlənˈtɪr/
vote	/ˈvoʊt/
voting	/ˈvoʊtɪŋ/
vow	/ˈvaʊ/
vulnerability	/ˌvəlnɝəˈbɪlɪti/
vulnerable	/ˈvəlnɝəbəl/
wage	/ˈweɪdʒ/
wait	/ˈweɪt/
waiter	/ˈweɪtɝ/
wake	/ˈweɪk/
walk	/ˈwɑk/, /ˈwɔk/
wall	/ˈwɔl/
wander	/ˈwɑndɝ/
want	/ˈwɑnt/, /ˈwɔnt/
war	/ˈwɔr/
ward	/ˈwɔrd/
warehouse	/ˈwɛrˌhaʊs/
warfare	/ˈwɔrˌfɛr/
warm	/ˈwɔrm/
warming	/ˈwɔrmɪŋ/
warn	/ˈwɔrn/
warning	/ˈwɔrnɪŋ/
warrant	/ˈwɔrənt/
warrior	/ˈwɔriɝ/, /ˈwɔrjɝ/
wash	/ˈwɑʃ/
washing	/ˈwɑʃɪŋ/
waste	/ˈweɪst/
watch	/ˈwɑtʃ/, /ˈwɔtʃ/
water	/ˈwɔtɝ/
wave	/ˈweɪv/
way	/ˈweɪ/
we	/ˈwi/
weak	/ˈwik/
weaken	/ˈwikən/
weakness	/ˈwiknəs/
wealth	/ˈwɛlθ/
wealthy	/ˈwɛlθi/
weapon	/ˈwɛpən/
wear	/ˈwɛr/
weather	/ˈwɛðɝ/
weave	/ˈwiv/
web	/ˈwɛb/
website	/ˈwɛbˌsaɪt/
wedding	/ˈwɛdɪŋ/
weed	/ˈwid/
week	/ˈwik/
weekend	/ˈwiˌkɛnd/, /ˈwiˌkɪnd/
weekly	/ˈwikli/
weigh	/ˈweɪ/
weight	/ˈweɪt/
weird	/ˈwɪrd/
welcome	/ˈwɛlkəm/
welfare	/ˈwɛlˌfɛr/
well	/ˈwɛl/
west	/ˈwɛst/
western	/ˈhwɛstɝn/, /ˈwɛstɝn/
wet	/ˈwɛt/
what	/ˈhwət/, /ˈwət/
whatever	/ˌhwəˈtɛvɝ/, /ˌwəˈtɛvɝ/
whatsoever	/ˌhwətsoʊˈɛvɝ/, /ˌwətsoʊˈɛvɝ/
wheat	/ˈhwit/, /ˈwit/
wheel	/ˈhwil/, /ˈwil/
when	/ˈhwɛn/, /ˈhwɪn/
whenever	/hwɛˈnɛvɝ/, /wɛˈnɛvɝ/
where	/ˈhwɛr/, /ˈwɛr/
whereas	/hwɛˈræz/, /wɛˈræz/
wherever	/hwɛˈrɛvɝ/, /wɛˈrɛvɝ/
whether	/ˈhwɛðɝ/, /ˈwɛðɝ/
which	/ˈhwɪtʃ/, /ˈwɪtʃ/
while	/ˈhwaɪl/, /ˈwaɪl/
whilst	/ˈwaɪlst/
whip	/ˈhwɪp/, /ˈwɪp/
whisper	/ˈhwɪspɝ/, /ˈwɪspɝ/
white	/ˈhwaɪt/, /ˈwaɪt/
who	/ˈhu/
whoever	/huˈɛvɝ/
whole	/ˈhoʊl/
wholly	/ˈhoʊli/
whom	/ˈhum/
whose	/ˈhuz/
why	/ˈhwaɪ/, /ˈwaɪ/
wide	/ˈwaɪd/
widely	/ˈwaɪdli/
widen	/ˈwaɪdən/
widespread	/ˈwaɪdsˈprɛd/
widow	/ˈwɪdoʊ/
width	/ˈwɪdθ/
wife	/ˈwaɪf/
wild	/ˈwaɪld/
wildfire	/ˈwaɪldˌfaɪɝ/
wildlife	/ˈwaɪldˌlaɪf/
will	/ˈwɪl/, /wəl/
willing	/ˈwɪlɪŋ/
willingness	/ˈwɪlɪŋnəs/
win	/ˈwɪn/
wind	/ˈwaɪnd/, /ˈwɪnd/
window	/ˈwɪndoʊ/
wine	/ˈwaɪn/
wing	/ˈwɪŋ/
winner	/ˈwɪnɝ/
winter	/ˈwɪntɝ/
wipe	/ˈwaɪp/
wire	/ˈwaɪɝ/, /ˈwaɪr/
wisdom	/ˈwɪzdəm/
wise	/ˈwaɪz/
wish	/ˈwɪʃ/
wit	/ˈwɪt/
with	/ˈwɪð/, /ˈwɪθ/
withdraw	/wɪðˈdrɔ/, /wɪθˈdrɔ/
withdrawal	/wɪðˈdrɔəl/, /wɪθˈdrɔəl/
within	/wɪˈðɪn/, /wɪˈθɪn/
without	/wɪˈðaʊt/, /wɪˈθaʊt/
witness	/ˈwɪtnəs/
woman	/ˈwʊmən/
wonder	/ˈwəndɝ/
wonderful	/ˈwəndɝfəl/
wood	/ˈwʊd/
wooden	/ˈwʊdən/
wool	/ˈwʊl/
word	/ˈwɝd/
work	/ˈwɝk/
worker	/ˈwɝkɝ/
workforce	/ˈwɝkˌfɔrs/
working	/ˈwɝkɪŋ/
workout	/ˈwɝˌkaʊt/
workplace	/ˈwɝkˌpleɪs/
workshop	/ˈwɝkˌʃɑp/
world	/ˈwɝld/
worldwide	/ˈwɝldˈwaɪd/
worm	/ˈwɝm/
worried	/ˈwɝid/
worry	/ˈwɝi/
worse	/ˈwɝs/
worsen	/ˈwɝsən/
worship	/ˈwɝʃəp/, /ˈwɝʃɪp/
worst	/ˈwɝst/
worth	/ˈwɝθ/
worthwhile	/ˈwɝθˈwaɪl/
worthy	/ˈwɝði/
would	/ˈwʊd/
wound	/ˈwaʊnd/, /ˈwund/
wow	/ˈwaʊ/
wrap	/ˈræp/
wrist	/ˈrɪst/
write	/ˈraɪt/
writer	/ˈraɪtɝ/
writing	/ˈraɪtɪŋ/
written	/ˈrɪtən/
wrong	/ˈrɔŋ/
yard	/ˈjɑrd/
yeah	/ˈjæ/
year	/ˈjɪr/
yell	/ˈjɛl/
yellow	/ˈjɛloʊ/
yes	/ˈjɛs/
yesterday	/ˈjɛstɝˌdeɪ/, /ˈjɛstɝdi/
yet	/ˈjɛt/
yield	/ˈjild/
you	/ˈju/
young	/ˈjəŋ/
youngster	/ˈjəŋstɝ/
your	/ˈjɔr/, /ˈjʊr/
yours	/ˈjɔrz/, /ˈjʊrz/
yourself	/ˈjɔrsɛlf/, /jɝˈsɛlf/
youth	/ˈjuθ/
zero	/ˈziroʊ/, /ˈzɪroʊ/
zone	/ˈzoʊn/
