id,lemma,homonym,sense,pos,cefr,list,order
a-an_article,"a, an",,,article,A1,ox3000,1
about_preposition,about,,,preposition,A1,ox3000,2
about_adverb,about,,,adverb,A1,ox3000,3
above_preposition,above,,,preposition,A1,ox3000,4
above_adverb,above,,,adverb,A1,ox3000,5
across_preposition,across,,,preposition,A1,ox3000,6
across_adverb,across,,,adverb,A1,ox3000,7
action_noun,action,,,noun,A1,ox3000,8
activity_noun,activity,,,noun,A1,ox3000,9
actor_noun,actor,,,noun,A1,ox3000,10
actress_noun,actress,,,noun,A1,ox3000,11
add_verb,add,,,verb,A1,ox3000,12
address_noun,address,,,noun,A1,ox3000,13
adult_noun,adult,,,noun,A1,ox3000,14
advice_noun,advice,,,noun,A1,ox3000,15
afraid_adjective,afraid,,,adjective,A1,ox3000,16
after_preposition,after,,,preposition,A1,ox3000,17
afternoon_noun,afternoon,,,noun,A1,ox3000,18
again_adverb,again,,,adverb,A1,ox3000,19
age_noun,age,,,noun,A1,ox3000,20
ago_adverb,ago,,,adverb,A1,ox3000,21
agree_verb,agree,,,verb,A1,ox3000,22
air_noun,air,,,noun,A1,ox3000,23
airport_noun,airport,,,noun,A1,ox3000,24
all_determiner,all,,,determiner,A1,ox3000,25
all_pronoun,all,,,pronoun,A1,ox3000,26
also_adverb,also,,,adverb,A1,ox3000,27
always_adverb,always,,,adverb,A1,ox3000,28
amazing_adjective,amazing,,,adjective,A1,ox3000,29
and_conjunction,and,,,conjunction,A1,ox3000,30
angry_adjective,angry,,,adjective,A1,ox3000,31
animal_noun,animal,,,noun,A1,ox3000,32
another_determiner,another,,,determiner,A1,ox3000,33
another_pronoun,another,,,pronoun,A1,ox3000,34
answer_noun,answer,,,noun,A1,ox3000,35
answer_verb,answer,,,verb,A1,ox3000,36
any_determiner,any,,,determiner,A1,ox3000,37
any_pronoun,any,,,pronoun,A1,ox3000,38
anyone_pronoun,anyone,,,pronoun,A1,ox3000,39
anything_pronoun,anything,,,pronoun,A1,ox3000,40
apartment_noun,apartment,,,noun,A1,ox3000,41
apple_noun,apple,,,noun,A1,ox3000,42
April_noun,April,,,noun,A1,ox3000,43
area_noun,area,,,noun,A1,ox3000,44
arm_noun,arm,,,noun,A1,ox3000,45
around_preposition,around,,,preposition,A1,ox3000,46
around_adverb,around,,,adverb,A1,ox3000,47
arrive_verb,arrive,,,verb,A1,ox3000,48
art_noun,art,,,noun,A1,ox3000,49
article_noun,article,,,noun,A1,ox3000,50
artist_noun,artist,,,noun,A1,ox3000,51
as_preposition,as,,,preposition,A1,ox3000,52
ask_verb,ask,,,verb,A1,ox3000,53
at_preposition,at,,,preposition,A1,ox3000,54
August_noun,August,,,noun,A1,ox3000,55
aunt_noun,aunt,,,noun,A1,ox3000,56
autumn_noun,autumn,,,noun,A1,ox3000,57
away_adverb,away,,,adverb,A1,ox3000,58
baby_noun,baby,,,noun,A1,ox3000,59
back_noun,back,,,noun,A1,ox3000,60
back_adverb,back,,,adverb,A1,ox3000,61
bad_adjective,bad,,,adjective,A1,ox3000,62
bag_noun,bag,,,noun,A1,ox3000,63
ball_noun,ball,,,noun,A1,ox3000,64
banana_noun,banana,,,noun,A1,ox3000,65
band_noun,band,,,noun,A1,ox3000,66
bank-money_noun,bank,,money,noun,A1,ox3000,67
bath_noun,bath,,,noun,A1,ox3000,68
bathroom_noun,bathroom,,,noun,A1,ox3000,69
be_verb,be,,,verb,A1,ox3000,70
be_auxiliary,be,,,auxiliary,A1,ox3000,71
beach_noun,beach,,,noun,A1,ox3000,72
beautiful_adjective,beautiful,,,adjective,A1,ox3000,73
because_conjunction,because,,,conjunction,A1,ox3000,74
become_verb,become,,,verb,A1,ox3000,75
bed_noun,bed,,,noun,A1,ox3000,76
bedroom_noun,bedroom,,,noun,A1,ox3000,77
beer_noun,beer,,,noun,A1,ox3000,78
before_preposition,before,,,preposition,A1,ox3000,79
begin_verb,begin,,,verb,A1,ox3000,80
beginning_noun,beginning,,,noun,A1,ox3000,81
behind_preposition,behind,,,preposition,A1,ox3000,82
behind_adverb,behind,,,adverb,A1,ox3000,83
believe_verb,believe,,,verb,A1,ox3000,84
below_adverb,below,,,adverb,A1,ox3000,85
below_preposition,below,,,preposition,A1,ox3000,86
best_adjective,best,,,adjective,A1,ox3000,87
better_adjective,better,,,adjective,A1,ox3000,88
between_preposition,between,,,preposition,A1,ox3000,89
bicycle_noun,bicycle,,,noun,A1,ox3000,90
big_adjective,big,,,adjective,A1,ox3000,91
bike_noun,bike,,,noun,A1,ox3000,92
bill_noun,bill,,,noun,A1,ox3000,93
bird_noun,bird,,,noun,A1,ox3000,94
birthday_noun,birthday,,,noun,A1,ox3000,95
black_adjective,black,,,adjective,A1,ox3000,96
black_noun,black,,,noun,A1,ox3000,97
blog_noun,blog,,,noun,A1,ox3000,98
blonde_adjective,blonde,,,adjective,A1,ox3000,99
blue_adjective,blue,,,adjective,A1,ox3000,100
blue_noun,blue,,,noun,A1,ox3000,101
boat_noun,boat,,,noun,A1,ox3000,102
body_noun,body,,,noun,A1,ox3000,103
book_noun,book,,,noun,A1,ox3000,104
boot_noun,boot,,,noun,A1,ox3000,105
bored_adjective,bored,,,adjective,A1,ox3000,106
boring_adjective,boring,,,adjective,A1,ox3000,107
born_verb,born,,,verb,A1,ox3000,108
both_determiner,both,,,determiner,A1,ox3000,109
both_pronoun,both,,,pronoun,A1,ox3000,110
bottle_noun,bottle,,,noun,A1,ox3000,111
box_noun,box,,,noun,A1,ox3000,112
boy_noun,boy,,,noun,A1,ox3000,113
boyfriend_noun,boyfriend,,,noun,A1,ox3000,114
bread_noun,bread,,,noun,A1,ox3000,115
break_verb,break,,,verb,A1,ox3000,116
break_noun,break,,,noun,A1,ox3000,117
breakfast_noun,breakfast,,,noun,A1,ox3000,118
bring_verb,bring,,,verb,A1,ox3000,119
brother_noun,brother,,,noun,A1,ox3000,120
brown_adjective,brown,,,adjective,A1,ox3000,121
brown_noun,brown,,,noun,A1,ox3000,122
build_verb,build,,,verb,A1,ox3000,123
building_noun,building,,,noun,A1,ox3000,124
bus_noun,bus,,,noun,A1,ox3000,125
business_noun,business,,,noun,A1,ox3000,126
busy_adjective,busy,,,adjective,A1,ox3000,127
but_conjunction,but,,,conjunction,A1,ox3000,128
butter_noun,butter,,,noun,A1,ox3000,129
buy_verb,buy,,,verb,A1,ox3000,130
by_preposition,by,,,preposition,A1,ox3000,131
bye_exclamation,bye,,,exclamation,A1,ox3000,132
cafe_noun,cafe,,,noun,A1,ox3000,133
cake_noun,cake,,,noun,A1,ox3000,134
call_verb,call,,,verb,A1,ox3000,135
call_noun,call,,,noun,A1,ox3000,136
camera_noun,camera,,,noun,A1,ox3000,137
can-1_modal,can,1,,modal,A1,ox3000,138
cannot_modal,cannot,,,modal,A1,ox3000,139
capital_noun,capital,,,noun,A1,ox3000,140
capital_adjective,capital,,,adjective,A1,ox3000,141
car_noun,car,,,noun,A1,ox3000,142
card_noun,card,,,noun,A1,ox3000,143
career_noun,career,,,noun,A1,ox3000,144
carrot_noun,carrot,,,noun,A1,ox3000,145
carry_verb,carry,,,verb,A1,ox3000,146
cat_noun,cat,,,noun,A1,ox3000,147
CD_noun,CD,,,noun,A1,ox3000,148
cent_noun,cent,,,noun,A1,ox3000,149
centre_noun,centre,,,noun,A1,ox3000,150
century_noun,century,,,noun,A1,ox3000,151
chair_noun,chair,,,noun,A1,ox3000,152
change_verb,change,,,verb,A1,ox3000,153
change_noun,change,,,noun,A1,ox3000,154
chart_noun,chart,,,noun,A1,ox3000,155
cheap_adjective,cheap,,,adjective,A1,ox3000,156
check_verb,check,,,verb,A1,ox3000,157
cheese_noun,cheese,,,noun,A1,ox3000,158
chicken_noun,chicken,,,noun,A1,ox3000,159
child_noun,child,,,noun,A1,ox3000,160
chocolate_noun,chocolate,,,noun,A1,ox3000,161
choose_verb,choose,,,verb,A1,ox3000,162
cinema_noun,cinema,,,noun,A1,ox3000,163
city_noun,city,,,noun,A1,ox3000,164
class_noun,class,,,noun,A1,ox3000,165
classroom_noun,classroom,,,noun,A1,ox3000,166
clean_adjective,clean,,,adjective,A1,ox3000,167
clean_verb,clean,,,verb,A1,ox3000,168
climb_verb,climb,,,verb,A1,ox3000,169
clock_noun,clock,,,noun,A1,ox3000,170
close-1_verb,close,1,,verb,A1,ox3000,171
clothes_noun,clothes,,,noun,A1,ox3000,172
club_noun,club,,,noun,A1,ox3000,173
coat_noun,coat,,,noun,A1,ox3000,174
coffee_noun,coffee,,,noun,A1,ox3000,175
cold_adjective,cold,,,adjective,A1,ox3000,176
cold_noun,cold,,,noun,A1,ox3000,177
college_noun,college,,,noun,A1,ox3000,178
colour_noun,colour,,,noun,A1,ox3000,179
come_verb,come,,,verb,A1,ox3000,180
common_adjective,common,,,adjective,A1,ox3000,181
company_noun,company,,,noun,A1,ox3000,182
compare_verb,compare,,,verb,A1,ox3000,183
complete_adjective,complete,,,adjective,A1,ox3000,184
complete_verb,complete,,,verb,A1,ox3000,185
computer_noun,computer,,,noun,A1,ox3000,186
concert_noun,concert,,,noun,A1,ox3000,187
conversation_noun,conversation,,,noun,A1,ox3000,188
cook_verb,cook,,,verb,A1,ox3000,189
cooking_noun,cooking,,,noun,A1,ox3000,190
cool_adjective,cool,,,adjective,A1,ox3000,191
correct_adjective,correct,,,adjective,A1,ox3000,192
correct_verb,correct,,,verb,A1,ox3000,193
cost_noun,cost,,,noun,A1,ox3000,194
cost_verb,cost,,,verb,A1,ox3000,195
could_modal,could,,,modal,A1,ox3000,196
country_noun,country,,,noun,A1,ox3000,197
course_noun,course,,,noun,A1,ox3000,198
cousin_noun,cousin,,,noun,A1,ox3000,199
cow_noun,cow,,,noun,A1,ox3000,200
cream_noun,cream,,,noun,A1,ox3000,201
create_verb,create,,,verb,A1,ox3000,202
culture_noun,culture,,,noun,A1,ox3000,203
cup_noun,cup,,,noun,A1,ox3000,204
customer_noun,customer,,,noun,A1,ox3000,205
cut_verb,cut,,,verb,A1,ox3000,206
dad_noun,dad,,,noun,A1,ox3000,207
dance_noun,dance,,,noun,A1,ox3000,208
dance_verb,dance,,,verb,A1,ox3000,209
dancer_noun,dancer,,,noun,A1,ox3000,210
dancing_noun,dancing,,,noun,A1,ox3000,211
dangerous_adjective,dangerous,,,adjective,A1,ox3000,212
dark_adjective,dark,,,adjective,A1,ox3000,213
date_noun,date,,,noun,A1,ox3000,214
daughter_noun,daughter,,,noun,A1,ox3000,215
day_noun,day,,,noun,A1,ox3000,216
dear_adjective,dear,,,adjective,A1,ox3000,217
December_noun,December,,,noun,A1,ox3000,218
decide_verb,decide,,,verb,A1,ox3000,219
delicious_adjective,delicious,,,adjective,A1,ox3000,220
describe_verb,describe,,,verb,A1,ox3000,221
description_noun,description,,,noun,A1,ox3000,222
design_noun,design,,,noun,A1,ox3000,223
design_verb,design,,,verb,A1,ox3000,224
desk_noun,desk,,,noun,A1,ox3000,225
detail_noun,detail,,,noun,A1,ox3000,226
dialogue_noun,dialogue,,,noun,A1,ox3000,227
dictionary_noun,dictionary,,,noun,A1,ox3000,228
die_verb,die,,,verb,A1,ox3000,229
diet_noun,diet,,,noun,A1,ox3000,230
difference_noun,difference,,,noun,A1,ox3000,231
different_adjective,different,,,adjective,A1,ox3000,232
difficult_adjective,difficult,,,adjective,A1,ox3000,233
dinner_noun,dinner,,,noun,A1,ox3000,234
dirty_adjective,dirty,,,adjective,A1,ox3000,235
discuss_verb,discuss,,,verb,A1,ox3000,236
dish_noun,dish,,,noun,A1,ox3000,237
do-1_verb,do,1,,verb,A1,ox3000,238
do-1_auxiliary,do,1,,auxiliary,A1,ox3000,239
doctor_noun,doctor,,,noun,A1,ox3000,240
dog_noun,dog,,,noun,A1,ox3000,241
dollar_noun,dollar,,,noun,A1,ox3000,242
door_noun,door,,,noun,A1,ox3000,243
down_adverb,down,,,adverb,A1,ox3000,244
down_preposition,down,,,preposition,A1,ox3000,245
downstairs_adverb,downstairs,,,adverb,A1,ox3000,246
draw_verb,draw,,,verb,A1,ox3000,247
dress_noun,dress,,,noun,A1,ox3000,248
dress_verb,dress,,,verb,A1,ox3000,249
drink_noun,drink,,,noun,A1,ox3000,250
drink_verb,drink,,,verb,A1,ox3000,251
drive_verb,drive,,,verb,A1,ox3000,252
driver_noun,driver,,,noun,A1,ox3000,253
during_preposition,during,,,preposition,A1,ox3000,254
DVD_noun,DVD,,,noun,A1,ox3000,255
each_determiner,each,,,determiner,A1,ox3000,256
each_pronoun,each,,,pronoun,A1,ox3000,257
each_adverb,each,,,adverb,A1,ox3000,258
ear_noun,ear,,,noun,A1,ox3000,259
early_adjective,early,,,adjective,A1,ox3000,260
early_adverb,early,,,adverb,A1,ox3000,261
east_noun,east,,,noun,A1,ox3000,262
east_adjective,east,,,adjective,A1,ox3000,263
east_adverb,east,,,adverb,A1,ox3000,264
easy_adjective,easy,,,adjective,A1,ox3000,265
eat_verb,eat,,,verb,A1,ox3000,266
egg_noun,egg,,,noun,A1,ox3000,267
eight_number,eight,,,number,A1,ox3000,268
eighteen_number,eighteen,,,number,A1,ox3000,269
eighty_number,eighty,,,number,A1,ox3000,270
elephant_noun,elephant,,,noun,A1,ox3000,271
eleven_number,eleven,,,number,A1,ox3000,272
else_adverb,else,,,adverb,A1,ox3000,273
email_noun,email,,,noun,A1,ox3000,274
email_verb,email,,,verb,A1,ox3000,275
end_noun,end,,,noun,A1,ox3000,276
end_verb,end,,,verb,A1,ox3000,277
enjoy_verb,enjoy,,,verb,A1,ox3000,278
enough_determiner,enough,,,determiner,A1,ox3000,279
enough_pronoun,enough,,,pronoun,A1,ox3000,280
enough_adverb,enough,,,adverb,A1,ox3000,281
euro_noun,euro,,,noun,A1,ox3000,282
even_adverb,even,,,adverb,A1,ox3000,283
evening_noun,evening,,,noun,A1,ox3000,284
event_noun,event,,,noun,A1,ox3000,285
ever_adverb,ever,,,adverb,A1,ox3000,286
every_determiner,every,,,determiner,A1,ox3000,287
everybody_pronoun,everybody,,,pronoun,A1,ox3000,288
everyone_pronoun,everyone,,,pronoun,A1,ox3000,289
everything_pronoun,everything,,,pronoun,A1,ox3000,290
exam_noun,exam,,,noun,A1,ox3000,291
example_noun,example,,,noun,A1,ox3000,292
excited_adjective,excited,,,adjective,A1,ox3000,293
exciting_adjective,exciting,,,adjective,A1,ox3000,294
exercise_noun,exercise,,,noun,A1,ox3000,295
exercise_verb,exercise,,,verb,A1,ox3000,296
expensive_adjective,expensive,,,adjective,A1,ox3000,297
explain_verb,explain,,,verb,A1,ox3000,298
extra_adjective,extra,,,adjective,A1,ox3000,299
eye_noun,eye,,,noun,A1,ox3000,300
face_noun,face,,,noun,A1,ox3000,301
fact_noun,fact,,,noun,A1,ox3000,302
fall_verb,fall,,,verb,A1,ox3000,303
false_adjective,false,,,adjective,A1,ox3000,304
family_noun,family,,,noun,A1,ox3000,305
family_adjective,family,,,adjective,A1,ox3000,306
famous_adjective,famous,,,adjective,A1,ox3000,307
fantastic_adjective,fantastic,,,adjective,A1,ox3000,308
far_adverb,far,,,adverb,A1,ox3000,309
farm_noun,farm,,,noun,A1,ox3000,310
farmer_noun,farmer,,,noun,A1,ox3000,311
fast_adjective,fast,,,adjective,A1,ox3000,312
fast_adverb,fast,,,adverb,A1,ox3000,313
fat_adjective,fat,,,adjective,A1,ox3000,314
father_noun,father,,,noun,A1,ox3000,315
favourite_adjective,favourite,,,adjective,A1,ox3000,316
favourite_noun,favourite,,,noun,A1,ox3000,317
February_noun,February,,,noun,A1,ox3000,318
feel_verb,feel,,,verb,A1,ox3000,319
feeling_noun,feeling,,,noun,A1,ox3000,320
festival_noun,festival,,,noun,A1,ox3000,321
few_determiner,few,,,determiner,A1,ox3000,322
few_adjective,few,,,adjective,A1,ox3000,323
few_pronoun,few,,,pronoun,A1,ox3000,324
fifteen_number,fifteen,,,number,A1,ox3000,325
fifth_number,fifth,,,number,A1,ox3000,326
fifty_number,fifty,,,number,A1,ox3000,327
fill_verb,fill,,,verb,A1,ox3000,328
film_noun,film,,,noun,A1,ox3000,329
final_adjective,final,,,adjective,A1,ox3000,330
find_verb,find,,,verb,A1,ox3000,331
fine_adjective,fine,,,adjective,A1,ox3000,332
finish_verb,finish,,,verb,A1,ox3000,333
fire_noun,fire,,,noun,A1,ox3000,334
first_determiner,first,,,determiner,A1,ox3000,335
first_number,first,,,number,A1,ox3000,336
first_adverb,first,,,adverb,A1,ox3000,337
fish_noun,fish,,,noun,A1,ox3000,338
five_number,five,,,number,A1,ox3000,339
flat_noun,flat,,,noun,A1,ox3000,340
flight_noun,flight,,,noun,A1,ox3000,341
floor_noun,floor,,,noun,A1,ox3000,342
flower_noun,flower,,,noun,A1,ox3000,343
fly_verb,fly,,,verb,A1,ox3000,344
follow_verb,follow,,,verb,A1,ox3000,345
food_noun,food,,,noun,A1,ox3000,346
foot_noun,foot,,,noun,A1,ox3000,347
football_noun,football,,,noun,A1,ox3000,348
for_preposition,for,,,preposition,A1,ox3000,349
forget_verb,forget,,,verb,A1,ox3000,350
form_noun,form,,,noun,A1,ox3000,351
form_verb,form,,,verb,A1,ox3000,352
forty_number,forty,,,number,A1,ox3000,353
four_number,four,,,number,A1,ox3000,354
fourteen_number,fourteen,,,number,A1,ox3000,355
fourth_number,fourth,,,number,A1,ox3000,356
free_adjective,free,,,adjective,A1,ox3000,357
Friday_noun,Friday,,,noun,A1,ox3000,358
friend_noun,friend,,,noun,A1,ox3000,359
friendly_adjective,friendly,,,adjective,A1,ox3000,360
from_preposition,from,,,preposition,A1,ox3000,361
front_noun,front,,,noun,A1,ox3000,362
front_adjective,front,,,adjective,A1,ox3000,363
fruit_noun,fruit,,,noun,A1,ox3000,364
full_adjective,full,,,adjective,A1,ox3000,365
fun_noun,fun,,,noun,A1,ox3000,366
funny_adjective,funny,,,adjective,A1,ox3000,367
future_noun,future,,,noun,A1,ox3000,368
game_noun,game,,,noun,A1,ox3000,369
garden_noun,garden,,,noun,A1,ox3000,370
geography_noun,geography,,,noun,A1,ox3000,371
get_verb,get,,,verb,A1,ox3000,372
girl_noun,girl,,,noun,A1,ox3000,373
girlfriend_noun,girlfriend,,,noun,A1,ox3000,374
give_verb,give,,,verb,A1,ox3000,375
glass_noun,glass,,,noun,A1,ox3000,376
go_verb,go,,,verb,A1,ox3000,377
good_adjective,good,,,adjective,A1,ox3000,378
goodbye_exclamation,goodbye,,,exclamation,A1,ox3000,379
goodbye_noun,goodbye,,,noun,A1,ox3000,380
grandfather_noun,grandfather,,,noun,A1,ox3000,381
grandmother_noun,grandmother,,,noun,A1,ox3000,382
grandparent_noun,grandparent,,,noun,A1,ox3000,383
great_adjective,great,,,adjective,A1,ox3000,384
green_adjective,green,,,adjective,A1,ox3000,385
green_noun,green,,,noun,A1,ox3000,386
grey_adjective,grey,,,adjective,A1,ox3000,387
grey_noun,grey,,,noun,A1,ox3000,388
group_noun,group,,,noun,A1,ox3000,389
grow_verb,grow,,,verb,A1,ox3000,390
guess_verb,guess,,,verb,A1,ox3000,391
guess_noun,guess,,,noun,A1,ox3000,392
guitar_noun,guitar,,,noun,A1,ox3000,393
gym_noun,gym,,,noun,A1,ox3000,394
hair_noun,hair,,,noun,A1,ox3000,395
half_noun,half,,,noun,A1,ox3000,396
half_determiner,half,,,determiner,A1,ox3000,397
half_pronoun,half,,,pronoun,A1,ox3000,398
hand_noun,hand,,,noun,A1,ox3000,399
happen_verb,happen,,,verb,A1,ox3000,400
happy_adjective,happy,,,adjective,A1,ox3000,401
hard_adjective,hard,,,adjective,A1,ox3000,402
hard_adverb,hard,,,adverb,A1,ox3000,403
hat_noun,hat,,,noun,A1,ox3000,404
hate_verb,hate,,,verb,A1,ox3000,405
have_verb,have,,,verb,A1,ox3000,406
have-to_modal,have to,,,modal,A1,ox3000,407
he_pronoun,he,,,pronoun,A1,ox3000,408
head_noun,head,,,noun,A1,ox3000,409
health_noun,health,,,noun,A1,ox3000,410
healthy_adjective,healthy,,,adjective,A1,ox3000,411
hear_verb,hear,,,verb,A1,ox3000,412
hello_exclamation,hello,,,exclamation,A1,ox3000,413
hello_noun,hello,,,noun,A1,ox3000,414
help_verb,help,,,verb,A1,ox3000,415
help_noun,help,,,noun,A1,ox3000,416
her_pronoun,her,,,pronoun,A1,ox3000,417
her_determiner,her,,,determiner,A1,ox3000,418
here_adverb,here,,,adverb,A1,ox3000,419
hey_exclamation,hey,,,exclamation,A1,ox3000,420
hi_exclamation,hi,,,exclamation,A1,ox3000,421
high_adjective,high,,,adjective,A1,ox3000,422
him_pronoun,him,,,pronoun,A1,ox3000,423
his_determiner,his,,,determiner,A1,ox3000,424
history_noun,history,,,noun,A1,ox3000,425
hobby_noun,hobby,,,noun,A1,ox3000,426
holiday_noun,holiday,,,noun,A1,ox3000,427
home_noun,home,,,noun,A1,ox3000,428
home_adverb,home,,,adverb,A1,ox3000,429
homework_noun,homework,,,noun,A1,ox3000,430
hope_verb,hope,,,verb,A1,ox3000,431
horse_noun,horse,,,noun,A1,ox3000,432
hospital_noun,hospital,,,noun,A1,ox3000,433
hot_adjective,hot,,,adjective,A1,ox3000,434
hotel_noun,hotel,,,noun,A1,ox3000,435
hour_noun,hour,,,noun,A1,ox3000,436
house_noun,house,,,noun,A1,ox3000,437
how_adverb,how,,,adverb,A1,ox3000,438
however_adverb,however,,,adverb,A1,ox3000,439
hundred_number,hundred,,,number,A1,ox3000,440
hungry_adjective,hungry,,,adjective,A1,ox3000,441
husband_noun,husband,,,noun,A1,ox3000,442
I_pronoun,I,,,pronoun,A1,ox3000,443
ice_noun,ice,,,noun,A1,ox3000,444
ice-cream_noun,ice cream,,,noun,A1,ox3000,445
idea_noun,idea,,,noun,A1,ox3000,446
if_conjunction,if,,,conjunction,A1,ox3000,447
imagine_verb,imagine,,,verb,A1,ox3000,448
important_adjective,important,,,adjective,A1,ox3000,449
improve_verb,improve,,,verb,A1,ox3000,450
in_preposition,in,,,preposition,A1,ox3000,451
in_adverb,in,,,adverb,A1,ox3000,452
include_verb,include,,,verb,A1,ox3000,453
information_noun,information,,,noun,A1,ox3000,454
interest_noun,interest,,,noun,A1,ox3000,455
interest_verb,interest,,,verb,A1,ox3000,456
interested_adjective,interested,,,adjective,A1,ox3000,457
interesting_adjective,interesting,,,adjective,A1,ox3000,458
internet_noun,internet,,,noun,A1,ox3000,459
interview_noun,interview,,,noun,A1,ox3000,460
interview_verb,interview,,,verb,A1,ox3000,461
into_preposition,into,,,preposition,A1,ox3000,462
introduce_verb,introduce,,,verb,A1,ox3000,463
island_noun,island,,,noun,A1,ox3000,464
it_pronoun,it,,,pronoun,A1,ox3000,465
its_determiner,its,,,determiner,A1,ox3000,466
jacket_noun,jacket,,,noun,A1,ox3000,467
January_noun,January,,,noun,A1,ox3000,468
jeans_noun,jeans,,,noun,A1,ox3000,469
job_noun,job,,,noun,A1,ox3000,470
join_verb,join,,,verb,A1,ox3000,471
journey_noun,journey,,,noun,A1,ox3000,472
juice_noun,juice,,,noun,A1,ox3000,473
July_noun,July,,,noun,A1,ox3000,474
June_noun,June,,,noun,A1,ox3000,475
just_adverb,just,,,adverb,A1,ox3000,476
keep_verb,keep,,,verb,A1,ox3000,477
key_noun,key,,,noun,A1,ox3000,478
key_adjective,key,,,adjective,A1,ox3000,479
kilometre_noun,kilometre,,,noun,A1,ox3000,480
kind-type_noun,kind,,type,noun,A1,ox3000,481
kitchen_noun,kitchen,,,noun,A1,ox3000,482
know_verb,know,,,verb,A1,ox3000,483
land_noun,land,,,noun,A1,ox3000,484
language_noun,language,,,noun,A1,ox3000,485
large_adjective,large,,,adjective,A1,ox3000,486
last-1-final_determiner,last,1,final,determiner,A1,ox3000,487
late_adjective,late,,,adjective,A1,ox3000,488
late_adverb,late,,,adverb,A1,ox3000,489
later_adverb,later,,,adverb,A1,ox3000,490
laugh_verb,laugh,,,verb,A1,ox3000,491
laugh_noun,laugh,,,noun,A1,ox3000,492
learn_verb,learn,,,verb,A1,ox3000,493
leave_verb,leave,,,verb,A1,ox3000,494
left_adjective,left,,,adjective,A1,ox3000,495
left_adverb,left,,,adverb,A1,ox3000,496
left_noun,left,,,noun,A1,ox3000,497
leg_noun,leg,,,noun,A1,ox3000,498
lesson_noun,lesson,,,noun,A1,ox3000,499
let_verb,let,,,verb,A1,ox3000,500
letter_noun,letter,,,noun,A1,ox3000,501
library_noun,library,,,noun,A1,ox3000,502
lie-1_verb,lie,1,,verb,A1,ox3000,503
life_noun,life,,,noun,A1,ox3000,504
light-from-the-sun-a-lamp_noun,light,,from the sun/a lamp,noun,A1,ox3000,505
light-from-the-sun-a-lamp_adjective,light,,from the sun/a lamp,adjective,A1,ox3000,506
like-similar_preposition,like,,similar,preposition,A1,ox3000,507
like-find-sb-sth-pleasant_verb,like,,find sb/sth pleasant,verb,A1,ox3000,508
line_noun,line,,,noun,A1,ox3000,509
lion_noun,lion,,,noun,A1,ox3000,510
list_noun,list,,,noun,A1,ox3000,511
list_verb,list,,,verb,A1,ox3000,512
listen_verb,listen,,,verb,A1,ox3000,513
little_adjective,little,,,adjective,A1,ox3000,514
little_determiner,little,,,determiner,A1,ox3000,515
little_pronoun,little,,,pronoun,A1,ox3000,516
live-1_verb,live,1,,verb,A1,ox3000,517
local_adjective,local,,,adjective,A1,ox3000,518
long-1_adjective,long,1,,adjective,A1,ox3000,519
long-1_adverb,long,1,,adverb,A1,ox3000,520
look_verb,look,,,verb,A1,ox3000,521
lose_verb,lose,,,verb,A1,ox3000,522
lot_pronoun,lot,,,pronoun,A1,ox3000,523
lot_determiner,lot,,,determiner,A1,ox3000,524
lot_adverb,lot,,,adverb,A1,ox3000,525
love_noun,love,,,noun,A1,ox3000,526
love_verb,love,,,verb,A1,ox3000,527
lunch_noun,lunch,,,noun,A1,ox3000,528
machine_noun,machine,,,noun,A1,ox3000,529
magazine_noun,magazine,,,noun,A1,ox3000,530
main_adjective,main,,,adjective,A1,ox3000,531
make_verb,make,,,verb,A1,ox3000,532
man_noun,man,,,noun,A1,ox3000,533
many_determiner,many,,,determiner,A1,ox3000,534
many_pronoun,many,,,pronoun,A1,ox3000,535
map_noun,map,,,noun,A1,ox3000,536
March_noun,March,,,noun,A1,ox3000,537
market_noun,market,,,noun,A1,ox3000,538
married_adjective,married,,,adjective,A1,ox3000,539
match-contest-correspond_noun,match,,contest/correspond,noun,A1,ox3000,540
match-contest-correspond_verb,match,,contest/correspond,verb,A1,ox3000,541
May_noun,May,,,noun,A1,ox3000,542
maybe_adverb,maybe,,,adverb,A1,ox3000,543
me_pronoun,me,,,pronoun,A1,ox3000,544
meal_noun,meal,,,noun,A1,ox3000,545
mean_verb,mean,,,verb,A1,ox3000,546
meaning_noun,meaning,,,noun,A1,ox3000,547
meat_noun,meat,,,noun,A1,ox3000,548
meet_verb,meet,,,verb,A1,ox3000,549
meeting_noun,meeting,,,noun,A1,ox3000,550
member_noun,member,,,noun,A1,ox3000,551
menu_noun,menu,,,noun,A1,ox3000,552
message_noun,message,,,noun,A1,ox3000,553
metre_noun,metre,,,noun,A1,ox3000,554
midnight_noun,midnight,,,noun,A1,ox3000,555
mile_noun,mile,,,noun,A1,ox3000,556
milk_noun,milk,,,noun,A1,ox3000,557
million_number,million,,,number,A1,ox3000,558
minute-1_noun,minute,1,,noun,A1,ox3000,559
miss_verb,miss,,,verb,A1,ox3000,560
mistake_noun,mistake,,,noun,A1,ox3000,561
model_noun,model,,,noun,A1,ox3000,562
modern_adjective,modern,,,adjective,A1,ox3000,563
moment_noun,moment,,,noun,A1,ox3000,564
Monday_noun,Monday,,,noun,A1,ox3000,565
money_noun,money,,,noun,A1,ox3000,566
month_noun,month,,,noun,A1,ox3000,567
more_determiner,more,,,determiner,A1,ox3000,568
more_pronoun,more,,,pronoun,A1,ox3000,569
more_adverb,more,,,adverb,A1,ox3000,570
morning_noun,morning,,,noun,A1,ox3000,571
most_determiner,most,,,determiner,A1,ox3000,572
most_pronoun,most,,,pronoun,A1,ox3000,573
most_adverb,most,,,adverb,A1,ox3000,574
mother_noun,mother,,,noun,A1,ox3000,575
mountain_noun,mountain,,,noun,A1,ox3000,576
mouse_noun,mouse,,,noun,A1,ox3000,577
mouth_noun,mouth,,,noun,A1,ox3000,578
move_verb,move,,,verb,A1,ox3000,579
movie_noun,movie,,,noun,A1,ox3000,580
much_determiner,much,,,determiner,A1,ox3000,581
much_pronoun,much,,,pronoun,A1,ox3000,582
much_adverb,much,,,adverb,A1,ox3000,583
mum_noun,mum,,,noun,A1,ox3000,584
museum_noun,museum,,,noun,A1,ox3000,585
music_noun,music,,,noun,A1,ox3000,586
must_modal,must,,,modal,A1,ox3000,587
my_determiner,my,,,determiner,A1,ox3000,588
name_noun,name,,,noun,A1,ox3000,589
name_verb,name,,,verb,A1,ox3000,590
natural_adjective,natural,,,adjective,A1,ox3000,591
near_preposition,near,,,preposition,A1,ox3000,592
near_adjective,near,,,adjective,A1,ox3000,593
near_adverb,near,,,adverb,A1,ox3000,594
need_verb,need,,,verb,A1,ox3000,595
negative_adjective,negative,,,adjective,A1,ox3000,596
neighbour_noun,neighbour,,,noun,A1,ox3000,597
never_adverb,never,,,adverb,A1,ox3000,598
new_adjective,new,,,adjective,A1,ox3000,599
news_noun,news,,,noun,A1,ox3000,600
newspaper_noun,newspaper,,,noun,A1,ox3000,601
next_adjective,next,,,adjective,A1,ox3000,602
next_adverb,next,,,adverb,A1,ox3000,603
next-to_preposition,next to,,,preposition,A1,ox3000,604
nice_adjective,nice,,,adjective,A1,ox3000,605
night_noun,night,,,noun,A1,ox3000,606
nine_number,nine,,,number,A1,ox3000,607
nineteen_number,nineteen,,,number,A1,ox3000,608
ninety_number,ninety,,,number,A1,ox3000,609
no_exclamation,no,,,exclamation,A1,ox3000,610
no_determiner,no,,,determiner,A1,ox3000,611
no-one_pronoun,no one,,,pronoun,A1,ox3000,612
nobody_pronoun,nobody,,,pronoun,A1,ox3000,613
north_noun,north,,,noun,A1,ox3000,614
north_adjective,north,,,adjective,A1,ox3000,615
north_adverb,north,,,adverb,A1,ox3000,616
nose_noun,nose,,,noun,A1,ox3000,617
not_adverb,not,,,adverb,A1,ox3000,618
note_noun,note,,,noun,A1,ox3000,619
nothing_pronoun,nothing,,,pronoun,A1,ox3000,620
November_noun,November,,,noun,A1,ox3000,621
now_adverb,now,,,adverb,A1,ox3000,622
number_noun,number,,,noun,A1,ox3000,623
nurse_noun,nurse,,,noun,A1,ox3000,624
object_noun,object,,,noun,A1,ox3000,625
o-clock_adverb,o’clock,,,adverb,A1,ox3000,626
October_noun,October,,,noun,A1,ox3000,627
of_preposition,of,,,preposition,A1,ox3000,628
off_adverb,off,,,adverb,A1,ox3000,629
off_preposition,off,,,preposition,A1,ox3000,630
office_noun,office,,,noun,A1,ox3000,631
often_adverb,often,,,adverb,A1,ox3000,632
oh_exclamation,oh,,,exclamation,A1,ox3000,633
OK_exclamation,OK,,,exclamation,A1,ox3000,634
OK_adjective,OK,,,adjective,A1,ox3000,635
OK_adverb,OK,,,adverb,A1,ox3000,636
old_adjective,old,,,adjective,A1,ox3000,637
on_preposition,on,,,preposition,A1,ox3000,638
on_adverb,on,,,adverb,A1,ox3000,639
once_adverb,once,,,adverb,A1,ox3000,640
one_number,one,,,number,A1,ox3000,641
one_determiner,one,,,determiner,A1,ox3000,642
one_pronoun,one,,,pronoun,A1,ox3000,643
onion_noun,onion,,,noun,A1,ox3000,644
online_adjective,online,,,adjective,A1,ox3000,645
online_adverb,online,,,adverb,A1,ox3000,646
only_adjective,only,,,adjective,A1,ox3000,647
only_adverb,only,,,adverb,A1,ox3000,648
open_adjective,open,,,adjective,A1,ox3000,649
open_verb,open,,,verb,A1,ox3000,650
opinion_noun,opinion,,,noun,A1,ox3000,651
opposite_adjective,opposite,,,adjective,A1,ox3000,652
opposite_noun,opposite,,,noun,A1,ox3000,653
opposite_preposition,opposite,,,preposition,A1,ox3000,654
opposite_adverb,opposite,,,adverb,A1,ox3000,655
or_conjunction,or,,,conjunction,A1,ox3000,656
orange_noun,orange,,,noun,A1,ox3000,657
orange_adjective,orange,,,adjective,A1,ox3000,658
order_noun,order,,,noun,A1,ox3000,659
order_verb,order,,,verb,A1,ox3000,660
other_adjective,other,,,adjective,A1,ox3000,661
other_pronoun,other,,,pronoun,A1,ox3000,662
our_determiner,our,,,determiner,A1,ox3000,663
out_adverb,out,,,adverb,A1,ox3000,664
out_preposition,out,,,preposition,A1,ox3000,665
outside_adverb,outside,,,adverb,A1,ox3000,666
over_preposition,over,,,preposition,A1,ox3000,667
over_adverb,over,,,adverb,A1,ox3000,668
own_adjective,own,,,adjective,A1,ox3000,669
own_pronoun,own,,,pronoun,A1,ox3000,670
page_noun,page,,,noun,A1,ox3000,671
paint_verb,paint,,,verb,A1,ox3000,672
paint_noun,paint,,,noun,A1,ox3000,673
painting_noun,painting,,,noun,A1,ox3000,674
pair_noun,pair,,,noun,A1,ox3000,675
paper_noun,paper,,,noun,A1,ox3000,676
paragraph_noun,paragraph,,,noun,A1,ox3000,677
parent_noun,parent,,,noun,A1,ox3000,678
park_noun,park,,,noun,A1,ox3000,679
park_verb,park,,,verb,A1,ox3000,680
part_noun,part,,,noun,A1,ox3000,681
partner_noun,partner,,,noun,A1,ox3000,682
party_noun,party,,,noun,A1,ox3000,683
passport_noun,passport,,,noun,A1,ox3000,684
past_adjective,past,,,adjective,A1,ox3000,685
past_noun,past,,,noun,A1,ox3000,686
past_preposition,past,,,preposition,A1,ox3000,687
pay_verb,pay,,,verb,A1,ox3000,688
pen_noun,pen,,,noun,A1,ox3000,689
pencil_noun,pencil,,,noun,A1,ox3000,690
people_noun,people,,,noun,A1,ox3000,691
pepper_noun,pepper,,,noun,A1,ox3000,692
perfect_adjective,perfect,,,adjective,A1,ox3000,693
period_noun,period,,,noun,A1,ox3000,694
person_noun,person,,,noun,A1,ox3000,695
personal_adjective,personal,,,adjective,A1,ox3000,696
phone_noun,phone,,,noun,A1,ox3000,697
phone_verb,phone,,,verb,A1,ox3000,698
photo_noun,photo,,,noun,A1,ox3000,699
photograph_noun,photograph,,,noun,A1,ox3000,700
phrase_noun,phrase,,,noun,A1,ox3000,701
piano_noun,piano,,,noun,A1,ox3000,702
picture_noun,picture,,,noun,A1,ox3000,703
piece_noun,piece,,,noun,A1,ox3000,704
pig_noun,pig,,,noun,A1,ox3000,705
pink_adjective,pink,,,adjective,A1,ox3000,706
pink_noun,pink,,,noun,A1,ox3000,707
place_noun,place,,,noun,A1,ox3000,708
plan_noun,plan,,,noun,A1,ox3000,709
plan_verb,plan,,,verb,A1,ox3000,710
plane_noun,plane,,,noun,A1,ox3000,711
plant_noun,plant,,,noun,A1,ox3000,712
play_verb,play,,,verb,A1,ox3000,713
play_noun,play,,,noun,A1,ox3000,714
player_noun,player,,,noun,A1,ox3000,715
please_exclamation,please,,,exclamation,A1,ox3000,716
point_noun,point,,,noun,A1,ox3000,717
police_noun,police,,,noun,A1,ox3000,718
policeman_noun,policeman,,,noun,A1,ox3000,719
pool_noun,pool,,,noun,A1,ox3000,720
poor_adjective,poor,,,adjective,A1,ox3000,721
popular_adjective,popular,,,adjective,A1,ox3000,722
positive_adjective,positive,,,adjective,A1,ox3000,723
possible_adjective,possible,,,adjective,A1,ox3000,724
post_noun,post,,,noun,A1,ox3000,725
post_verb,post,,,verb,A1,ox3000,726
potato_noun,potato,,,noun,A1,ox3000,727
pound_noun,pound,,,noun,A1,ox3000,728
practice_noun,practice,,,noun,A1,ox3000,729
practise_verb,practise,,,verb,A1,ox3000,730
prefer_verb,prefer,,,verb,A1,ox3000,731
prepare_verb,prepare,,,verb,A1,ox3000,732
present_adjective,present,,,adjective,A1,ox3000,733
present_noun,present,,,noun,A1,ox3000,734
pretty_adjective,pretty,,,adjective,A1,ox3000,735
pretty_adverb,pretty,,,adverb,A1,ox3000,736
price_noun,price,,,noun,A1,ox3000,737
probably_adverb,probably,,,adverb,A1,ox3000,738
problem_noun,problem,,,noun,A1,ox3000,739
product_noun,product,,,noun,A1,ox3000,740
programme_noun,programme,,,noun,A1,ox3000,741
project_noun,project,,,noun,A1,ox3000,742
purple_adjective,purple,,,adjective,A1,ox3000,743
purple_noun,purple,,,noun,A1,ox3000,744
put_verb,put,,,verb,A1,ox3000,745
quarter_noun,quarter,,,noun,A1,ox3000,746
question_noun,question,,,noun,A1,ox3000,747
quick_adjective,quick,,,adjective,A1,ox3000,748
quickly_adverb,quickly,,,adverb,A1,ox3000,749
quiet_adjective,quiet,,,adjective,A1,ox3000,750
quite_adverb,quite,,,adverb,A1,ox3000,751
radio_noun,radio,,,noun,A1,ox3000,752
rain_noun,rain,,,noun,A1,ox3000,753
rain_verb,rain,,,verb,A1,ox3000,754
read_verb,read,,,verb,A1,ox3000,755
reader_noun,reader,,,noun,A1,ox3000,756
reading_noun,reading,,,noun,A1,ox3000,757
ready_adjective,ready,,,adjective,A1,ox3000,758
real_adjective,real,,,adjective,A1,ox3000,759
really_adverb,really,,,adverb,A1,ox3000,760
reason_noun,reason,,,noun,A1,ox3000,761
red_adjective,red,,,adjective,A1,ox3000,762
red_noun,red,,,noun,A1,ox3000,763
relax_verb,relax,,,verb,A1,ox3000,764
remember_verb,remember,,,verb,A1,ox3000,765
repeat_verb,repeat,,,verb,A1,ox3000,766
report_noun,report,,,noun,A1,ox3000,767
restaurant_noun,restaurant,,,noun,A1,ox3000,768
result_noun,result,,,noun,A1,ox3000,769
return_verb,return,,,verb,A1,ox3000,770
return_noun,return,,,noun,A1,ox3000,771
rice_noun,rice,,,noun,A1,ox3000,772
rich_adjective,rich,,,adjective,A1,ox3000,773
ride_verb,ride,,,verb,A1,ox3000,774
right_adjective,right,,,adjective,A1,ox3000,775
right_adverb,right,,,adverb,A1,ox3000,776
right_noun,right,,,noun,A1,ox3000,777
river_noun,river,,,noun,A1,ox3000,778
road_noun,road,,,noun,A1,ox3000,779
room_noun,room,,,noun,A1,ox3000,780
routine_noun,routine,,,noun,A1,ox3000,781
rule_noun,rule,,,noun,A1,ox3000,782
run_verb,run,,,verb,A1,ox3000,783
sad_adjective,sad,,,adjective,A1,ox3000,784
salad_noun,salad,,,noun,A1,ox3000,785
salt_noun,salt,,,noun,A1,ox3000,786
same_adjective,same,,,adjective,A1,ox3000,787
same_pronoun,same,,,pronoun,A1,ox3000,788
same_adverb,same,,,adverb,A1,ox3000,789
sandwich_noun,sandwich,,,noun,A1,ox3000,790
Saturday_noun,Saturday,,,noun,A1,ox3000,791
say_verb,say,,,verb,A1,ox3000,792
school_noun,school,,,noun,A1,ox3000,793
science_noun,science,,,noun,A1,ox3000,794
scientist_noun,scientist,,,noun,A1,ox3000,795
sea_noun,sea,,,noun,A1,ox3000,796
second-1-next-after-the-first_determiner,second,1,next after the first,determiner,A1,ox3000,797
second-1-next-after-the-first_number,second,1,next after the first,number,A1,ox3000,798
second-1-unit-of-time_noun,second,1,unit of time,noun,A1,ox3000,799
section_noun,section,,,noun,A1,ox3000,800
see_verb,see,,,verb,A1,ox3000,801
sell_verb,sell,,,verb,A1,ox3000,802
send_verb,send,,,verb,A1,ox3000,803
sentence_noun,sentence,,,noun,A1,ox3000,804
September_noun,September,,,noun,A1,ox3000,805
seven_number,seven,,,number,A1,ox3000,806
seventeen_number,seventeen,,,number,A1,ox3000,807
seventy_number,seventy,,,number,A1,ox3000,808
share_verb,share,,,verb,A1,ox3000,809
she_pronoun,she,,,pronoun,A1,ox3000,810
sheep_noun,sheep,,,noun,A1,ox3000,811
shirt_noun,shirt,,,noun,A1,ox3000,812
shoe_noun,shoe,,,noun,A1,ox3000,813
shop_noun,shop,,,noun,A1,ox3000,814
shop_verb,shop,,,verb,A1,ox3000,815
shopping_noun,shopping,,,noun,A1,ox3000,816
short_adjective,short,,,adjective,A1,ox3000,817
should_modal,should,,,modal,A1,ox3000,818
show_verb,show,,,verb,A1,ox3000,819
show_noun,show,,,noun,A1,ox3000,820
shower_noun,shower,,,noun,A1,ox3000,821
sick_adjective,sick,,,adjective,A1,ox3000,822
similar_adjective,similar,,,adjective,A1,ox3000,823
sing_verb,sing,,,verb,A1,ox3000,824
singer_noun,singer,,,noun,A1,ox3000,825
sister_noun,sister,,,noun,A1,ox3000,826
sit_verb,sit,,,verb,A1,ox3000,827
situation_noun,situation,,,noun,A1,ox3000,828
six_number,six,,,number,A1,ox3000,829
sixteen_number,sixteen,,,number,A1,ox3000,830
sixty_number,sixty,,,number,A1,ox3000,831
skill_noun,skill,,,noun,A1,ox3000,832
skirt_noun,skirt,,,noun,A1,ox3000,833
sleep_verb,sleep,,,verb,A1,ox3000,834
slow_adjective,slow,,,adjective,A1,ox3000,835
small_adjective,small,,,adjective,A1,ox3000,836
snake_noun,snake,,,noun,A1,ox3000,837
snow_noun,snow,,,noun,A1,ox3000,838
snow_verb,snow,,,verb,A1,ox3000,839
so_adverb,so,,,adverb,A1,ox3000,840
so_conjunction,so,,,conjunction,A1,ox3000,841
some_determiner,some,,,determiner,A1,ox3000,842
some_pronoun,some,,,pronoun,A1,ox3000,843
somebody_pronoun,somebody,,,pronoun,A1,ox3000,844
someone_pronoun,someone,,,pronoun,A1,ox3000,845
something_pronoun,something,,,pronoun,A1,ox3000,846
sometimes_adverb,sometimes,,,adverb,A1,ox3000,847
son_noun,son,,,noun,A1,ox3000,848
song_noun,song,,,noun,A1,ox3000,849
soon_adverb,soon,,,adverb,A1,ox3000,850
sorry_adjective,sorry,,,adjective,A1,ox3000,851
sorry_exclamation,sorry,,,exclamation,A1,ox3000,852
sound_noun,sound,,,noun,A1,ox3000,853
sound_verb,sound,,,verb,A1,ox3000,854
soup_noun,soup,,,noun,A1,ox3000,855
south_noun,south,,,noun,A1,ox3000,856
south_adjective,south,,,adjective,A1,ox3000,857
south_adverb,south,,,adverb,A1,ox3000,858
space_noun,space,,,noun,A1,ox3000,859
speak_verb,speak,,,verb,A1,ox3000,860
special_adjective,special,,,adjective,A1,ox3000,861
spell_verb,spell,,,verb,A1,ox3000,862
spelling_noun,spelling,,,noun,A1,ox3000,863
spend_verb,spend,,,verb,A1,ox3000,864
sport_noun,sport,,,noun,A1,ox3000,865
spring_noun,spring,,,noun,A1,ox3000,866
stand_verb,stand,,,verb,A1,ox3000,867
star_noun,star,,,noun,A1,ox3000,868
start_verb,start,,,verb,A1,ox3000,869
statement_noun,statement,,,noun,A1,ox3000,870
station_noun,station,,,noun,A1,ox3000,871
stay_verb,stay,,,verb,A1,ox3000,872
still_adverb,still,,,adverb,A1,ox3000,873
stop_verb,stop,,,verb,A1,ox3000,874
stop_noun,stop,,,noun,A1,ox3000,875
story_noun,story,,,noun,A1,ox3000,876
street_noun,street,,,noun,A1,ox3000,877
strong_adjective,strong,,,adjective,A1,ox3000,878
student_noun,student,,,noun,A1,ox3000,879
study_noun,study,,,noun,A1,ox3000,880
study_verb,study,,,verb,A1,ox3000,881
style_noun,style,,,noun,A1,ox3000,882
subject_noun,subject,,,noun,A1,ox3000,883
success_noun,success,,,noun,A1,ox3000,884
sugar_noun,sugar,,,noun,A1,ox3000,885
summer_noun,summer,,,noun,A1,ox3000,886
sun_noun,sun,,,noun,A1,ox3000,887
Sunday_noun,Sunday,,,noun,A1,ox3000,888
supermarket_noun,supermarket,,,noun,A1,ox3000,889
sure_adjective,sure,,,adjective,A1,ox3000,890
sweater_noun,sweater,,,noun,A1,ox3000,891
swim_verb,swim,,,verb,A1,ox3000,892
swimming_noun,swimming,,,noun,A1,ox3000,893
table_noun,table,,,noun,A1,ox3000,894
take_verb,take,,,verb,A1,ox3000,895
talk_verb,talk,,,verb,A1,ox3000,896
tall_adjective,tall,,,adjective,A1,ox3000,897
taxi_noun,taxi,,,noun,A1,ox3000,898
tea_noun,tea,,,noun,A1,ox3000,899
teach_verb,teach,,,verb,A1,ox3000,900
teacher_noun,teacher,,,noun,A1,ox3000,901
team_noun,team,,,noun,A1,ox3000,902
teenager_noun,teenager,,,noun,A1,ox3000,903
telephone_noun,telephone,,,noun,A1,ox3000,904
telephone_verb,telephone,,,verb,A1,ox3000,905
television_noun,television,,,noun,A1,ox3000,906
tell_verb,tell,,,verb,A1,ox3000,907
ten_number,ten,,,number,A1,ox3000,908
tennis_noun,tennis,,,noun,A1,ox3000,909
terrible_adjective,terrible,,,adjective,A1,ox3000,910
test_noun,test,,,noun,A1,ox3000,911
test_verb,test,,,verb,A1,ox3000,912
text_noun,text,,,noun,A1,ox3000,913
than_conjunction,than,,,conjunction,A1,ox3000,914
thank_verb,thank,,,verb,A1,ox3000,915
thanks_exclamation,thanks,,,exclamation,A1,ox3000,916
thanks_noun,thanks,,,noun,A1,ox3000,917
that_determiner,that,,,determiner,A1,ox3000,918
that_pronoun,that,,,pronoun,A1,ox3000,919
that_conjunction,that,,,conjunction,A1,ox3000,920
the_article,the,,,article,A1,ox3000,921
theatre_noun,theatre,,,noun,A1,ox3000,922
their_determiner,their,,,determiner,A1,ox3000,923
them_pronoun,them,,,pronoun,A1,ox3000,924
then_adverb,then,,,adverb,A1,ox3000,925
there_adverb,there,,,adverb,A1,ox3000,926
they_pronoun,they,,,pronoun,A1,ox3000,927
thing_noun,thing,,,noun,A1,ox3000,928
think_verb,think,,,verb,A1,ox3000,929
third_number,third,,,number,A1,ox3000,930
thirsty_adjective,thirsty,,,adjective,A1,ox3000,931
thirteen_number,thirteen,,,number,A1,ox3000,932
thirty_number,thirty,,,number,A1,ox3000,933
this_determiner,this,,,determiner,A1,ox3000,934
this_pronoun,this,,,pronoun,A1,ox3000,935
thousand_number,thousand,,,number,A1,ox3000,936
three_number,three,,,number,A1,ox3000,937
through_preposition,through,,,preposition,A1,ox3000,938
through_adverb,through,,,adverb,A1,ox3000,939
Thursday_noun,Thursday,,,noun,A1,ox3000,940
ticket_noun,ticket,,,noun,A1,ox3000,941
time_noun,time,,,noun,A1,ox3000,942
tired_adjective,tired,,,adjective,A1,ox3000,943
title_noun,title,,,noun,A1,ox3000,944
to_preposition,to,,,preposition,A1,ox3000,945
to_other,to,,,other,A1,ox3000,946
today_adverb,today,,,adverb,A1,ox3000,947
today_noun,today,,,noun,A1,ox3000,948
together_adverb,together,,,adverb,A1,ox3000,949
toilet_noun,toilet,,,noun,A1,ox3000,950
tomato_noun,tomato,,,noun,A1,ox3000,951
tomorrow_adverb,tomorrow,,,adverb,A1,ox3000,952
tomorrow_noun,tomorrow,,,noun,A1,ox3000,953
tonight_adverb,tonight,,,adverb,A1,ox3000,954
tonight_noun,tonight,,,noun,A1,ox3000,955
too_adverb,too,,,adverb,A1,ox3000,956
tooth_noun,tooth,,,noun,A1,ox3000,957
topic_noun,topic,,,noun,A1,ox3000,958
tourist_noun,tourist,,,noun,A1,ox3000,959
town_noun,town,,,noun,A1,ox3000,960
traffic_noun,traffic,,,noun,A1,ox3000,961
train_noun,train,,,noun,A1,ox3000,962
travel_verb,travel,,,verb,A1,ox3000,963
travel_noun,travel,,,noun,A1,ox3000,964
tree_noun,tree,,,noun,A1,ox3000,965
trip_noun,trip,,,noun,A1,ox3000,966
trousers_noun,trousers,,,noun,A1,ox3000,967
true_adjective,true,,,adjective,A1,ox3000,968
try_verb,try,,,verb,A1,ox3000,969
T-shirt_noun,T-shirt,,,noun,A1,ox3000,970
Tuesday_noun,Tuesday,,,noun,A1,ox3000,971
turn_verb,turn,,,verb,A1,ox3000,972
turn_noun,turn,,,noun,A1,ox3000,973
TV_noun,TV,,,noun,A1,ox3000,974
twelve_number,twelve,,,number,A1,ox3000,975
twenty_number,twenty,,,number,A1,ox3000,976
twice_adverb,twice,,,adverb,A1,ox3000,977
two_number,two,,,number,A1,ox3000,978
type_noun,type,,,noun,A1,ox3000,979
umbrella_noun,umbrella,,,noun,A1,ox3000,980
uncle_noun,uncle,,,noun,A1,ox3000,981
under_preposition,under,,,preposition,A1,ox3000,982
under_adverb,under,,,adverb,A1,ox3000,983
understand_verb,understand,,,verb,A1,ox3000,984
university_noun,university,,,noun,A1,ox3000,985
until_conjunction,until,,,conjunction,A1,ox3000,986
until_preposition,until,,,preposition,A1,ox3000,987
up_adverb,up,,,adverb,A1,ox3000,988
up_preposition,up,,,preposition,A1,ox3000,989
upstairs_adverb,upstairs,,,adverb,A1,ox3000,990
us_pronoun,us,,,pronoun,A1,ox3000,991
use_verb,use,,,verb,A1,ox3000,992
useful_adjective,useful,,,adjective,A1,ox3000,993
usually_adverb,usually,,,adverb,A1,ox3000,994
vacation_noun,vacation,,,noun,A1,ox3000,995
vegetable_noun,vegetable,,,noun,A1,ox3000,996
very_adverb,very,,,adverb,A1,ox3000,997
video_noun,video,,,noun,A1,ox3000,998
village_noun,village,,,noun,A1,ox3000,999
visit_verb,visit,,,verb,A1,ox3000,1000
visit_noun,visit,,,noun,A1,ox3000,1001
visitor_noun,visitor,,,noun,A1,ox3000,1002
wait_verb,wait,,,verb,A1,ox3000,1003
waiter_noun,waiter,,,noun,A1,ox3000,1004
wake_verb,wake,,,verb,A1,ox3000,1005
walk_verb,walk,,,verb,A1,ox3000,1006
walk_noun,walk,,,noun,A1,ox3000,1007
wall_noun,wall,,,noun,A1,ox3000,1008
want_verb,want,,,verb,A1,ox3000,1009
warm_adjective,warm,,,adjective,A1,ox3000,1010
wash_verb,wash,,,verb,A1,ox3000,1011
watch_verb,watch,,,verb,A1,ox3000,1012
watch_noun,watch,,,noun,A1,ox3000,1013
water_noun,water,,,noun,A1,ox3000,1014
way_noun,way,,,noun,A1,ox3000,1015
we_pronoun,we,,,pronoun,A1,ox3000,1016
wear_verb,wear,,,verb,A1,ox3000,1017
weather_noun,weather,,,noun,A1,ox3000,1018
website_noun,website,,,noun,A1,ox3000,1019
Wednesday_noun,Wednesday,,,noun,A1,ox3000,1020
week_noun,week,,,noun,A1,ox3000,1021
weekend_noun,weekend,,,noun,A1,ox3000,1022
welcome_exclamation,welcome,,,exclamation,A1,ox3000,1023
welcome_verb,welcome,,,verb,A1,ox3000,1024
welcome_adjective,welcome,,,adjective,A1,ox3000,1025
well_adverb,well,,,adverb,A1,ox3000,1026
well_adjective,well,,,adjective,A1,ox3000,1027
well_exclamation,well,,,exclamation,A1,ox3000,1028
west_noun,west,,,noun,A1,ox3000,1029
west_adjective,west,,,adjective,A1,ox3000,1030
west_adverb,west,,,adverb,A1,ox3000,1031
what_pronoun,what,,,pronoun,A1,ox3000,1032
what_determiner,what,,,determiner,A1,ox3000,1033
when_adverb,when,,,adverb,A1,ox3000,1034
when_pronoun,when,,,pronoun,A1,ox3000,1035
when_conjunction,when,,,conjunction,A1,ox3000,1036
where_adverb,where,,,adverb,A1,ox3000,1037
where_conjunction,where,,,conjunction,A1,ox3000,1038
which_pronoun,which,,,pronoun,A1,ox3000,1039
which_determiner,which,,,determiner,A1,ox3000,1040
white_adjective,white,,,adjective,A1,ox3000,1041
white_noun,white,,,noun,A1,ox3000,1042
who_pronoun,who,,,pronoun,A1,ox3000,1043
why_adverb,why,,,adverb,A1,ox3000,1044
wife_noun,wife,,,noun,A1,ox3000,1045
will_modal,will,,,modal,A1,ox3000,1046
win_verb,win,,,verb,A1,ox3000,1047
window_noun,window,,,noun,A1,ox3000,1048
wine_noun,wine,,,noun,A1,ox3000,1049
winter_noun,winter,,,noun,A1,ox3000,1050
with_preposition,with,,,preposition,A1,ox3000,1051
without_preposition,without,,,preposition,A1,ox3000,1052
woman_noun,woman,,,noun,A1,ox3000,1053
wonderful_adjective,wonderful,,,adjective,A1,ox3000,1054
word_noun,word,,,noun,A1,ox3000,1055
work_verb,work,,,verb,A1,ox3000,1056
work_noun,work,,,noun,A1,ox3000,1057
worker_noun,worker,,,noun,A1,ox3000,1058
world_noun,world,,,noun,A1,ox3000,1059
would_modal,would,,,modal,A1,ox3000,1060
write_verb,write,,,verb,A1,ox3000,1061
writer_noun,writer,,,noun,A1,ox3000,1062
writing_noun,writing,,,noun,A1,ox3000,1063
wrong_adjective,wrong,,,adjective,A1,ox3000,1064
yeah_exclamation,yeah,,,exclamation,A1,ox3000,1065
year_noun,year,,,noun,A1,ox3000,1066
yellow_adjective,yellow,,,adjective,A1,ox3000,1067
yellow_noun,yellow,,,noun,A1,ox3000,1068
yes_exclamation,yes,,,exclamation,A1,ox3000,1069
yesterday_adverb,yesterday,,,adverb,A1,ox3000,1070
yesterday_noun,yesterday,,,noun,A1,ox3000,1071
you_pronoun,you,,,pronoun,A1,ox3000,1072
young_adjective,young,,,adjective,A1,ox3000,1073
your_determiner,your,,,determiner,A1,ox3000,1074
yourself_pronoun,yourself,,,pronoun,A1,ox3000,1075
ability_noun,ability,,,noun,A2,ox3000,1076
able_adjective,able,,,adjective,A2,ox3000,1077
abroad_adverb,abroad,,,adverb,A2,ox3000,1078
accept_verb,accept,,,verb,A2,ox3000,1079
accident_noun,accident,,,noun,A2,ox3000,1080
according-to_preposition,according to,,,preposition,A2,ox3000,1081
achieve_verb,achieve,,,verb,A2,ox3000,1082
act_verb,act,,,verb,A2,ox3000,1083
active_adjective,active,,,adjective,A2,ox3000,1084
actually_adverb,actually,,,adverb,A2,ox3000,1085
adult_adjective,adult,,,adjective,A2,ox3000,1086
advantage_noun,advantage,,,noun,A2,ox3000,1087
adventure_noun,adventure,,,noun,A2,ox3000,1088
advertise_verb,advertise,,,verb,A2,ox3000,1089
advertisement_noun,advertisement,,,noun,A2,ox3000,1090
advertising_noun,advertising,,,noun,A2,ox3000,1091
affect_verb,affect,,,verb,A2,ox3000,1092
after_conjunction,after,,,conjunction,A2,ox3000,1093
after_adverb,after,,,adverb,A2,ox3000,1094
against_preposition,against,,,preposition,A2,ox3000,1095
ah_exclamation,ah,,,exclamation,A2,ox3000,1096
airline_noun,airline,,,noun,A2,ox3000,1097
alive_adjective,alive,,,adjective,A2,ox3000,1098
all_adverb,all,,,adverb,A2,ox3000,1099
all-right_adjective,all right,,,adjective,A2,ox3000,1100
all-right_adverb,all right,,,adverb,A2,ox3000,1101
all-right_exclamation,all right,,,exclamation,A2,ox3000,1102
allow_verb,allow,,,verb,A2,ox3000,1103
almost_adverb,almost,,,adverb,A2,ox3000,1104
alone_adjective,alone,,,adjective,A2,ox3000,1105
alone_adverb,alone,,,adverb,A2,ox3000,1106
along_preposition,along,,,preposition,A2,ox3000,1107
along_adverb,along,,,adverb,A2,ox3000,1108
already_adverb,already,,,adverb,A2,ox3000,1109
alternative_noun,alternative,,,noun,A2,ox3000,1110
although_conjunction,although,,,conjunction,A2,ox3000,1111
among_preposition,among,,,preposition,A2,ox3000,1112
amount_noun,amount,,,noun,A2,ox3000,1113
ancient_adjective,ancient,,,adjective,A2,ox3000,1114
ankle_noun,ankle,,,noun,A2,ox3000,1115
any_adverb,any,,,adverb,A2,ox3000,1116
anybody_pronoun,anybody,,,pronoun,A2,ox3000,1117
any-more_adverb,any more,,,adverb,A2,ox3000,1118
anyway_adverb,anyway,,,adverb,A2,ox3000,1119
anywhere_adverb,anywhere,,,adverb,A2,ox3000,1120
anywhere_pronoun,anywhere,,,pronoun,A2,ox3000,1121
app_noun,app,,,noun,A2,ox3000,1122
appear_verb,appear,,,verb,A2,ox3000,1123
appearance_noun,appearance,,,noun,A2,ox3000,1124
apply_verb,apply,,,verb,A2,ox3000,1125
architect_noun,architect,,,noun,A2,ox3000,1126
architecture_noun,architecture,,,noun,A2,ox3000,1127
argue_verb,argue,,,verb,A2,ox3000,1128
argument_noun,argument,,,noun,A2,ox3000,1129
army_noun,army,,,noun,A2,ox3000,1130
arrange_verb,arrange,,,verb,A2,ox3000,1131
arrangement_noun,arrangement,,,noun,A2,ox3000,1132
as_adverb,as,,,adverb,A2,ox3000,1133
as_conjunction,as,,,conjunction,A2,ox3000,1134
asleep_adjective,asleep,,,adjective,A2,ox3000,1135
assistant_noun,assistant,,,noun,A2,ox3000,1136
assistant_adjective,assistant,,,adjective,A2,ox3000,1137
athlete_noun,athlete,,,noun,A2,ox3000,1138
attack_noun,attack,,,noun,A2,ox3000,1139
attack_verb,attack,,,verb,A2,ox3000,1140
attend_verb,attend,,,verb,A2,ox3000,1141
attention_noun,attention,,,noun,A2,ox3000,1142
attention_exclamation,attention,,,exclamation,A2,ox3000,1143
attractive_adjective,attractive,,,adjective,A2,ox3000,1144
audience_noun,audience,,,noun,A2,ox3000,1145
author_noun,author,,,noun,A2,ox3000,1146
available_adjective,available,,,adjective,A2,ox3000,1147
average_adjective,average,,,adjective,A2,ox3000,1148
average_noun,average,,,noun,A2,ox3000,1149
avoid_verb,avoid,,,verb,A2,ox3000,1150
award_noun,award,,,noun,A2,ox3000,1151
awful_adjective,awful,,,adjective,A2,ox3000,1152
back_adjective,back,,,adjective,A2,ox3000,1153
background_noun,background,,,noun,A2,ox3000,1154
badly_adverb,badly,,,adverb,A2,ox3000,1155
bar_noun,bar,,,noun,A2,ox3000,1156
baseball_noun,baseball,,,noun,A2,ox3000,1157
based_adjective,based,,,adjective,A2,ox3000,1158
basketball_noun,basketball,,,noun,A2,ox3000,1159
bean_noun,bean,,,noun,A2,ox3000,1160
bear-animal_noun,bear,,animal,noun,A2,ox3000,1161
beat_verb,beat,,,verb,A2,ox3000,1162
beef_noun,beef,,,noun,A2,ox3000,1163
before_conjunction,before,,,conjunction,A2,ox3000,1164
before_adverb,before,,,adverb,A2,ox3000,1165
behave_verb,behave,,,verb,A2,ox3000,1166
behaviour_noun,behaviour,,,noun,A2,ox3000,1167
belong_verb,belong,,,verb,A2,ox3000,1168
belt_noun,belt,,,noun,A2,ox3000,1169
benefit_noun,benefit,,,noun,A2,ox3000,1170
best_adverb,best,,,adverb,A2,ox3000,1171
best_noun,best,,,noun,A2,ox3000,1172
better_adverb,better,,,adverb,A2,ox3000,1173
between_adverb,between,,,adverb,A2,ox3000,1174
billion_number,billion,,,number,A2,ox3000,1175
bin_noun,bin,,,noun,A2,ox3000,1176
biology_noun,biology,,,noun,A2,ox3000,1177
birth_noun,birth,,,noun,A2,ox3000,1178
biscuit_noun,biscuit,,,noun,A2,ox3000,1179
bit_noun,bit,,,noun,A2,ox3000,1180
blank_adjective,blank,,,adjective,A2,ox3000,1181
blank_noun,blank,,,noun,A2,ox3000,1182
blood_noun,blood,,,noun,A2,ox3000,1183
blow_verb,blow,,,verb,A2,ox3000,1184
board_noun,board,,,noun,A2,ox3000,1185
boil_verb,boil,,,verb,A2,ox3000,1186
bone_noun,bone,,,noun,A2,ox3000,1187
book_verb,book,,,verb,A2,ox3000,1188
borrow_verb,borrow,,,verb,A2,ox3000,1189
boss_noun,boss,,,noun,A2,ox3000,1190
bottom_noun,bottom,,,noun,A2,ox3000,1191
bottom_adjective,bottom,,,adjective,A2,ox3000,1192
bowl_noun,bowl,,,noun,A2,ox3000,1193
brain_noun,brain,,,noun,A2,ox3000,1194
bridge_noun,bridge,,,noun,A2,ox3000,1195
bright_adjective,bright,,,adjective,A2,ox3000,1196
brilliant_adjective,brilliant,,,adjective,A2,ox3000,1197
broken_adjective,broken,,,adjective,A2,ox3000,1198
brush_verb,brush,,,verb,A2,ox3000,1199
brush_noun,brush,,,noun,A2,ox3000,1200
burn_verb,burn,,,verb,A2,ox3000,1201
businessman_noun,businessman,,,noun,A2,ox3000,1202
button_noun,button,,,noun,A2,ox3000,1203
camp_noun,camp,,,noun,A2,ox3000,1204
camp_verb,camp,,,verb,A2,ox3000,1205
camping_noun,camping,,,noun,A2,ox3000,1206
can-2_noun,can,2,,noun,A2,ox3000,1207
care_noun,care,,,noun,A2,ox3000,1208
care_verb,care,,,verb,A2,ox3000,1209
careful_adjective,careful,,,adjective,A2,ox3000,1210
carefully_adverb,carefully,,,adverb,A2,ox3000,1211
carpet_noun,carpet,,,noun,A2,ox3000,1212
cartoon_noun,cartoon,,,noun,A2,ox3000,1213
case_noun,case,,,noun,A2,ox3000,1214
cash_noun,cash,,,noun,A2,ox3000,1215
castle_noun,castle,,,noun,A2,ox3000,1216
catch_verb,catch,,,verb,A2,ox3000,1217
cause_noun,cause,,,noun,A2,ox3000,1218
cause_verb,cause,,,verb,A2,ox3000,1219
celebrate_verb,celebrate,,,verb,A2,ox3000,1220
celebrity_noun,celebrity,,,noun,A2,ox3000,1221
certain_adjective,certain,,,adjective,A2,ox3000,1222
certainly_adverb,certainly,,,adverb,A2,ox3000,1223
chance_noun,chance,,,noun,A2,ox3000,1224
character_noun,character,,,noun,A2,ox3000,1225
charity_noun,charity,,,noun,A2,ox3000,1226
chat_verb,chat,,,verb,A2,ox3000,1227
chat_noun,chat,,,noun,A2,ox3000,1228
check_noun,check,,,noun,A2,ox3000,1229
chef_noun,chef,,,noun,A2,ox3000,1230
chemistry_noun,chemistry,,,noun,A2,ox3000,1231
chip_noun,chip,,,noun,A2,ox3000,1232
choice_noun,choice,,,noun,A2,ox3000,1233
church_noun,church,,,noun,A2,ox3000,1234
cigarette_noun,cigarette,,,noun,A2,ox3000,1235
circle_noun,circle,,,noun,A2,ox3000,1236
circle_verb,circle,,,verb,A2,ox3000,1237
classical_adjective,classical,,,adjective,A2,ox3000,1238
clear_adjective,clear,,,adjective,A2,ox3000,1239
clearly_adverb,clearly,,,adverb,A2,ox3000,1240
clever_adjective,clever,,,adjective,A2,ox3000,1241
climate_noun,climate,,,noun,A2,ox3000,1242
close-2_adjective,close,2,,adjective,A2,ox3000,1243
closed_adjective,closed,,,adjective,A2,ox3000,1244
clothing_noun,clothing,,,noun,A2,ox3000,1245
cloud_noun,cloud,,,noun,A2,ox3000,1246
coach_noun,coach,,,noun,A2,ox3000,1247
coast_noun,coast,,,noun,A2,ox3000,1248
code_noun,code,,,noun,A2,ox3000,1249
colleague_noun,colleague,,,noun,A2,ox3000,1250
collect_verb,collect,,,verb,A2,ox3000,1251
column_noun,column,,,noun,A2,ox3000,1252
comedy_noun,comedy,,,noun,A2,ox3000,1253
comfortable_adjective,comfortable,,,adjective,A2,ox3000,1254
comment_noun,comment,,,noun,A2,ox3000,1255
communicate_verb,communicate,,,verb,A2,ox3000,1256
community_noun,community,,,noun,A2,ox3000,1257
compete_verb,compete,,,verb,A2,ox3000,1258
competition_noun,competition,,,noun,A2,ox3000,1259
complain_verb,complain,,,verb,A2,ox3000,1260
completely_adverb,completely,,,adverb,A2,ox3000,1261
condition_noun,condition,,,noun,A2,ox3000,1262
conference_noun,conference,,,noun,A2,ox3000,1263
connect_verb,connect,,,verb,A2,ox3000,1264
connected_adjective,connected,,,adjective,A2,ox3000,1265
consider_verb,consider,,,verb,A2,ox3000,1266
contain_verb,contain,,,verb,A2,ox3000,1267
context_noun,context,,,noun,A2,ox3000,1268
continent_noun,continent,,,noun,A2,ox3000,1269
continue_verb,continue,,,verb,A2,ox3000,1270
control_noun,control,,,noun,A2,ox3000,1271
control_verb,control,,,verb,A2,ox3000,1272
cook_noun,cook,,,noun,A2,ox3000,1273
cooker_noun,cooker,,,noun,A2,ox3000,1274
copy_noun,copy,,,noun,A2,ox3000,1275
copy_verb,copy,,,verb,A2,ox3000,1276
corner_noun,corner,,,noun,A2,ox3000,1277
correctly_adverb,correctly,,,adverb,A2,ox3000,1278
count_verb,count,,,verb,A2,ox3000,1279
couple_noun,couple,,,noun,A2,ox3000,1280
cover_verb,cover,,,verb,A2,ox3000,1281
crazy_adjective,crazy,,,adjective,A2,ox3000,1282
creative_adjective,creative,,,adjective,A2,ox3000,1283
credit_noun,credit,,,noun,A2,ox3000,1284
crime_noun,crime,,,noun,A2,ox3000,1285
criminal_noun,criminal,,,noun,A2,ox3000,1286
cross_verb,cross,,,verb,A2,ox3000,1287
cross_noun,cross,,,noun,A2,ox3000,1288
crowd_noun,crowd,,,noun,A2,ox3000,1289
crowded_adjective,crowded,,,adjective,A2,ox3000,1290
cry_verb,cry,,,verb,A2,ox3000,1291
cupboard_noun,cupboard,,,noun,A2,ox3000,1292
curly_adjective,curly,,,adjective,A2,ox3000,1293
cycle_noun,cycle,,,noun,A2,ox3000,1294
cycle_verb,cycle,,,verb,A2,ox3000,1295
daily_adjective,daily,,,adjective,A2,ox3000,1296
danger_noun,danger,,,noun,A2,ox3000,1297
dark_noun,dark,,,noun,A2,ox3000,1298
data_noun,data,,,noun,A2,ox3000,1299
dead_adjective,dead,,,adjective,A2,ox3000,1300
deal_verb,deal,,,verb,A2,ox3000,1301
dear_exclamation,dear,,,exclamation,A2,ox3000,1302
death_noun,death,,,noun,A2,ox3000,1303
decision_noun,decision,,,noun,A2,ox3000,1304
deep_adjective,deep,,,adjective,A2,ox3000,1305
definitely_adverb,definitely,,,adverb,A2,ox3000,1306
degree_noun,degree,,,noun,A2,ox3000,1307
dentist_noun,dentist,,,noun,A2,ox3000,1308
department_noun,department,,,noun,A2,ox3000,1309
depend_verb,depend,,,verb,A2,ox3000,1310
desert_noun,desert,,,noun,A2,ox3000,1311
designer_noun,designer,,,noun,A2,ox3000,1312
destroy_verb,destroy,,,verb,A2,ox3000,1313
detective_noun,detective,,,noun,A2,ox3000,1314
develop_verb,develop,,,verb,A2,ox3000,1315
device_noun,device,,,noun,A2,ox3000,1316
diary_noun,diary,,,noun,A2,ox3000,1317
differently_adverb,differently,,,adverb,A2,ox3000,1318
digital_adjective,digital,,,adjective,A2,ox3000,1319
direct_adjective,direct,,,adjective,A2,ox3000,1320
direction_noun,direction,,,noun,A2,ox3000,1321
director_noun,director,,,noun,A2,ox3000,1322
disagree_verb,disagree,,,verb,A2,ox3000,1323
disappear_verb,disappear,,,verb,A2,ox3000,1324
disaster_noun,disaster,,,noun,A2,ox3000,1325
discover_verb,discover,,,verb,A2,ox3000,1326
discovery_noun,discovery,,,noun,A2,ox3000,1327
discussion_noun,discussion,,,noun,A2,ox3000,1328
disease_noun,disease,,,noun,A2,ox3000,1329
distance_noun,distance,,,noun,A2,ox3000,1330
divorced_adjective,divorced,,,adjective,A2,ox3000,1331
document_noun,document,,,noun,A2,ox3000,1332
double_adjective,double,,,adjective,A2,ox3000,1333
double_determiner,double,,,determiner,A2,ox3000,1334
double_pronoun,double,,,pronoun,A2,ox3000,1335
double_verb,double,,,verb,A2,ox3000,1336
download_verb,download,,,verb,A2,ox3000,1337
download_noun,download,,,noun,A2,ox3000,1338
downstairs_adjective,downstairs,,,adjective,A2,ox3000,1339
drama_noun,drama,,,noun,A2,ox3000,1340
drawing_noun,drawing,,,noun,A2,ox3000,1341
dream_noun,dream,,,noun,A2,ox3000,1342
dream_verb,dream,,,verb,A2,ox3000,1343
drive_noun,drive,,,noun,A2,ox3000,1344
driving_noun,driving,,,noun,A2,ox3000,1345
drop_verb,drop,,,verb,A2,ox3000,1346
drug_noun,drug,,,noun,A2,ox3000,1347
dry_adjective,dry,,,adjective,A2,ox3000,1348
dry_verb,dry,,,verb,A2,ox3000,1349
earn_verb,earn,,,verb,A2,ox3000,1350
earth_noun,earth,,,noun,A2,ox3000,1351
easily_adverb,easily,,,adverb,A2,ox3000,1352
education_noun,education,,,noun,A2,ox3000,1353
effect_noun,effect,,,noun,A2,ox3000,1354
either_determiner,either,,,determiner,A2,ox3000,1355
either_pronoun,either,,,pronoun,A2,ox3000,1356
either_adverb,either,,,adverb,A2,ox3000,1357
electric_adjective,electric,,,adjective,A2,ox3000,1358
electrical_adjective,electrical,,,adjective,A2,ox3000,1359
electricity_noun,electricity,,,noun,A2,ox3000,1360
electronic_adjective,electronic,,,adjective,A2,ox3000,1361
employ_verb,employ,,,verb,A2,ox3000,1362
employee_noun,employee,,,noun,A2,ox3000,1363
employer_noun,employer,,,noun,A2,ox3000,1364
empty_adjective,empty,,,adjective,A2,ox3000,1365
ending_noun,ending,,,noun,A2,ox3000,1366
energy_noun,energy,,,noun,A2,ox3000,1367
engine_noun,engine,,,noun,A2,ox3000,1368
engineer_noun,engineer,,,noun,A2,ox3000,1369
enormous_adjective,enormous,,,adjective,A2,ox3000,1370
enter_verb,enter,,,verb,A2,ox3000,1371
environment_noun,environment,,,noun,A2,ox3000,1372
equipment_noun,equipment,,,noun,A2,ox3000,1373
error_noun,error,,,noun,A2,ox3000,1374
especially_adverb,especially,,,adverb,A2,ox3000,1375
essay_noun,essay,,,noun,A2,ox3000,1376
everyday_adjective,everyday,,,adjective,A2,ox3000,1377
everywhere_adverb,everywhere,,,adverb,A2,ox3000,1378
evidence_noun,evidence,,,noun,A2,ox3000,1379
exact_adjective,exact,,,adjective,A2,ox3000,1380
exactly_adverb,exactly,,,adverb,A2,ox3000,1381
excellent_adjective,excellent,,,adjective,A2,ox3000,1382
except_preposition,except,,,preposition,A2,ox3000,1383
exist_verb,exist,,,verb,A2,ox3000,1384
expect_verb,expect,,,verb,A2,ox3000,1385
experience_noun,experience,,,noun,A2,ox3000,1386
experiment_noun,experiment,,,noun,A2,ox3000,1387
expert_noun,expert,,,noun,A2,ox3000,1388
expert_adjective,expert,,,adjective,A2,ox3000,1389
explanation_noun,explanation,,,noun,A2,ox3000,1390
express_verb,express,,,verb,A2,ox3000,1391
expression_noun,expression,,,noun,A2,ox3000,1392
extreme_adjective,extreme,,,adjective,A2,ox3000,1393
extremely_adverb,extremely,,,adverb,A2,ox3000,1394
factor_noun,factor,,,noun,A2,ox3000,1395
factory_noun,factory,,,noun,A2,ox3000,1396
fail_verb,fail,,,verb,A2,ox3000,1397
fair_adjective,fair,,,adjective,A2,ox3000,1398
fall_noun,fall,,,noun,A2,ox3000,1399
fan_noun,fan,,,noun,A2,ox3000,1400
farm_verb,farm,,,verb,A2,ox3000,1401
farming_noun,farming,,,noun,A2,ox3000,1402
fashion_noun,fashion,,,noun,A2,ox3000,1403
fat_noun,fat,,,noun,A2,ox3000,1404
fear_noun,fear,,,noun,A2,ox3000,1405
feature_noun,feature,,,noun,A2,ox3000,1406
feed_verb,feed,,,verb,A2,ox3000,1407
female_adjective,female,,,adjective,A2,ox3000,1408
female_noun,female,,,noun,A2,ox3000,1409
fiction_noun,fiction,,,noun,A2,ox3000,1410
field_noun,field,,,noun,A2,ox3000,1411
fight_verb,fight,,,verb,A2,ox3000,1412
fight_noun,fight,,,noun,A2,ox3000,1413
figure_noun,figure,,,noun,A2,ox3000,1414
film_verb,film,,,verb,A2,ox3000,1415
final_noun,final,,,noun,A2,ox3000,1416
finally_adverb,finally,,,adverb,A2,ox3000,1417
finger_noun,finger,,,noun,A2,ox3000,1418
finish_noun,finish,,,noun,A2,ox3000,1419
first_noun,first,,,noun,A2,ox3000,1420
firstly_adverb,firstly,,,adverb,A2,ox3000,1421
fish_verb,fish,,,verb,A2,ox3000,1422
fishing_noun,fishing,,,noun,A2,ox3000,1423
fit_verb,fit,,,verb,A2,ox3000,1424
fit_adjective,fit,,,adjective,A2,ox3000,1425
fix_verb,fix,,,verb,A2,ox3000,1426
flat_adjective,flat,,,adjective,A2,ox3000,1427
flu_noun,flu,,,noun,A2,ox3000,1428
fly_noun,fly,,,noun,A2,ox3000,1429
flying_noun,flying,,,noun,A2,ox3000,1430
flying_adjective,flying,,,adjective,A2,ox3000,1431
focus_verb,focus,,,verb,A2,ox3000,1432
focus_noun,focus,,,noun,A2,ox3000,1433
following_adjective,following,,,adjective,A2,ox3000,1434
foreign_adjective,foreign,,,adjective,A2,ox3000,1435
forest_noun,forest,,,noun,A2,ox3000,1436
fork_noun,fork,,,noun,A2,ox3000,1437
formal_adjective,formal,,,adjective,A2,ox3000,1438
fortunately_adverb,fortunately,,,adverb,A2,ox3000,1439
forward_adverb,forward,,,adverb,A2,ox3000,1440
free_adverb,free,,,adverb,A2,ox3000,1441
fresh_adjective,fresh,,,adjective,A2,ox3000,1442
fridge_noun,fridge,,,noun,A2,ox3000,1443
frog_noun,frog,,,noun,A2,ox3000,1444
fun_adjective,fun,,,adjective,A2,ox3000,1445
furniture_noun,furniture,,,noun,A2,ox3000,1446
further_adjective,further,,,adjective,A2,ox3000,1447
future_adjective,future,,,adjective,A2,ox3000,1448
gallery_noun,gallery,,,noun,A2,ox3000,1449
gap_noun,gap,,,noun,A2,ox3000,1450
gas_noun,gas,,,noun,A2,ox3000,1451
gate_noun,gate,,,noun,A2,ox3000,1452
general_adjective,general,,,adjective,A2,ox3000,1453
gift_noun,gift,,,noun,A2,ox3000,1454
goal_noun,goal,,,noun,A2,ox3000,1455
god_noun,god,,,noun,A2,ox3000,1456
gold_noun,gold,,,noun,A2,ox3000,1457
gold_adjective,gold,,,adjective,A2,ox3000,1458
golf_noun,golf,,,noun,A2,ox3000,1459
good_noun,good,,,noun,A2,ox3000,1460
government_noun,government,,,noun,A2,ox3000,1461
grass_noun,grass,,,noun,A2,ox3000,1462
greet_verb,greet,,,verb,A2,ox3000,1463
ground_noun,ground,,,noun,A2,ox3000,1464
guest_noun,guest,,,noun,A2,ox3000,1465
guide_noun,guide,,,noun,A2,ox3000,1466
guide_verb,guide,,,verb,A2,ox3000,1467
gun_noun,gun,,,noun,A2,ox3000,1468
guy_noun,guy,,,noun,A2,ox3000,1469
habit_noun,habit,,,noun,A2,ox3000,1470
half_adverb,half,,,adverb,A2,ox3000,1471
hall_noun,hall,,,noun,A2,ox3000,1472
happily_adverb,happily,,,adverb,A2,ox3000,1473
have_auxiliary,have,,,auxiliary,A2,ox3000,1474
headache_noun,headache,,,noun,A2,ox3000,1475
heart_noun,heart,,,noun,A2,ox3000,1476
heat_noun,heat,,,noun,A2,ox3000,1477
heat_verb,heat,,,verb,A2,ox3000,1478
heavy_adjective,heavy,,,adjective,A2,ox3000,1479
height_noun,height,,,noun,A2,ox3000,1480
helpful_adjective,helpful,,,adjective,A2,ox3000,1481
hero_noun,hero,,,noun,A2,ox3000,1482
hers_pronoun,hers,,,pronoun,A2,ox3000,1483
herself_pronoun,herself,,,pronoun,A2,ox3000,1484
hide_verb,hide,,,verb,A2,ox3000,1485
high_adverb,high,,,adverb,A2,ox3000,1486
hill_noun,hill,,,noun,A2,ox3000,1487
himself_pronoun,himself,,,pronoun,A2,ox3000,1488
his_pronoun,his,,,pronoun,A2,ox3000,1489
hit_verb,hit,,,verb,A2,ox3000,1490
hit_noun,hit,,,noun,A2,ox3000,1491
hockey_noun,hockey,,,noun,A2,ox3000,1492
hold_verb,hold,,,verb,A2,ox3000,1493
hole_noun,hole,,,noun,A2,ox3000,1494
home_adjective,home,,,adjective,A2,ox3000,1495
hope_noun,hope,,,noun,A2,ox3000,1496
huge_adjective,huge,,,adjective,A2,ox3000,1497
human_adjective,human,,,adjective,A2,ox3000,1498
human_noun,human,,,noun,A2,ox3000,1499
hurt_verb,hurt,,,verb,A2,ox3000,1500
hurt_adjective,hurt,,,adjective,A2,ox3000,1501
ideal_adjective,ideal,,,adjective,A2,ox3000,1502
identify_verb,identify,,,verb,A2,ox3000,1503
ill_adjective,ill,,,adjective,A2,ox3000,1504
illness_noun,illness,,,noun,A2,ox3000,1505
image_noun,image,,,noun,A2,ox3000,1506
immediately_adverb,immediately,,,adverb,A2,ox3000,1507
impossible_adjective,impossible,,,adjective,A2,ox3000,1508
included_adjective,included,,,adjective,A2,ox3000,1509
including_preposition,including,,,preposition,A2,ox3000,1510
increase_verb,increase,,,verb,A2,ox3000,1511
increase_noun,increase,,,noun,A2,ox3000,1512
incredible_adjective,incredible,,,adjective,A2,ox3000,1513
independent_adjective,independent,,,adjective,A2,ox3000,1514
individual_noun,individual,,,noun,A2,ox3000,1515
individual_adjective,individual,,,adjective,A2,ox3000,1516
industry_noun,industry,,,noun,A2,ox3000,1517
informal_adjective,informal,,,adjective,A2,ox3000,1518
injury_noun,injury,,,noun,A2,ox3000,1519
insect_noun,insect,,,noun,A2,ox3000,1520
inside_preposition,inside,,,preposition,A2,ox3000,1521
inside_adverb,inside,,,adverb,A2,ox3000,1522
inside_noun,inside,,,noun,A2,ox3000,1523
inside_adjective,inside,,,adjective,A2,ox3000,1524
instead_adverb,instead,,,adverb,A2,ox3000,1525
instruction_noun,instruction,,,noun,A2,ox3000,1526
instructor_noun,instructor,,,noun,A2,ox3000,1527
instrument_noun,instrument,,,noun,A2,ox3000,1528
intelligent_adjective,intelligent,,,adjective,A2,ox3000,1529
international_adjective,international,,,adjective,A2,ox3000,1530
introduction_noun,introduction,,,noun,A2,ox3000,1531
invent_verb,invent,,,verb,A2,ox3000,1532
invention_noun,invention,,,noun,A2,ox3000,1533
invitation_noun,invitation,,,noun,A2,ox3000,1534
invite_verb,invite,,,verb,A2,ox3000,1535
involve_verb,involve,,,verb,A2,ox3000,1536
item_noun,item,,,noun,A2,ox3000,1537
itself_pronoun,itself,,,pronoun,A2,ox3000,1538
jam_noun,jam,,,noun,A2,ox3000,1539
jazz_noun,jazz,,,noun,A2,ox3000,1540
jewellery_noun,jewellery,,,noun,A2,ox3000,1541
joke_noun,joke,,,noun,A2,ox3000,1542
joke_verb,joke,,,verb,A2,ox3000,1543
journalist_noun,journalist,,,noun,A2,ox3000,1544
jump_verb,jump,,,verb,A2,ox3000,1545
jump_noun,jump,,,noun,A2,ox3000,1546
kid_noun,kid,,,noun,A2,ox3000,1547
kill_verb,kill,,,verb,A2,ox3000,1548
king_noun,king,,,noun,A2,ox3000,1549
knee_noun,knee,,,noun,A2,ox3000,1550
knife_noun,knife,,,noun,A2,ox3000,1551
knock_verb,knock,,,verb,A2,ox3000,1552
knowledge_noun,knowledge,,,noun,A2,ox3000,1553
lab_noun,lab,,,noun,A2,ox3000,1554
lady_noun,lady,,,noun,A2,ox3000,1555
lake_noun,lake,,,noun,A2,ox3000,1556
lamp_noun,lamp,,,noun,A2,ox3000,1557
land_verb,land,,,verb,A2,ox3000,1558
laptop_noun,laptop,,,noun,A2,ox3000,1559
last-1-final_adverb,last,1,final,adverb,A2,ox3000,1560
last-1-final_noun,last,1,final,noun,A2,ox3000,1561
last-1-taking-time_verb,last,1,taking time,verb,A2,ox3000,1562
later_adjective,later,,,adjective,A2,ox3000,1563
laughter_noun,laughter,,,noun,A2,ox3000,1564
law_noun,law,,,noun,A2,ox3000,1565
lawyer_noun,lawyer,,,noun,A2,ox3000,1566
lazy_adjective,lazy,,,adjective,A2,ox3000,1567
lead-1_verb,lead,1,,verb,A2,ox3000,1568
leader_noun,leader,,,noun,A2,ox3000,1569
learning_noun,learning,,,noun,A2,ox3000,1570
least_determiner,least,,,determiner,A2,ox3000,1571
least_pronoun,least,,,pronoun,A2,ox3000,1572
least_adverb,least,,,adverb,A2,ox3000,1573
lecture_noun,lecture,,,noun,A2,ox3000,1574
lecture_verb,lecture,,,verb,A2,ox3000,1575
lemon_noun,lemon,,,noun,A2,ox3000,1576
lend_verb,lend,,,verb,A2,ox3000,1577
less_determiner,less,,,determiner,A2,ox3000,1578
less_pronoun,less,,,pronoun,A2,ox3000,1579
less_adverb,less,,,adverb,A2,ox3000,1580
level_noun,level,,,noun,A2,ox3000,1581
lifestyle_noun,lifestyle,,,noun,A2,ox3000,1582
lift_verb,lift,,,verb,A2,ox3000,1583
lift_noun,lift,,,noun,A2,ox3000,1584
light-from-the-sun-a-lamp_verb,light,,from the sun/a lamp,verb,A2,ox3000,1585
light-not-heavy_adjective,light,,not heavy,adjective,A2,ox3000,1586
likely_adjective,likely,,,adjective,A2,ox3000,1587
link_noun,link,,,noun,A2,ox3000,1588
link_verb,link,,,verb,A2,ox3000,1589
listener_noun,listener,,,noun,A2,ox3000,1590
little_adverb,little,,,adverb,A2,ox3000,1591
lock_verb,lock,,,verb,A2,ox3000,1592
lock_noun,lock,,,noun,A2,ox3000,1593
look_noun,look,,,noun,A2,ox3000,1594
lorry_noun,lorry,,,noun,A2,ox3000,1595
lost_adjective,lost,,,adjective,A2,ox3000,1596
loud_adjective,loud,,,adjective,A2,ox3000,1597
loud_adverb,loud,,,adverb,A2,ox3000,1598
loudly_adverb,loudly,,,adverb,A2,ox3000,1599
lovely_adjective,lovely,,,adjective,A2,ox3000,1600
low_adjective,low,,,adjective,A2,ox3000,1601
low_adverb,low,,,adverb,A2,ox3000,1602
luck_noun,luck,,,noun,A2,ox3000,1603
lucky_adjective,lucky,,,adjective,A2,ox3000,1604
mail_noun,mail,,,noun,A2,ox3000,1605
mail_verb,mail,,,verb,A2,ox3000,1606
major_adjective,major,,,adjective,A2,ox3000,1607
male_adjective,male,,,adjective,A2,ox3000,1608
male_noun,male,,,noun,A2,ox3000,1609
manage_verb,manage,,,verb,A2,ox3000,1610
manager_noun,manager,,,noun,A2,ox3000,1611
manner_noun,manner,,,noun,A2,ox3000,1612
mark_verb,mark,,,verb,A2,ox3000,1613
mark_noun,mark,,,noun,A2,ox3000,1614
marry_verb,marry,,,verb,A2,ox3000,1615
material_noun,material,,,noun,A2,ox3000,1616
mathematics_noun,mathematics,,,noun,A2,ox3000,1617
maths_noun,maths,,,noun,A2,ox3000,1618
matter_noun,matter,,,noun,A2,ox3000,1619
matter_verb,matter,,,verb,A2,ox3000,1620
may_modal,may,,,modal,A2,ox3000,1621
media_noun,media,,,noun,A2,ox3000,1622
medical_adjective,medical,,,adjective,A2,ox3000,1623
medicine_noun,medicine,,,noun,A2,ox3000,1624
memory_noun,memory,,,noun,A2,ox3000,1625
mention_verb,mention,,,verb,A2,ox3000,1626
metal_noun,metal,,,noun,A2,ox3000,1627
method_noun,method,,,noun,A2,ox3000,1628
middle_noun,middle,,,noun,A2,ox3000,1629
middle_adjective,middle,,,adjective,A2,ox3000,1630
might_modal,might,,,modal,A2,ox3000,1631
mind_noun,mind,,,noun,A2,ox3000,1632
mind_verb,mind,,,verb,A2,ox3000,1633
mine-belongs-to-me_pronoun,mine,,belongs to me,pronoun,A2,ox3000,1634
mirror_noun,mirror,,,noun,A2,ox3000,1635
missing_adjective,missing,,,adjective,A2,ox3000,1636
mobile_adjective,mobile,,,adjective,A2,ox3000,1637
mobile_noun,mobile,,,noun,A2,ox3000,1638
monkey_noun,monkey,,,noun,A2,ox3000,1639
moon_noun,moon,,,noun,A2,ox3000,1640
mostly_adverb,mostly,,,adverb,A2,ox3000,1641
motorcycle_noun,motorcycle,,,noun,A2,ox3000,1642
movement_noun,movement,,,noun,A2,ox3000,1643
musical_adjective,musical,,,adjective,A2,ox3000,1644
musician_noun,musician,,,noun,A2,ox3000,1645
myself_pronoun,myself,,,pronoun,A2,ox3000,1646
narrow_adjective,narrow,,,adjective,A2,ox3000,1647
national_adjective,national,,,adjective,A2,ox3000,1648
nature_noun,nature,,,noun,A2,ox3000,1649
nearly_adverb,nearly,,,adverb,A2,ox3000,1650
necessary_adjective,necessary,,,adjective,A2,ox3000,1651
neck_noun,neck,,,noun,A2,ox3000,1652
need_noun,need,,,noun,A2,ox3000,1653
neither_determiner,neither,,,determiner,A2,ox3000,1654
neither_pronoun,neither,,,pronoun,A2,ox3000,1655
nervous_adjective,nervous,,,adjective,A2,ox3000,1656
network_noun,network,,,noun,A2,ox3000,1657
noise_noun,noise,,,noun,A2,ox3000,1658
noisy_adjective,noisy,,,adjective,A2,ox3000,1659
none_pronoun,none,,,pronoun,A2,ox3000,1660
normal_adjective,normal,,,adjective,A2,ox3000,1661
normally_adverb,normally,,,adverb,A2,ox3000,1662
notice_verb,notice,,,verb,A2,ox3000,1663
notice_noun,notice,,,noun,A2,ox3000,1664
novel_noun,novel,,,noun,A2,ox3000,1665
nowhere_adverb,nowhere,,,adverb,A2,ox3000,1666
number_verb,number,,,verb,A2,ox3000,1667
nut_noun,nut,,,noun,A2,ox3000,1668
ocean_noun,ocean,,,noun,A2,ox3000,1669
offer_verb,offer,,,verb,A2,ox3000,1670
offer_noun,offer,,,noun,A2,ox3000,1671
officer_noun,officer,,,noun,A2,ox3000,1672
oil_noun,oil,,,noun,A2,ox3000,1673
onto_preposition,onto,,,preposition,A2,ox3000,1674
opportunity_noun,opportunity,,,noun,A2,ox3000,1675
option_noun,option,,,noun,A2,ox3000,1676
ordinary_adjective,ordinary,,,adjective,A2,ox3000,1677
organization_noun,organization,,,noun,A2,ox3000,1678
organize_verb,organize,,,verb,A2,ox3000,1679
original_adjective,original,,,adjective,A2,ox3000,1680
ourselves_pronoun,ourselves,,,pronoun,A2,ox3000,1681
outside_preposition,outside,,,preposition,A2,ox3000,1682
outside_noun,outside,,,noun,A2,ox3000,1683
outside_adjective,outside,,,adjective,A2,ox3000,1684
oven_noun,oven,,,noun,A2,ox3000,1685
own_verb,own,,,verb,A2,ox3000,1686
owner_noun,owner,,,noun,A2,ox3000,1687
pack_verb,pack,,,verb,A2,ox3000,1688
pain_noun,pain,,,noun,A2,ox3000,1689
painter_noun,painter,,,noun,A2,ox3000,1690
palace_noun,palace,,,noun,A2,ox3000,1691
pants_noun,pants,,,noun,A2,ox3000,1692
parking_noun,parking,,,noun,A2,ox3000,1693
particular_adjective,particular,,,adjective,A2,ox3000,1694
pass_verb,pass,,,verb,A2,ox3000,1695
passenger_noun,passenger,,,noun,A2,ox3000,1696
past_adverb,past,,,adverb,A2,ox3000,1697
patient_noun,patient,,,noun,A2,ox3000,1698
pattern_noun,pattern,,,noun,A2,ox3000,1699
pay_noun,pay,,,noun,A2,ox3000,1700
peace_noun,peace,,,noun,A2,ox3000,1701
penny_noun,penny,,,noun,A2,ox3000,1702
per_preposition,per,,,preposition,A2,ox3000,1703
per-cent_noun,per cent,,,noun,A2,ox3000,1704
per-cent_adjective,per cent,,,adjective,A2,ox3000,1705
per-cent_adverb,per cent,,,adverb,A2,ox3000,1706
perform_verb,perform,,,verb,A2,ox3000,1707
perhaps_adverb,perhaps,,,adverb,A2,ox3000,1708
permission_noun,permission,,,noun,A2,ox3000,1709
personality_noun,personality,,,noun,A2,ox3000,1710
pet_noun,pet,,,noun,A2,ox3000,1711
petrol_noun,petrol,,,noun,A2,ox3000,1712
photograph_verb,photograph,,,verb,A2,ox3000,1713
physical_adjective,physical,,,adjective,A2,ox3000,1714
physics_noun,physics,,,noun,A2,ox3000,1715
pick_verb,pick,,,verb,A2,ox3000,1716
pilot_noun,pilot,,,noun,A2,ox3000,1717
planet_noun,planet,,,noun,A2,ox3000,1718
plant_verb,plant,,,verb,A2,ox3000,1719
plastic_noun,plastic,,,noun,A2,ox3000,1720
plastic_adjective,plastic,,,adjective,A2,ox3000,1721
plate_noun,plate,,,noun,A2,ox3000,1722
platform_noun,platform,,,noun,A2,ox3000,1723
please_verb,please,,,verb,A2,ox3000,1724
pleased_adjective,pleased,,,adjective,A2,ox3000,1725
pocket_noun,pocket,,,noun,A2,ox3000,1726
polite_adjective,polite,,,adjective,A2,ox3000,1727
pollution_noun,pollution,,,noun,A2,ox3000,1728
pop_noun,pop,,,noun,A2,ox3000,1729
pop_adjective,pop,,,adjective,A2,ox3000,1730
population_noun,population,,,noun,A2,ox3000,1731
position_noun,position,,,noun,A2,ox3000,1732
possession_noun,possession,,,noun,A2,ox3000,1733
possibility_noun,possibility,,,noun,A2,ox3000,1734
poster_noun,poster,,,noun,A2,ox3000,1735
power_noun,power,,,noun,A2,ox3000,1736
predict_verb,predict,,,verb,A2,ox3000,1737
present_verb,present,,,verb,A2,ox3000,1738
president_noun,president,,,noun,A2,ox3000,1739
prevent_verb,prevent,,,verb,A2,ox3000,1740
print_verb,print,,,verb,A2,ox3000,1741
printer_noun,printer,,,noun,A2,ox3000,1742
prison_noun,prison,,,noun,A2,ox3000,1743
prize_noun,prize,,,noun,A2,ox3000,1744
process_noun,process,,,noun,A2,ox3000,1745
produce_verb,produce,,,verb,A2,ox3000,1746
professional_adjective,professional,,,adjective,A2,ox3000,1747
professor_noun,professor,,,noun,A2,ox3000,1748
profile_noun,profile,,,noun,A2,ox3000,1749
program_noun,program,,,noun,A2,ox3000,1750
progress_noun,progress,,,noun,A2,ox3000,1751
promise_verb,promise,,,verb,A2,ox3000,1752
promise_noun,promise,,,noun,A2,ox3000,1753
pronounce_verb,pronounce,,,verb,A2,ox3000,1754
protect_verb,protect,,,verb,A2,ox3000,1755
provide_verb,provide,,,verb,A2,ox3000,1756
pub_noun,pub,,,noun,A2,ox3000,1757
public_adjective,public,,,adjective,A2,ox3000,1758
public_noun,public,,,noun,A2,ox3000,1759
publish_verb,publish,,,verb,A2,ox3000,1760
pull_verb,pull,,,verb,A2,ox3000,1761
purpose_noun,purpose,,,noun,A2,ox3000,1762
push_verb,push,,,verb,A2,ox3000,1763
quality_noun,quality,,,noun,A2,ox3000,1764
quantity_noun,quantity,,,noun,A2,ox3000,1765
queen_noun,queen,,,noun,A2,ox3000,1766
question_verb,question,,,verb,A2,ox3000,1767
quietly_adverb,quietly,,,adverb,A2,ox3000,1768
race-competition_noun,race,,competition,noun,A2,ox3000,1769
race-competition_verb,race,,competition,verb,A2,ox3000,1770
railway_noun,railway,,,noun,A2,ox3000,1771
raise_verb,raise,,,verb,A2,ox3000,1772
rate_noun,rate,,,noun,A2,ox3000,1773
rather_adverb,rather,,,adverb,A2,ox3000,1774
reach_verb,reach,,,verb,A2,ox3000,1775
react_verb,react,,,verb,A2,ox3000,1776
realize_verb,realize,,,verb,A2,ox3000,1777
receive_verb,receive,,,verb,A2,ox3000,1778
recent_adjective,recent,,,adjective,A2,ox3000,1779
recently_adverb,recently,,,adverb,A2,ox3000,1780
reception_noun,reception,,,noun,A2,ox3000,1781
recipe_noun,recipe,,,noun,A2,ox3000,1782
recognize_verb,recognize,,,verb,A2,ox3000,1783
recommend_verb,recommend,,,verb,A2,ox3000,1784
record_noun,record,,,noun,A2,ox3000,1785
record_verb,record,,,verb,A2,ox3000,1786
recording_noun,recording,,,noun,A2,ox3000,1787
recycle_verb,recycle,,,verb,A2,ox3000,1788
reduce_verb,reduce,,,verb,A2,ox3000,1789
refer_verb,refer,,,verb,A2,ox3000,1790
refuse-1_verb,refuse,1,,verb,A2,ox3000,1791
region_noun,region,,,noun,A2,ox3000,1792
regular_adjective,regular,,,adjective,A2,ox3000,1793
relationship_noun,relationship,,,noun,A2,ox3000,1794
remove_verb,remove,,,verb,A2,ox3000,1795
repair_verb,repair,,,verb,A2,ox3000,1796
replace_verb,replace,,,verb,A2,ox3000,1797
reply_verb,reply,,,verb,A2,ox3000,1798
reply_noun,reply,,,noun,A2,ox3000,1799
report_verb,report,,,verb,A2,ox3000,1800
reporter_noun,reporter,,,noun,A2,ox3000,1801
request_noun,request,,,noun,A2,ox3000,1802
research_noun,research,,,noun,A2,ox3000,1803
research_verb,research,,,verb,A2,ox3000,1804
researcher_noun,researcher,,,noun,A2,ox3000,1805
respond_verb,respond,,,verb,A2,ox3000,1806
response_noun,response,,,noun,A2,ox3000,1807
rest-remaining-part_noun,rest,,remaining part,noun,A2,ox3000,1808
rest-sleep-relax_noun,rest,,sleep/relax,noun,A2,ox3000,1809
rest-sleep-relax_verb,rest,,sleep/relax,verb,A2,ox3000,1810
review_noun,review,,,noun,A2,ox3000,1811
review_verb,review,,,verb,A2,ox3000,1812
ride_noun,ride,,,noun,A2,ox3000,1813
ring-1_noun,ring,1,,noun,A2,ox3000,1814
ring-2_verb,ring,2,,verb,A2,ox3000,1815
rise_verb,rise,,,verb,A2,ox3000,1816
rock-stone_noun,rock,,stone,noun,A2,ox3000,1817
rock-music_noun,rock,,music,noun,A2,ox3000,1818
role_noun,role,,,noun,A2,ox3000,1819
roof_noun,roof,,,noun,A2,ox3000,1820
round_adjective,round,,,adjective,A2,ox3000,1821
round_adverb,round,,,adverb,A2,ox3000,1822
round_preposition,round,,,preposition,A2,ox3000,1823
route_noun,route,,,noun,A2,ox3000,1824
rubbish_noun,rubbish,,,noun,A2,ox3000,1825
rude_adjective,rude,,,adjective,A2,ox3000,1826
run_noun,run,,,noun,A2,ox3000,1827
runner_noun,runner,,,noun,A2,ox3000,1828
running_noun,running,,,noun,A2,ox3000,1829
sadly_adverb,sadly,,,adverb,A2,ox3000,1830
safe_adjective,safe,,,adjective,A2,ox3000,1831
sail_verb,sail,,,verb,A2,ox3000,1832
sailing_noun,sailing,,,noun,A2,ox3000,1833
salary_noun,salary,,,noun,A2,ox3000,1834
sale_noun,sale,,,noun,A2,ox3000,1835
sauce_noun,sauce,,,noun,A2,ox3000,1836
save_verb,save,,,verb,A2,ox3000,1837
scared_adjective,scared,,,adjective,A2,ox3000,1838
scary_adjective,scary,,,adjective,A2,ox3000,1839
scene_noun,scene,,,noun,A2,ox3000,1840
schedule_noun,schedule,,,noun,A2,ox3000,1841
score_verb,score,,,verb,A2,ox3000,1842
score_noun,score,,,noun,A2,ox3000,1843
screen_noun,screen,,,noun,A2,ox3000,1844
search_noun,search,,,noun,A2,ox3000,1845
search_verb,search,,,verb,A2,ox3000,1846
season_noun,season,,,noun,A2,ox3000,1847
seat_noun,seat,,,noun,A2,ox3000,1848
second-1-next-after-the-first_adverb,second,1,next after the first,adverb,A2,ox3000,1849
secondly_adverb,secondly,,,adverb,A2,ox3000,1850
secret_adjective,secret,,,adjective,A2,ox3000,1851
secret_noun,secret,,,noun,A2,ox3000,1852
secretary_noun,secretary,,,noun,A2,ox3000,1853
seem_verb,seem,,,verb,A2,ox3000,1854
sense_noun,sense,,,noun,A2,ox3000,1855
separate_adjective,separate,,,adjective,A2,ox3000,1856
series_noun,series,,,noun,A2,ox3000,1857
serious_adjective,serious,,,adjective,A2,ox3000,1858
serve_verb,serve,,,verb,A2,ox3000,1859
service_noun,service,,,noun,A2,ox3000,1860
several_determiner,several,,,determiner,A2,ox3000,1861
several_pronoun,several,,,pronoun,A2,ox3000,1862
shake_verb,shake,,,verb,A2,ox3000,1863
shall_modal,shall,,,modal,A2,ox3000,1864
shape_noun,shape,,,noun,A2,ox3000,1865
sheet_noun,sheet,,,noun,A2,ox3000,1866
ship_noun,ship,,,noun,A2,ox3000,1867
shoulder_noun,shoulder,,,noun,A2,ox3000,1868
shout_verb,shout,,,verb,A2,ox3000,1869
shout_noun,shout,,,noun,A2,ox3000,1870
shut_verb,shut,,,verb,A2,ox3000,1871
shut_adjective,shut,,,adjective,A2,ox3000,1872
side_noun,side,,,noun,A2,ox3000,1873
sign_noun,sign,,,noun,A2,ox3000,1874
sign_verb,sign,,,verb,A2,ox3000,1875
silver_noun,silver,,,noun,A2,ox3000,1876
silver_adjective,silver,,,adjective,A2,ox3000,1877
simple_adjective,simple,,,adjective,A2,ox3000,1878
since_preposition,since,,,preposition,A2,ox3000,1879
since_conjunction,since,,,conjunction,A2,ox3000,1880
singing_noun,singing,,,noun,A2,ox3000,1881
single_adjective,single,,,adjective,A2,ox3000,1882
single_noun,single,,,noun,A2,ox3000,1883
sir_noun,sir,,,noun,A2,ox3000,1884
site_noun,site,,,noun,A2,ox3000,1885
size_noun,size,,,noun,A2,ox3000,1886
ski_verb,ski,,,verb,A2,ox3000,1887
ski_adjective,ski,,,adjective,A2,ox3000,1888
ski_noun,ski,,,noun,A2,ox3000,1889
skiing_noun,skiing,,,noun,A2,ox3000,1890
skin_noun,skin,,,noun,A2,ox3000,1891
sky_noun,sky,,,noun,A2,ox3000,1892
sleep_noun,sleep,,,noun,A2,ox3000,1893
slowly_adverb,slowly,,,adverb,A2,ox3000,1894
smartphone_noun,smartphone,,,noun,A2,ox3000,1895
smell_verb,smell,,,verb,A2,ox3000,1896
smell_noun,smell,,,noun,A2,ox3000,1897
smile_verb,smile,,,verb,A2,ox3000,1898
smile_noun,smile,,,noun,A2,ox3000,1899
smoke_noun,smoke,,,noun,A2,ox3000,1900
smoke_verb,smoke,,,verb,A2,ox3000,1901
smoking_noun,smoking,,,noun,A2,ox3000,1902
soap_noun,soap,,,noun,A2,ox3000,1903
soccer_noun,soccer,,,noun,A2,ox3000,1904
social_adjective,social,,,adjective,A2,ox3000,1905
society_noun,society,,,noun,A2,ox3000,1906
sock_noun,sock,,,noun,A2,ox3000,1907
soft_adjective,soft,,,adjective,A2,ox3000,1908
soldier_noun,soldier,,,noun,A2,ox3000,1909
solution_noun,solution,,,noun,A2,ox3000,1910
solve_verb,solve,,,verb,A2,ox3000,1911
somewhere_adverb,somewhere,,,adverb,A2,ox3000,1912
somewhere_pronoun,somewhere,,,pronoun,A2,ox3000,1913
sort_noun,sort,,,noun,A2,ox3000,1914
source_noun,source,,,noun,A2,ox3000,1915
speaker_noun,speaker,,,noun,A2,ox3000,1916
specific_adjective,specific,,,adjective,A2,ox3000,1917
speech_noun,speech,,,noun,A2,ox3000,1918
speed_noun,speed,,,noun,A2,ox3000,1919
spider_noun,spider,,,noun,A2,ox3000,1920
spoon_noun,spoon,,,noun,A2,ox3000,1921
square_adjective,square,,,adjective,A2,ox3000,1922
square_noun,square,,,noun,A2,ox3000,1923
stage_noun,stage,,,noun,A2,ox3000,1924
stair_noun,stair,,,noun,A2,ox3000,1925
stamp_noun,stamp,,,noun,A2,ox3000,1926
star_verb,star,,,verb,A2,ox3000,1927
start_noun,start,,,noun,A2,ox3000,1928
state_noun,state,,,noun,A2,ox3000,1929
stay_noun,stay,,,noun,A2,ox3000,1930
steal_verb,steal,,,verb,A2,ox3000,1931
step_noun,step,,,noun,A2,ox3000,1932
stomach_noun,stomach,,,noun,A2,ox3000,1933
stone_noun,stone,,,noun,A2,ox3000,1934
store_noun,store,,,noun,A2,ox3000,1935
storm_noun,storm,,,noun,A2,ox3000,1936
straight_adverb,straight,,,adverb,A2,ox3000,1937
straight_adjective,straight,,,adjective,A2,ox3000,1938
strange_adjective,strange,,,adjective,A2,ox3000,1939
strategy_noun,strategy,,,noun,A2,ox3000,1940
stress_noun,stress,,,noun,A2,ox3000,1941
stress_verb,stress,,,verb,A2,ox3000,1942
structure_noun,structure,,,noun,A2,ox3000,1943
stupid_adjective,stupid,,,adjective,A2,ox3000,1944
succeed_verb,succeed,,,verb,A2,ox3000,1945
successful_adjective,successful,,,adjective,A2,ox3000,1946
such_determiner,such,,,determiner,A2,ox3000,1947
such_pronoun,such,,,pronoun,A2,ox3000,1948
suddenly_adverb,suddenly,,,adverb,A2,ox3000,1949
suggest_verb,suggest,,,verb,A2,ox3000,1950
suggestion_noun,suggestion,,,noun,A2,ox3000,1951
suit_noun,suit,,,noun,A2,ox3000,1952
support_verb,support,,,verb,A2,ox3000,1953
support_noun,support,,,noun,A2,ox3000,1954
suppose_verb,suppose,,,verb,A2,ox3000,1955
sure_adverb,sure,,,adverb,A2,ox3000,1956
surprise_noun,surprise,,,noun,A2,ox3000,1957
surprise_verb,surprise,,,verb,A2,ox3000,1958
surprised_adjective,surprised,,,adjective,A2,ox3000,1959
surprising_adjective,surprising,,,adjective,A2,ox3000,1960
survey_noun,survey,,,noun,A2,ox3000,1961
sweet_adjective,sweet,,,adjective,A2,ox3000,1962
sweet_noun,sweet,,,noun,A2,ox3000,1963
symbol_noun,symbol,,,noun,A2,ox3000,1964
system_noun,system,,,noun,A2,ox3000,1965
tablet_noun,tablet,,,noun,A2,ox3000,1966
talk_noun,talk,,,noun,A2,ox3000,1967
target_noun,target,,,noun,A2,ox3000,1968
task_noun,task,,,noun,A2,ox3000,1969
taste_noun,taste,,,noun,A2,ox3000,1970
taste_verb,taste,,,verb,A2,ox3000,1971
teaching_noun,teaching,,,noun,A2,ox3000,1972
technology_noun,technology,,,noun,A2,ox3000,1973
teenage_adjective,teenage,,,adjective,A2,ox3000,1974
temperature_noun,temperature,,,noun,A2,ox3000,1975
term_noun,term,,,noun,A2,ox3000,1976
text_verb,text,,,verb,A2,ox3000,1977
themselves_pronoun,themselves,,,pronoun,A2,ox3000,1978
thick_adjective,thick,,,adjective,A2,ox3000,1979
thief_noun,thief,,,noun,A2,ox3000,1980
thin_adjective,thin,,,adjective,A2,ox3000,1981
thinking_noun,thinking,,,noun,A2,ox3000,1982
third_noun,third,,,noun,A2,ox3000,1983
thought_noun,thought,,,noun,A2,ox3000,1984
throw_verb,throw,,,verb,A2,ox3000,1985
tidy_adjective,tidy,,,adjective,A2,ox3000,1986
tidy_verb,tidy,,,verb,A2,ox3000,1987
tie_verb,tie,,,verb,A2,ox3000,1988
tie_noun,tie,,,noun,A2,ox3000,1989
tip_noun,tip,,,noun,A2,ox3000,1990
tool_noun,tool,,,noun,A2,ox3000,1991
top_noun,top,,,noun,A2,ox3000,1992
top_adjective,top,,,adjective,A2,ox3000,1993
touch_verb,touch,,,verb,A2,ox3000,1994
tour_noun,tour,,,noun,A2,ox3000,1995
tourism_noun,tourism,,,noun,A2,ox3000,1996
towards_preposition,towards,,,preposition,A2,ox3000,1997
towel_noun,towel,,,noun,A2,ox3000,1998
tower_noun,tower,,,noun,A2,ox3000,1999
toy_noun,toy,,,noun,A2,ox3000,2000
toy_adjective,toy,,,adjective,A2,ox3000,2001
track_noun,track,,,noun,A2,ox3000,2002
tradition_noun,tradition,,,noun,A2,ox3000,2003
traditional_adjective,traditional,,,adjective,A2,ox3000,2004
train_verb,train,,,verb,A2,ox3000,2005
trainer_noun,trainer,,,noun,A2,ox3000,2006
training_noun,training,,,noun,A2,ox3000,2007
transport_noun,transport,,,noun,A2,ox3000,2008
traveller_noun,traveller,,,noun,A2,ox3000,2009
trouble_noun,trouble,,,noun,A2,ox3000,2010
truck_noun,truck,,,noun,A2,ox3000,2011
twin_noun,twin,,,noun,A2,ox3000,2012
twin_adjective,twin,,,adjective,A2,ox3000,2013
typical_adjective,typical,,,adjective,A2,ox3000,2014
underground_adjective,underground,,,adjective,A2,ox3000,2015
underground_adverb,underground,,,adverb,A2,ox3000,2016
understanding_noun,understanding,,,noun,A2,ox3000,2017
unfortunately_adverb,unfortunately,,,adverb,A2,ox3000,2018
unhappy_adjective,unhappy,,,adjective,A2,ox3000,2019
uniform_noun,uniform,,,noun,A2,ox3000,2020
unit_noun,unit,,,noun,A2,ox3000,2021
united_adjective,united,,,adjective,A2,ox3000,2022
unusual_adjective,unusual,,,adjective,A2,ox3000,2023
upstairs_adjective,upstairs,,,adjective,A2,ox3000,2024
use_noun,use,,,noun,A2,ox3000,2025
used-to_modal,used to,,,modal,A2,ox3000,2026
user_noun,user,,,noun,A2,ox3000,2027
usual_adjective,usual,,,adjective,A2,ox3000,2028
valley_noun,valley,,,noun,A2,ox3000,2029
van_noun,van,,,noun,A2,ox3000,2030
variety_noun,variety,,,noun,A2,ox3000,2031
vehicle_noun,vehicle,,,noun,A2,ox3000,2032
view_noun,view,,,noun,A2,ox3000,2033
virus_noun,virus,,,noun,A2,ox3000,2034
voice_noun,voice,,,noun,A2,ox3000,2035
wait_noun,wait,,,noun,A2,ox3000,2036
war_noun,war,,,noun,A2,ox3000,2037
wash_noun,wash,,,noun,A2,ox3000,2038
washing_noun,washing,,,noun,A2,ox3000,2039
wave_noun,wave,,,noun,A2,ox3000,2040
weak_adjective,weak,,,adjective,A2,ox3000,2041
web_noun,web,,,noun,A2,ox3000,2042
wedding_noun,wedding,,,noun,A2,ox3000,2043
weight_noun,weight,,,noun,A2,ox3000,2044
welcome_noun,welcome,,,noun,A2,ox3000,2045
wet_adjective,wet,,,adjective,A2,ox3000,2046
wheel_noun,wheel,,,noun,A2,ox3000,2047
while_conjunction,while,,,conjunction,A2,ox3000,2048
whole_adjective,whole,,,adjective,A2,ox3000,2049
whose_determiner,whose,,,determiner,A2,ox3000,2050
whose_pronoun,whose,,,pronoun,A2,ox3000,2051
wide_adjective,wide,,,adjective,A2,ox3000,2052
wild_adjective,wild,,,adjective,A2,ox3000,2053
wind-1_noun,wind,1,,noun,A2,ox3000,2054
winner_noun,winner,,,noun,A2,ox3000,2055
wish_verb,wish,,,verb,A2,ox3000,2056
wish_noun,wish,,,noun,A2,ox3000,2057
wood_noun,wood,,,noun,A2,ox3000,2058
wooden_adjective,wooden,,,adjective,A2,ox3000,2059
working_adjective,working,,,adjective,A2,ox3000,2060
worried_adjective,worried,,,adjective,A2,ox3000,2061
worry_verb,worry,,,verb,A2,ox3000,2062
worse_adjective,worse,,,adjective,A2,ox3000,2063
worst_adjective,worst,,,adjective,A2,ox3000,2064
wow_exclamation,wow,,,exclamation,A2,ox3000,2065
yet_adverb,yet,,,adverb,A2,ox3000,2066
yours_pronoun,yours,,,pronoun,A2,ox3000,2067
zero_number,zero,,,number,A2,ox3000,2068
absolutely_adverb,absolutely,,,adverb,B1,ox3000,2069
academic_adjective,academic,,,adjective,B1,ox3000,2070
access_noun,access,,,noun,B1,ox3000,2071
access_verb,access,,,verb,B1,ox3000,2072
accommodation_noun,accommodation,,,noun,B1,ox3000,2073
account_noun,account,,,noun,B1,ox3000,2074
achievement_noun,achievement,,,noun,B1,ox3000,2075
act_noun,act,,,noun,B1,ox3000,2076
ad_noun,ad,,,noun,B1,ox3000,2077
addition_noun,addition,,,noun,B1,ox3000,2078
admire_verb,admire,,,verb,B1,ox3000,2079
admit_verb,admit,,,verb,B1,ox3000,2080
advanced_adjective,advanced,,,adjective,B1,ox3000,2081
advise_verb,advise,,,verb,B1,ox3000,2082
afford_verb,afford,,,verb,B1,ox3000,2083
age_verb,age,,,verb,B1,ox3000,2084
aged_adjective,aged,,,adjective,B1,ox3000,2085
agent_noun,agent,,,noun,B1,ox3000,2086
agreement_noun,agreement,,,noun,B1,ox3000,2087
ahead_adverb,ahead,,,adverb,B1,ox3000,2088
aim_verb,aim,,,verb,B1,ox3000,2089
aim_noun,aim,,,noun,B1,ox3000,2090
alarm_noun,alarm,,,noun,B1,ox3000,2091
album_noun,album,,,noun,B1,ox3000,2092
alcohol_noun,alcohol,,,noun,B1,ox3000,2093
alcoholic_adjective,alcoholic,,,adjective,B1,ox3000,2094
alternative_adjective,alternative,,,adjective,B1,ox3000,2095
amazed_adjective,amazed,,,adjective,B1,ox3000,2096
ambition_noun,ambition,,,noun,B1,ox3000,2097
ambitious_adjective,ambitious,,,adjective,B1,ox3000,2098
analyse_verb,analyse,,,verb,B1,ox3000,2099
analysis_noun,analysis,,,noun,B1,ox3000,2100
announce_verb,announce,,,verb,B1,ox3000,2101
announcement_noun,announcement,,,noun,B1,ox3000,2102
annoy_verb,annoy,,,verb,B1,ox3000,2103
annoyed_adjective,annoyed,,,adjective,B1,ox3000,2104
annoying_adjective,annoying,,,adjective,B1,ox3000,2105
apart_adverb,apart,,,adverb,B1,ox3000,2106
apologize_verb,apologize,,,verb,B1,ox3000,2107
application_noun,application,,,noun,B1,ox3000,2108
appointment_noun,appointment,,,noun,B1,ox3000,2109
appreciate_verb,appreciate,,,verb,B1,ox3000,2110
approximately_adverb,approximately,,,adverb,B1,ox3000,2111
arrest_verb,arrest,,,verb,B1,ox3000,2112
arrest_noun,arrest,,,noun,B1,ox3000,2113
arrival_noun,arrival,,,noun,B1,ox3000,2114
assignment_noun,assignment,,,noun,B1,ox3000,2115
assist_verb,assist,,,verb,B1,ox3000,2116
atmosphere_noun,atmosphere,,,noun,B1,ox3000,2117
attach_verb,attach,,,verb,B1,ox3000,2118
attitude_noun,attitude,,,noun,B1,ox3000,2119
attract_verb,attract,,,verb,B1,ox3000,2120
attraction_noun,attraction,,,noun,B1,ox3000,2121
authority_noun,authority,,,noun,B1,ox3000,2122
average_verb,average,,,verb,B1,ox3000,2123
award_verb,award,,,verb,B1,ox3000,2124
aware_adjective,aware,,,adjective,B1,ox3000,2125
backwards_adverb,backwards,,,adverb,B1,ox3000,2126
bake_verb,bake,,,verb,B1,ox3000,2127
balance_noun,balance,,,noun,B1,ox3000,2128
balance_verb,balance,,,verb,B1,ox3000,2129
ban_verb,ban,,,verb,B1,ox3000,2130
ban_noun,ban,,,noun,B1,ox3000,2131
bank-river_noun,bank,,river,noun,B1,ox3000,2132
base_noun,base,,,noun,B1,ox3000,2133
base_verb,base,,,verb,B1,ox3000,2134
basic_adjective,basic,,,adjective,B1,ox3000,2135
basis_noun,basis,,,noun,B1,ox3000,2136
battery_noun,battery,,,noun,B1,ox3000,2137
battle_noun,battle,,,noun,B1,ox3000,2138
beauty_noun,beauty,,,noun,B1,ox3000,2139
bee_noun,bee,,,noun,B1,ox3000,2140
belief_noun,belief,,,noun,B1,ox3000,2141
bell_noun,bell,,,noun,B1,ox3000,2142
bend_verb,bend,,,verb,B1,ox3000,2143
bend_noun,bend,,,noun,B1,ox3000,2144
benefit_verb,benefit,,,verb,B1,ox3000,2145
better_noun,better,,,noun,B1,ox3000,2146
bite_verb,bite,,,verb,B1,ox3000,2147
bite_noun,bite,,,noun,B1,ox3000,2148
block_noun,block,,,noun,B1,ox3000,2149
block_verb,block,,,verb,B1,ox3000,2150
board_verb,board,,,verb,B1,ox3000,2151
bomb_noun,bomb,,,noun,B1,ox3000,2152
bomb_verb,bomb,,,verb,B1,ox3000,2153
border_noun,border,,,noun,B1,ox3000,2154
bother_verb,bother,,,verb,B1,ox3000,2155
branch_noun,branch,,,noun,B1,ox3000,2156
brand_noun,brand,,,noun,B1,ox3000,2157
brand_verb,brand,,,verb,B1,ox3000,2158
brave_adjective,brave,,,adjective,B1,ox3000,2159
breath_noun,breath,,,noun,B1,ox3000,2160
breathe_verb,breathe,,,verb,B1,ox3000,2161
breathing_noun,breathing,,,noun,B1,ox3000,2162
bride_noun,bride,,,noun,B1,ox3000,2163
bubble_noun,bubble,,,noun,B1,ox3000,2164
bury_verb,bury,,,verb,B1,ox3000,2165
by_adverb,by,,,adverb,B1,ox3000,2166
calm_adjective,calm,,,adjective,B1,ox3000,2167
calm_verb,calm,,,verb,B1,ox3000,2168
calm_noun,calm,,,noun,B1,ox3000,2169
campaign_noun,campaign,,,noun,B1,ox3000,2170
campaign_verb,campaign,,,verb,B1,ox3000,2171
campus_noun,campus,,,noun,B1,ox3000,2172
candidate_noun,candidate,,,noun,B1,ox3000,2173
cap_noun,cap,,,noun,B1,ox3000,2174
captain_noun,captain,,,noun,B1,ox3000,2175
careless_adjective,careless,,,adjective,B1,ox3000,2176
category_noun,category,,,noun,B1,ox3000,2177
ceiling_noun,ceiling,,,noun,B1,ox3000,2178
celebration_noun,celebration,,,noun,B1,ox3000,2179
central_adjective,central,,,adjective,B1,ox3000,2180
centre_verb,centre,,,verb,B1,ox3000,2181
ceremony_noun,ceremony,,,noun,B1,ox3000,2182
chain_noun,chain,,,noun,B1,ox3000,2183
challenge_noun,challenge,,,noun,B1,ox3000,2184
champion_noun,champion,,,noun,B1,ox3000,2185
channel_noun,channel,,,noun,B1,ox3000,2186
chapter_noun,chapter,,,noun,B1,ox3000,2187
charge_noun,charge,,,noun,B1,ox3000,2188
charge_verb,charge,,,verb,B1,ox3000,2189
cheap_adverb,cheap,,,adverb,B1,ox3000,2190
cheat_verb,cheat,,,verb,B1,ox3000,2191
cheat_noun,cheat,,,noun,B1,ox3000,2192
cheerful_adjective,cheerful,,,adjective,B1,ox3000,2193
chemical_adjective,chemical,,,adjective,B1,ox3000,2194
chemical_noun,chemical,,,noun,B1,ox3000,2195
chest_noun,chest,,,noun,B1,ox3000,2196
childhood_noun,childhood,,,noun,B1,ox3000,2197
claim_verb,claim,,,verb,B1,ox3000,2198
claim_noun,claim,,,noun,B1,ox3000,2199
clause_noun,clause,,,noun,B1,ox3000,2200
clear_verb,clear,,,verb,B1,ox3000,2201
click_verb,click,,,verb,B1,ox3000,2202
click_noun,click,,,noun,B1,ox3000,2203
client_noun,client,,,noun,B1,ox3000,2204
climb_noun,climb,,,noun,B1,ox3000,2205
close-2_adverb,close,2,,adverb,B1,ox3000,2206
cloth_noun,cloth,,,noun,B1,ox3000,2207
clue_noun,clue,,,noun,B1,ox3000,2208
coach_verb,coach,,,verb,B1,ox3000,2209
coal_noun,coal,,,noun,B1,ox3000,2210
coin_noun,coin,,,noun,B1,ox3000,2211
collection_noun,collection,,,noun,B1,ox3000,2212
coloured_adjective,coloured,,,adjective,B1,ox3000,2213
combine_verb,combine,,,verb,B1,ox3000,2214
comment_verb,comment,,,verb,B1,ox3000,2215
commercial_adjective,commercial,,,adjective,B1,ox3000,2216
commercial_noun,commercial,,,noun,B1,ox3000,2217
commit_verb,commit,,,verb,B1,ox3000,2218
communication_noun,communication,,,noun,B1,ox3000,2219
comparison_noun,comparison,,,noun,B1,ox3000,2220
competitor_noun,competitor,,,noun,B1,ox3000,2221
competitive_adjective,competitive,,,adjective,B1,ox3000,2222
complaint_noun,complaint,,,noun,B1,ox3000,2223
complex_adjective,complex,,,adjective,B1,ox3000,2224
concentrate_verb,concentrate,,,verb,B1,ox3000,2225
conclude_verb,conclude,,,verb,B1,ox3000,2226
conclusion_noun,conclusion,,,noun,B1,ox3000,2227
confident_adjective,confident,,,adjective,B1,ox3000,2228
confirm_verb,confirm,,,verb,B1,ox3000,2229
confuse_verb,confuse,,,verb,B1,ox3000,2230
confused_adjective,confused,,,adjective,B1,ox3000,2231
connection_noun,connection,,,noun,B1,ox3000,2232
consequence_noun,consequence,,,noun,B1,ox3000,2233
consist_verb,consist,,,verb,B1,ox3000,2234
consume_verb,consume,,,verb,B1,ox3000,2235
consumer_noun,consumer,,,noun,B1,ox3000,2236
contact_noun,contact,,,noun,B1,ox3000,2237
contact_verb,contact,,,verb,B1,ox3000,2238
container_noun,container,,,noun,B1,ox3000,2239
content-1_noun,content,1,,noun,B1,ox3000,2240
continuous_adjective,continuous,,,adjective,B1,ox3000,2241
contrast_noun,contrast,,,noun,B1,ox3000,2242
contrast_verb,contrast,,,verb,B1,ox3000,2243
convenient_adjective,convenient,,,adjective,B1,ox3000,2244
convince_verb,convince,,,verb,B1,ox3000,2245
cool_verb,cool,,,verb,B1,ox3000,2246
costume_noun,costume,,,noun,B1,ox3000,2247
cottage_noun,cottage,,,noun,B1,ox3000,2248
cotton_noun,cotton,,,noun,B1,ox3000,2249
count_noun,count,,,noun,B1,ox3000,2250
countryside_noun,countryside,,,noun,B1,ox3000,2251
court_noun,court,,,noun,B1,ox3000,2252
cover_noun,cover,,,noun,B1,ox3000,2253
covered_adjective,covered,,,adjective,B1,ox3000,2254
cream_adjective,cream,,,adjective,B1,ox3000,2255
criminal_adjective,criminal,,,adjective,B1,ox3000,2256
cruel_adjective,cruel,,,adjective,B1,ox3000,2257
cultural_adjective,cultural,,,adjective,B1,ox3000,2258
currency_noun,currency,,,noun,B1,ox3000,2259
current_adjective,current,,,adjective,B1,ox3000,2260
currently_adverb,currently,,,adverb,B1,ox3000,2261
curtain_noun,curtain,,,noun,B1,ox3000,2262
custom_noun,custom,,,noun,B1,ox3000,2263
cut_noun,cut,,,noun,B1,ox3000,2264
daily_adverb,daily,,,adverb,B1,ox3000,2265
damage_noun,damage,,,noun,B1,ox3000,2266
damage_verb,damage,,,verb,B1,ox3000,2267
deal_noun,deal,,,noun,B1,ox3000,2268
decade_noun,decade,,,noun,B1,ox3000,2269
decorate_verb,decorate,,,verb,B1,ox3000,2270
deep_adverb,deep,,,adverb,B1,ox3000,2271
define_verb,define,,,verb,B1,ox3000,2272
definite_adjective,definite,,,adjective,B1,ox3000,2273
definition_noun,definition,,,noun,B1,ox3000,2274
deliver_verb,deliver,,,verb,B1,ox3000,2275
departure_noun,departure,,,noun,B1,ox3000,2276
despite_preposition,despite,,,preposition,B1,ox3000,2277
destination_noun,destination,,,noun,B1,ox3000,2278
determine_verb,determine,,,verb,B1,ox3000,2279
determined_adjective,determined,,,adjective,B1,ox3000,2280
development_noun,development,,,noun,B1,ox3000,2281
diagram_noun,diagram,,,noun,B1,ox3000,2282
diamond_noun,diamond,,,noun,B1,ox3000,2283
difficulty_noun,difficulty,,,noun,B1,ox3000,2284
direct_verb,direct,,,verb,B1,ox3000,2285
direct_adverb,direct,,,adverb,B1,ox3000,2286
directly_adverb,directly,,,adverb,B1,ox3000,2287
dirt_noun,dirt,,,noun,B1,ox3000,2288
disadvantage_noun,disadvantage,,,noun,B1,ox3000,2289
disappointed_adjective,disappointed,,,adjective,B1,ox3000,2290
disappointing_adjective,disappointing,,,adjective,B1,ox3000,2291
discount_noun,discount,,,noun,B1,ox3000,2292
dislike_verb,dislike,,,verb,B1,ox3000,2293
dislike_noun,dislike,,,noun,B1,ox3000,2294
divide_verb,divide,,,verb,B1,ox3000,2295
documentary_noun,documentary,,,noun,B1,ox3000,2296
donate_verb,donate,,,verb,B1,ox3000,2297
double_adverb,double,,,adverb,B1,ox3000,2298
doubt_noun,doubt,,,noun,B1,ox3000,2299
doubt_verb,doubt,,,verb,B1,ox3000,2300
dressed_adjective,dressed,,,adjective,B1,ox3000,2301
drop_noun,drop,,,noun,B1,ox3000,2302
drum_noun,drum,,,noun,B1,ox3000,2303
drunk_adjective,drunk,,,adjective,B1,ox3000,2304
due_adjective,due,,,adjective,B1,ox3000,2305
dust_noun,dust,,,noun,B1,ox3000,2306
duty_noun,duty,,,noun,B1,ox3000,2307
earthquake_noun,earthquake,,,noun,B1,ox3000,2308
eastern_adjective,eastern,,,adjective,B1,ox3000,2309
economic_adjective,economic,,,adjective,B1,ox3000,2310
economy_noun,economy,,,noun,B1,ox3000,2311
edge_noun,edge,,,noun,B1,ox3000,2312
editor_noun,editor,,,noun,B1,ox3000,2313
educate_verb,educate,,,verb,B1,ox3000,2314
educated_adjective,educated,,,adjective,B1,ox3000,2315
educational_adjective,educational,,,adjective,B1,ox3000,2316
effective_adjective,effective,,,adjective,B1,ox3000,2317
effectively_adverb,effectively,,,adverb,B1,ox3000,2318
effort_noun,effort,,,noun,B1,ox3000,2319
election_noun,election,,,noun,B1,ox3000,2320
element_noun,element,,,noun,B1,ox3000,2321
embarrassed_adjective,embarrassed,,,adjective,B1,ox3000,2322
embarrassing_adjective,embarrassing,,,adjective,B1,ox3000,2323
emergency_noun,emergency,,,noun,B1,ox3000,2324
emotion_noun,emotion,,,noun,B1,ox3000,2325
employment_noun,employment,,,noun,B1,ox3000,2326
empty_verb,empty,,,verb,B1,ox3000,2327
encourage_verb,encourage,,,verb,B1,ox3000,2328
enemy_noun,enemy,,,noun,B1,ox3000,2329
engaged_adjective,engaged,,,adjective,B1,ox3000,2330
engineering_noun,engineering,,,noun,B1,ox3000,2331
entertain_verb,entertain,,,verb,B1,ox3000,2332
entertainment_noun,entertainment,,,noun,B1,ox3000,2333
entrance_noun,entrance,,,noun,B1,ox3000,2334
entry_noun,entry,,,noun,B1,ox3000,2335
environmental_adjective,environmental,,,adjective,B1,ox3000,2336
episode_noun,episode,,,noun,B1,ox3000,2337
equal_adjective,equal,,,adjective,B1,ox3000,2338
equal_verb,equal,,,verb,B1,ox3000,2339
equally_adverb,equally,,,adverb,B1,ox3000,2340
escape_verb,escape,,,verb,B1,ox3000,2341
escape_noun,escape,,,noun,B1,ox3000,2342
essential_adjective,essential,,,adjective,B1,ox3000,2343
eventually_adverb,eventually,,,adverb,B1,ox3000,2344
examine_verb,examine,,,verb,B1,ox3000,2345
except_conjunction,except,,,conjunction,B1,ox3000,2346
exchange_noun,exchange,,,noun,B1,ox3000,2347
exchange_verb,exchange,,,verb,B1,ox3000,2348
excitement_noun,excitement,,,noun,B1,ox3000,2349
exhibition_noun,exhibition,,,noun,B1,ox3000,2350
expand_verb,expand,,,verb,B1,ox3000,2351
expected_adjective,expected,,,adjective,B1,ox3000,2352
expedition_noun,expedition,,,noun,B1,ox3000,2353
experience_verb,experience,,,verb,B1,ox3000,2354
experienced_adjective,experienced,,,adjective,B1,ox3000,2355
experiment_verb,experiment,,,verb,B1,ox3000,2356
explode_verb,explode,,,verb,B1,ox3000,2357
explore_verb,explore,,,verb,B1,ox3000,2358
explosion_noun,explosion,,,noun,B1,ox3000,2359
export_noun,export,,,noun,B1,ox3000,2360
export_verb,export,,,verb,B1,ox3000,2361
extra_noun,extra,,,noun,B1,ox3000,2362
extra_adverb,extra,,,adverb,B1,ox3000,2363
face_verb,face,,,verb,B1,ox3000,2364
fairly_adverb,fairly,,,adverb,B1,ox3000,2365
familiar_adjective,familiar,,,adjective,B1,ox3000,2366
fancy_verb,fancy,,,verb,B1,ox3000,2367
fancy_adjective,fancy,,,adjective,B1,ox3000,2368
far_adjective,far,,,adjective,B1,ox3000,2369
fascinating_adjective,fascinating,,,adjective,B1,ox3000,2370
fashionable_adjective,fashionable,,,adjective,B1,ox3000,2371
fasten_verb,fasten,,,verb,B1,ox3000,2372
favour_noun,favour,,,noun,B1,ox3000,2373
fear_verb,fear,,,verb,B1,ox3000,2374
feature_verb,feature,,,verb,B1,ox3000,2375
fence_noun,fence,,,noun,B1,ox3000,2376
fighting_noun,fighting,,,noun,B1,ox3000,2377
file_noun,file,,,noun,B1,ox3000,2378
financial_adjective,financial,,,adjective,B1,ox3000,2379
fire_verb,fire,,,verb,B1,ox3000,2380
fitness_noun,fitness,,,noun,B1,ox3000,2381
fixed_adjective,fixed,,,adjective,B1,ox3000,2382
flag_noun,flag,,,noun,B1,ox3000,2383
flood_noun,flood,,,noun,B1,ox3000,2384
flood_verb,flood,,,verb,B1,ox3000,2385
flour_noun,flour,,,noun,B1,ox3000,2386
flow_verb,flow,,,verb,B1,ox3000,2387
flow_noun,flow,,,noun,B1,ox3000,2388
fold_verb,fold,,,verb,B1,ox3000,2389
folk_noun,folk,,,noun,B1,ox3000,2390
folk_adjective,folk,,,adjective,B1,ox3000,2391
following_noun,following,,,noun,B1,ox3000,2392
force_noun,force,,,noun,B1,ox3000,2393
force_verb,force,,,verb,B1,ox3000,2394
forever_adverb,forever,,,adverb,B1,ox3000,2395
frame_noun,frame,,,noun,B1,ox3000,2396
frame_verb,frame,,,verb,B1,ox3000,2397
freeze_verb,freeze,,,verb,B1,ox3000,2398
frequently_adverb,frequently,,,adverb,B1,ox3000,2399
friendship_noun,friendship,,,noun,B1,ox3000,2400
frighten_verb,frighten,,,verb,B1,ox3000,2401
frightened_adjective,frightened,,,adjective,B1,ox3000,2402
frightening_adjective,frightening,,,adjective,B1,ox3000,2403
frozen_adjective,frozen,,,adjective,B1,ox3000,2404
fry_verb,fry,,,verb,B1,ox3000,2405
fuel_noun,fuel,,,noun,B1,ox3000,2406
function_noun,function,,,noun,B1,ox3000,2407
fur_noun,fur,,,noun,B1,ox3000,2408
further_adverb,further,,,adverb,B1,ox3000,2409
garage_noun,garage,,,noun,B1,ox3000,2410
gather_verb,gather,,,verb,B1,ox3000,2411
generally_adverb,generally,,,adverb,B1,ox3000,2412
generation_noun,generation,,,noun,B1,ox3000,2413
generous_adjective,generous,,,adjective,B1,ox3000,2414
gentle_adjective,gentle,,,adjective,B1,ox3000,2415
gentleman_noun,gentleman,,,noun,B1,ox3000,2416
ghost_noun,ghost,,,noun,B1,ox3000,2417
giant_adjective,giant,,,adjective,B1,ox3000,2418
giant_noun,giant,,,noun,B1,ox3000,2419
glad_adjective,glad,,,adjective,B1,ox3000,2420
global_adjective,global,,,adjective,B1,ox3000,2421
glove_noun,glove,,,noun,B1,ox3000,2422
go_noun,go,,,noun,B1,ox3000,2423
goods_noun,goods,,,noun,B1,ox3000,2424
grade_noun,grade,,,noun,B1,ox3000,2425
graduate_noun,graduate,,,noun,B1,ox3000,2426
graduate_verb,graduate,,,verb,B1,ox3000,2427
grain_noun,grain,,,noun,B1,ox3000,2428
grateful_adjective,grateful,,,adjective,B1,ox3000,2429
growth_noun,growth,,,noun,B1,ox3000,2430
guard_noun,guard,,,noun,B1,ox3000,2431
guard_verb,guard,,,verb,B1,ox3000,2432
guilty_adjective,guilty,,,adjective,B1,ox3000,2433
hand_verb,hand,,,verb,B1,ox3000,2434
hang_verb,hang,,,verb,B1,ox3000,2435
happiness_noun,happiness,,,noun,B1,ox3000,2436
hardly_adverb,hardly,,,adverb,B1,ox3000,2437
hate_noun,hate,,,noun,B1,ox3000,2438
head_verb,head,,,verb,B1,ox3000,2439
headline_noun,headline,,,noun,B1,ox3000,2440
heating_noun,heating,,,noun,B1,ox3000,2441
heavily_adverb,heavily,,,adverb,B1,ox3000,2442
helicopter_noun,helicopter,,,noun,B1,ox3000,2443
highlight_verb,highlight,,,verb,B1,ox3000,2444
highlight_noun,highlight,,,noun,B1,ox3000,2445
highly_adverb,highly,,,adverb,B1,ox3000,2446
hire_verb,hire,,,verb,B1,ox3000,2447
historic_adjective,historic,,,adjective,B1,ox3000,2448
historical_adjective,historical,,,adjective,B1,ox3000,2449
honest_adjective,honest,,,adjective,B1,ox3000,2450
horrible_adjective,horrible,,,adjective,B1,ox3000,2451
horror_noun,horror,,,noun,B1,ox3000,2452
host_noun,host,,,noun,B1,ox3000,2453
hunt_verb,hunt,,,verb,B1,ox3000,2454
hurricane_noun,hurricane,,,noun,B1,ox3000,2455
hurry_noun,hurry,,,noun,B1,ox3000,2456
hurry_verb,hurry,,,verb,B1,ox3000,2457
identity_noun,identity,,,noun,B1,ox3000,2458
ignore_verb,ignore,,,verb,B1,ox3000,2459
illegal_adjective,illegal,,,adjective,B1,ox3000,2460
imaginary_adjective,imaginary,,,adjective,B1,ox3000,2461
immediate_adjective,immediate,,,adjective,B1,ox3000,2462
immigrant_noun,immigrant,,,noun,B1,ox3000,2463
impact_noun,impact,,,noun,B1,ox3000,2464
impact_verb,impact,,,verb,B1,ox3000,2465
import_noun,import,,,noun,B1,ox3000,2466
import_verb,import,,,verb,B1,ox3000,2467
importance_noun,importance,,,noun,B1,ox3000,2468
impression_noun,impression,,,noun,B1,ox3000,2469
impressive_adjective,impressive,,,adjective,B1,ox3000,2470
improvement_noun,improvement,,,noun,B1,ox3000,2471
incredibly_adverb,incredibly,,,adverb,B1,ox3000,2472
indeed_adverb,indeed,,,adverb,B1,ox3000,2473
indicate_verb,indicate,,,verb,B1,ox3000,2474
indirect_adjective,indirect,,,adjective,B1,ox3000,2475
indoor_adjective,indoor,,,adjective,B1,ox3000,2476
indoors_adverb,indoors,,,adverb,B1,ox3000,2477
influence_noun,influence,,,noun,B1,ox3000,2478
influence_verb,influence,,,verb,B1,ox3000,2479
ingredient_noun,ingredient,,,noun,B1,ox3000,2480
injure_verb,injure,,,verb,B1,ox3000,2481
injured_adjective,injured,,,adjective,B1,ox3000,2482
innocent_adjective,innocent,,,adjective,B1,ox3000,2483
intelligence_noun,intelligence,,,noun,B1,ox3000,2484
intend_verb,intend,,,verb,B1,ox3000,2485
intention_noun,intention,,,noun,B1,ox3000,2486
invest_verb,invest,,,verb,B1,ox3000,2487
investigate_verb,investigate,,,verb,B1,ox3000,2488
involved_adjective,involved,,,adjective,B1,ox3000,2489
iron_noun,iron,,,noun,B1,ox3000,2490
iron_verb,iron,,,verb,B1,ox3000,2491
issue_noun,issue,,,noun,B1,ox3000,2492
IT_noun,IT,,,noun,B1,ox3000,2493
journal_noun,journal,,,noun,B1,ox3000,2494
judge_noun,judge,,,noun,B1,ox3000,2495
judge_verb,judge,,,verb,B1,ox3000,2496
keen_adjective,keen,,,adjective,B1,ox3000,2497
key_verb,key,,,verb,B1,ox3000,2498
keyboard_noun,keyboard,,,noun,B1,ox3000,2499
kick_verb,kick,,,verb,B1,ox3000,2500
kick_noun,kick,,,noun,B1,ox3000,2501
killing_noun,killing,,,noun,B1,ox3000,2502
kind-caring_adjective,kind,,caring,adjective,B1,ox3000,2503
kiss_verb,kiss,,,verb,B1,ox3000,2504
kiss_noun,kiss,,,noun,B1,ox3000,2505
knock_noun,knock,,,noun,B1,ox3000,2506
label_noun,label,,,noun,B1,ox3000,2507
label_verb,label,,,verb,B1,ox3000,2508
laboratory_noun,laboratory,,,noun,B1,ox3000,2509
lack_noun,lack,,,noun,B1,ox3000,2510
lack_verb,lack,,,verb,B1,ox3000,2511
latest_adjective,latest,,,adjective,B1,ox3000,2512
lay_verb,lay,,,verb,B1,ox3000,2513
layer_noun,layer,,,noun,B1,ox3000,2514
lead-1_noun,lead,1,,noun,B1,ox3000,2515
leading_adjective,leading,,,adjective,B1,ox3000,2516
leaf_noun,leaf,,,noun,B1,ox3000,2517
leather_noun,leather,,,noun,B1,ox3000,2518
legal_adjective,legal,,,adjective,B1,ox3000,2519
leisure_noun,leisure,,,noun,B1,ox3000,2520
length_noun,length,,,noun,B1,ox3000,2521
level_adjective,level,,,adjective,B1,ox3000,2522
lie-2-tell-a-lie_verb,lie,2,tell a lie,verb,B1,ox3000,2523
lie-2-tell-a-lie_noun,lie,2,tell a lie,noun,B1,ox3000,2524
like-find-sb-sth-pleasant_noun,like,,find sb/sth pleasant,noun,B1,ox3000,2525
limit_noun,limit,,,noun,B1,ox3000,2526
limit_verb,limit,,,verb,B1,ox3000,2527
lip_noun,lip,,,noun,B1,ox3000,2528
liquid_noun,liquid,,,noun,B1,ox3000,2529
liquid_adjective,liquid,,,adjective,B1,ox3000,2530
literature_noun,literature,,,noun,B1,ox3000,2531
live-2_adjective,live,2,,adjective,B1,ox3000,2532
live-2_adverb,live,2,,adverb,B1,ox3000,2533
living_adjective,living,,,adjective,B1,ox3000,2534
living_noun,living,,,noun,B1,ox3000,2535
local_noun,local,,,noun,B1,ox3000,2536
locate_verb,locate,,,verb,B1,ox3000,2537
located_adjective,located,,,adjective,B1,ox3000,2538
location_noun,location,,,noun,B1,ox3000,2539
lonely_adjective,lonely,,,adjective,B1,ox3000,2540
loss_noun,loss,,,noun,B1,ox3000,2541
luxury_noun,luxury,,,noun,B1,ox3000,2542
mad_adjective,mad,,,adjective,B1,ox3000,2543
magic_noun,magic,,,noun,B1,ox3000,2544
magic_adjective,magic,,,adjective,B1,ox3000,2545
mainly_adverb,mainly,,,adverb,B1,ox3000,2546
mall_noun,mall,,,noun,B1,ox3000,2547
management_noun,management,,,noun,B1,ox3000,2548
market_verb,market,,,verb,B1,ox3000,2549
marketing_noun,marketing,,,noun,B1,ox3000,2550
marriage_noun,marriage,,,noun,B1,ox3000,2551
meanwhile_adverb,meanwhile,,,adverb,B1,ox3000,2552
measure_verb,measure,,,verb,B1,ox3000,2553
measure_noun,measure,,,noun,B1,ox3000,2554
medium_adjective,medium,,,adjective,B1,ox3000,2555
mental_adjective,mental,,,adjective,B1,ox3000,2556
mention_noun,mention,,,noun,B1,ox3000,2557
mess_noun,mess,,,noun,B1,ox3000,2558
mild_adjective,mild,,,adjective,B1,ox3000,2559
mine-hole-in-the-ground_noun,mine,,hole in the ground,noun,B1,ox3000,2560
mix_verb,mix,,,verb,B1,ox3000,2561
mix_noun,mix,,,noun,B1,ox3000,2562
mixture_noun,mixture,,,noun,B1,ox3000,2563
mood_noun,mood,,,noun,B1,ox3000,2564
move_noun,move,,,noun,B1,ox3000,2565
mud_noun,mud,,,noun,B1,ox3000,2566
murder_noun,murder,,,noun,B1,ox3000,2567
murder_verb,murder,,,verb,B1,ox3000,2568
muscle_noun,muscle,,,noun,B1,ox3000,2569
musical_noun,musical,,,noun,B1,ox3000,2570
mystery_noun,mystery,,,noun,B1,ox3000,2571
nail_noun,nail,,,noun,B1,ox3000,2572
narrative_noun,narrative,,,noun,B1,ox3000,2573
narrative_adjective,narrative,,,adjective,B1,ox3000,2574
nation_noun,nation,,,noun,B1,ox3000,2575
native_adjective,native,,,adjective,B1,ox3000,2576
native_noun,native,,,noun,B1,ox3000,2577
naturally_adverb,naturally,,,adverb,B1,ox3000,2578
necessarily_adverb,necessarily,,,adverb,B1,ox3000,2579
need_modal,need,,,modal,B1,ox3000,2580
needle_noun,needle,,,noun,B1,ox3000,2581
neighbourhood_noun,neighbourhood,,,noun,B1,ox3000,2582
neither_adverb,neither,,,adverb,B1,ox3000,2583
net_noun,net,,,noun,B1,ox3000,2584
next_noun,next,,,noun,B1,ox3000,2585
nor_conjunction,nor,,,conjunction,B1,ox3000,2586
nor_adverb,nor,,,adverb,B1,ox3000,2587
normal_noun,normal,,,noun,B1,ox3000,2588
northern_adjective,northern,,,adjective,B1,ox3000,2589
note_verb,note,,,verb,B1,ox3000,2590
now_conjunction,now,,,conjunction,B1,ox3000,2591
nuclear_adjective,nuclear,,,adjective,B1,ox3000,2592
obvious_adjective,obvious,,,adjective,B1,ox3000,2593
obviously_adverb,obviously,,,adverb,B1,ox3000,2594
occasion_noun,occasion,,,noun,B1,ox3000,2595
occur_verb,occur,,,verb,B1,ox3000,2596
odd_adjective,odd,,,adjective,B1,ox3000,2597
official_adjective,official,,,adjective,B1,ox3000,2598
old-fashioned_adjective,old-fashioned,,,adjective,B1,ox3000,2599
once_conjunction,once,,,conjunction,B1,ox3000,2600
operation_noun,operation,,,noun,B1,ox3000,2601
organized_adjective,organized,,,adjective,B1,ox3000,2602
organizer_noun,organizer,,,noun,B1,ox3000,2603
original_noun,original,,,noun,B1,ox3000,2604
originally_adverb,originally,,,adverb,B1,ox3000,2605
ought_modal,ought,,,modal,B1,ox3000,2606
ours_pronoun,ours,,,pronoun,B1,ox3000,2607
outdoor_adjective,outdoor,,,adjective,B1,ox3000,2608
outdoors_adverb,outdoors,,,adverb,B1,ox3000,2609
pack_noun,pack,,,noun,B1,ox3000,2610
package_noun,package,,,noun,B1,ox3000,2611
painful_adjective,painful,,,adjective,B1,ox3000,2612
pale_adjective,pale,,,adjective,B1,ox3000,2613
pan_noun,pan,,,noun,B1,ox3000,2614
participate_verb,participate,,,verb,B1,ox3000,2615
particularly_adverb,particularly,,,adverb,B1,ox3000,2616
pass_noun,pass,,,noun,B1,ox3000,2617
passion_noun,passion,,,noun,B1,ox3000,2618
path_noun,path,,,noun,B1,ox3000,2619
payment_noun,payment,,,noun,B1,ox3000,2620
peaceful_adjective,peaceful,,,adjective,B1,ox3000,2621
percentage_noun,percentage,,,noun,B1,ox3000,2622
perfectly_adverb,perfectly,,,adverb,B1,ox3000,2623
performance_noun,performance,,,noun,B1,ox3000,2624
personally_adverb,personally,,,adverb,B1,ox3000,2625
persuade_verb,persuade,,,verb,B1,ox3000,2626
photographer_noun,photographer,,,noun,B1,ox3000,2627
photography_noun,photography,,,noun,B1,ox3000,2628
pin_noun,pin,,,noun,B1,ox3000,2629
pin_verb,pin,,,verb,B1,ox3000,2630
pipe_noun,pipe,,,noun,B1,ox3000,2631
place_verb,place,,,verb,B1,ox3000,2632
planning_noun,planning,,,noun,B1,ox3000,2633
pleasant_adjective,pleasant,,,adjective,B1,ox3000,2634
pleasure_noun,pleasure,,,noun,B1,ox3000,2635
plenty_pronoun,plenty,,,pronoun,B1,ox3000,2636
plot_noun,plot,,,noun,B1,ox3000,2637
plus-1_preposition,plus,1,,preposition,B1,ox3000,2638
poem_noun,poem,,,noun,B1,ox3000,2639
poet_noun,poet,,,noun,B1,ox3000,2640
poetry_noun,poetry,,,noun,B1,ox3000,2641
point_verb,point,,,verb,B1,ox3000,2642
poison_noun,poison,,,noun,B1,ox3000,2643
poison_verb,poison,,,verb,B1,ox3000,2644
poisonous_adjective,poisonous,,,adjective,B1,ox3000,2645
policy_noun,policy,,,noun,B1,ox3000,2646
political_adjective,political,,,adjective,B1,ox3000,2647
politician_noun,politician,,,noun,B1,ox3000,2648
politics_noun,politics,,,noun,B1,ox3000,2649
port_noun,port,,,noun,B1,ox3000,2650
portrait_noun,portrait,,,noun,B1,ox3000,2651
possibly_adverb,possibly,,,adverb,B1,ox3000,2652
pot_noun,pot,,,noun,B1,ox3000,2653
pour_verb,pour,,,verb,B1,ox3000,2654
poverty_noun,poverty,,,noun,B1,ox3000,2655
powder_noun,powder,,,noun,B1,ox3000,2656
powerful_adjective,powerful,,,adjective,B1,ox3000,2657
practical_adjective,practical,,,adjective,B1,ox3000,2658
pray_verb,pray,,,verb,B1,ox3000,2659
prayer_noun,prayer,,,noun,B1,ox3000,2660
prediction_noun,prediction,,,noun,B1,ox3000,2661
prepared_adjective,prepared,,,adjective,B1,ox3000,2662
presentation_noun,presentation,,,noun,B1,ox3000,2663
press_noun,press,,,noun,B1,ox3000,2664
press_verb,press,,,verb,B1,ox3000,2665
pressure_noun,pressure,,,noun,B1,ox3000,2666
pretend_verb,pretend,,,verb,B1,ox3000,2667
previous_adjective,previous,,,adjective,B1,ox3000,2668
previously_adverb,previously,,,adverb,B1,ox3000,2669
priest_noun,priest,,,noun,B1,ox3000,2670
primary_adjective,primary,,,adjective,B1,ox3000,2671
prince_noun,prince,,,noun,B1,ox3000,2672
princess_noun,princess,,,noun,B1,ox3000,2673
printing_noun,printing,,,noun,B1,ox3000,2674
prisoner_noun,prisoner,,,noun,B1,ox3000,2675
private_adjective,private,,,adjective,B1,ox3000,2676
producer_noun,producer,,,noun,B1,ox3000,2677
production_noun,production,,,noun,B1,ox3000,2678
profession_noun,profession,,,noun,B1,ox3000,2679
profit_noun,profit,,,noun,B1,ox3000,2680
program_verb,program,,,verb,B1,ox3000,2681
promote_verb,promote,,,verb,B1,ox3000,2682
proper_adjective,proper,,,adjective,B1,ox3000,2683
properly_adverb,properly,,,adverb,B1,ox3000,2684
property_noun,property,,,noun,B1,ox3000,2685
protest_noun,protest,,,noun,B1,ox3000,2686
protest_verb,protest,,,verb,B1,ox3000,2687
proud_adjective,proud,,,adjective,B1,ox3000,2688
prove_verb,prove,,,verb,B1,ox3000,2689
pull_noun,pull,,,noun,B1,ox3000,2690
punish_verb,punish,,,verb,B1,ox3000,2691
punishment_noun,punishment,,,noun,B1,ox3000,2692
push_noun,push,,,noun,B1,ox3000,2693
qualification_noun,qualification,,,noun,B1,ox3000,2694
qualified_adjective,qualified,,,adjective,B1,ox3000,2695
qualify_verb,qualify,,,verb,B1,ox3000,2696
queue_noun,queue,,,noun,B1,ox3000,2697
queue_verb,queue,,,verb,B1,ox3000,2698
quit_verb,quit,,,verb,B1,ox3000,2699
quotation_noun,quotation,,,noun,B1,ox3000,2700
quote_verb,quote,,,verb,B1,ox3000,2701
quote_noun,quote,,,noun,B1,ox3000,2702
race-people_noun,race,,people,noun,B1,ox3000,2703
racing_noun,racing,,,noun,B1,ox3000,2704
range_noun,range,,,noun,B1,ox3000,2705
rare_adjective,rare,,,adjective,B1,ox3000,2706
rarely_adverb,rarely,,,adverb,B1,ox3000,2707
reaction_noun,reaction,,,noun,B1,ox3000,2708
reality_noun,reality,,,noun,B1,ox3000,2709
receipt_noun,receipt,,,noun,B1,ox3000,2710
recommendation_noun,recommendation,,,noun,B1,ox3000,2711
reference_noun,reference,,,noun,B1,ox3000,2712
reflect_verb,reflect,,,verb,B1,ox3000,2713
regularly_adverb,regularly,,,adverb,B1,ox3000,2714
reject_verb,reject,,,verb,B1,ox3000,2715
relate_verb,relate,,,verb,B1,ox3000,2716
related_adjective,related,,,adjective,B1,ox3000,2717
relation_noun,relation,,,noun,B1,ox3000,2718
relative_adjective,relative,,,adjective,B1,ox3000,2719
relative_noun,relative,,,noun,B1,ox3000,2720
relaxed_adjective,relaxed,,,adjective,B1,ox3000,2721
relaxing_adjective,relaxing,,,adjective,B1,ox3000,2722
release_verb,release,,,verb,B1,ox3000,2723
release_noun,release,,,noun,B1,ox3000,2724
reliable_adjective,reliable,,,adjective,B1,ox3000,2725
religion_noun,religion,,,noun,B1,ox3000,2726
religious_adjective,religious,,,adjective,B1,ox3000,2727
remain_verb,remain,,,verb,B1,ox3000,2728
remind_verb,remind,,,verb,B1,ox3000,2729
remote_adjective,remote,,,adjective,B1,ox3000,2730
rent_noun,rent,,,noun,B1,ox3000,2731
rent_verb,rent,,,verb,B1,ox3000,2732
repair_noun,repair,,,noun,B1,ox3000,2733
repeat_noun,repeat,,,noun,B1,ox3000,2734
repeated_adjective,repeated,,,adjective,B1,ox3000,2735
represent_verb,represent,,,verb,B1,ox3000,2736
request_verb,request,,,verb,B1,ox3000,2737
require_verb,require,,,verb,B1,ox3000,2738
reservation_noun,reservation,,,noun,B1,ox3000,2739
resource_noun,resource,,,noun,B1,ox3000,2740
respect_noun,respect,,,noun,B1,ox3000,2741
respect_verb,respect,,,verb,B1,ox3000,2742
responsibility_noun,responsibility,,,noun,B1,ox3000,2743
responsible_adjective,responsible,,,adjective,B1,ox3000,2744
result_verb,result,,,verb,B1,ox3000,2745
retire_verb,retire,,,verb,B1,ox3000,2746
retired_adjective,retired,,,adjective,B1,ox3000,2747
revise_verb,revise,,,verb,B1,ox3000,2748
ring-2_noun,ring,2,,noun,B1,ox3000,2749
rise_noun,rise,,,noun,B1,ox3000,2750
risk_noun,risk,,,noun,B1,ox3000,2751
risk_verb,risk,,,verb,B1,ox3000,2752
robot_noun,robot,,,noun,B1,ox3000,2753
roll_verb,roll,,,verb,B1,ox3000,2754
roll_noun,roll,,,noun,B1,ox3000,2755
romantic_adjective,romantic,,,adjective,B1,ox3000,2756
rope_noun,rope,,,noun,B1,ox3000,2757
rough_adjective,rough,,,adjective,B1,ox3000,2758
row-1_noun,row,1,,noun,B1,ox3000,2759
royal_adjective,royal,,,adjective,B1,ox3000,2760
rugby_noun,rugby,,,noun,B1,ox3000,2761
rule_verb,rule,,,verb,B1,ox3000,2762
safety_noun,safety,,,noun,B1,ox3000,2763
sail_noun,sail,,,noun,B1,ox3000,2764
sailor_noun,sailor,,,noun,B1,ox3000,2765
sample_noun,sample,,,noun,B1,ox3000,2766
sand_noun,sand,,,noun,B1,ox3000,2767
scan_verb,scan,,,verb,B1,ox3000,2768
scientific_adjective,scientific,,,adjective,B1,ox3000,2769
script_noun,script,,,noun,B1,ox3000,2770
sculpture_noun,sculpture,,,noun,B1,ox3000,2771
secondary_adjective,secondary,,,adjective,B1,ox3000,2772
security_noun,security,,,noun,B1,ox3000,2773
seed_noun,seed,,,noun,B1,ox3000,2774
sensible_adjective,sensible,,,adjective,B1,ox3000,2775
separate_verb,separate,,,verb,B1,ox3000,2776
seriously_adverb,seriously,,,adverb,B1,ox3000,2777
servant_noun,servant,,,noun,B1,ox3000,2778
set-put_verb,set,,put,verb,B1,ox3000,2779
set-group_noun,set,,group,noun,B1,ox3000,2780
setting_noun,setting,,,noun,B1,ox3000,2781
sex_noun,sex,,,noun,B1,ox3000,2782
sexual_adjective,sexual,,,adjective,B1,ox3000,2783
shake_noun,shake,,,noun,B1,ox3000,2784
share_noun,share,,,noun,B1,ox3000,2785
sharp_adjective,sharp,,,adjective,B1,ox3000,2786
shelf_noun,shelf,,,noun,B1,ox3000,2787
shell_noun,shell,,,noun,B1,ox3000,2788
shift_noun,shift,,,noun,B1,ox3000,2789
shine_verb,shine,,,verb,B1,ox3000,2790
shiny_adjective,shiny,,,adjective,B1,ox3000,2791
shoot_verb,shoot,,,verb,B1,ox3000,2792
shy_adjective,shy,,,adjective,B1,ox3000,2793
sight_noun,sight,,,noun,B1,ox3000,2794
signal_noun,signal,,,noun,B1,ox3000,2795
signal_verb,signal,,,verb,B1,ox3000,2796
silent_adjective,silent,,,adjective,B1,ox3000,2797
silly_adjective,silly,,,adjective,B1,ox3000,2798
similarity_noun,similarity,,,noun,B1,ox3000,2799
similarly_adverb,similarly,,,adverb,B1,ox3000,2800
simply_adverb,simply,,,adverb,B1,ox3000,2801
since_adverb,since,,,adverb,B1,ox3000,2802
sink_verb,sink,,,verb,B1,ox3000,2803
slice_noun,slice,,,noun,B1,ox3000,2804
slice_verb,slice,,,verb,B1,ox3000,2805
slightly_adverb,slightly,,,adverb,B1,ox3000,2806
slow_verb,slow,,,verb,B1,ox3000,2807
smart_adjective,smart,,,adjective,B1,ox3000,2808
smooth_adjective,smooth,,,adjective,B1,ox3000,2809
software_noun,software,,,noun,B1,ox3000,2810
soil_noun,soil,,,noun,B1,ox3000,2811
solid_adjective,solid,,,adjective,B1,ox3000,2812
solid_noun,solid,,,noun,B1,ox3000,2813
sort_verb,sort,,,verb,B1,ox3000,2814
southern_adjective,southern,,,adjective,B1,ox3000,2815
specifically_adverb,specifically,,,adverb,B1,ox3000,2816
spending_noun,spending,,,noun,B1,ox3000,2817
spicy_adjective,spicy,,,adjective,B1,ox3000,2818
spirit_noun,spirit,,,noun,B1,ox3000,2819
spoken_adjective,spoken,,,adjective,B1,ox3000,2820
spot_noun,spot,,,noun,B1,ox3000,2821
spread_verb,spread,,,verb,B1,ox3000,2822
spring_verb,spring,,,verb,B1,ox3000,2823
stadium_noun,stadium,,,noun,B1,ox3000,2824
staff_noun,staff,,,noun,B1,ox3000,2825
standard_noun,standard,,,noun,B1,ox3000,2826
standard_adjective,standard,,,adjective,B1,ox3000,2827
state_adjective,state,,,adjective,B1,ox3000,2828
state_verb,state,,,verb,B1,ox3000,2829
statistic_noun,statistic,,,noun,B1,ox3000,2830
statue_noun,statue,,,noun,B1,ox3000,2831
stick-push-into-attach_verb,stick,,push into/attach,verb,B1,ox3000,2832
stick-piece-of-wood_noun,stick,,piece of wood,noun,B1,ox3000,2833
still_adjective,still,,,adjective,B1,ox3000,2834
store_verb,store,,,verb,B1,ox3000,2835
stranger_noun,stranger,,,noun,B1,ox3000,2836
strength_noun,strength,,,noun,B1,ox3000,2837
string_noun,string,,,noun,B1,ox3000,2838
strongly_adverb,strongly,,,adverb,B1,ox3000,2839
studio_noun,studio,,,noun,B1,ox3000,2840
stuff_noun,stuff,,,noun,B1,ox3000,2841
substance_noun,substance,,,noun,B1,ox3000,2842
successfully_adverb,successfully,,,adverb,B1,ox3000,2843
sudden_adjective,sudden,,,adjective,B1,ox3000,2844
suffer_verb,suffer,,,verb,B1,ox3000,2845
suit_verb,suit,,,verb,B1,ox3000,2846
suitable_adjective,suitable,,,adjective,B1,ox3000,2847
summarize_verb,summarize,,,verb,B1,ox3000,2848
summary_noun,summary,,,noun,B1,ox3000,2849
supply_noun,supply,,,noun,B1,ox3000,2850
supply_verb,supply,,,verb,B1,ox3000,2851
supporter_noun,supporter,,,noun,B1,ox3000,2852
surely_adverb,surely,,,adverb,B1,ox3000,2853
surface_noun,surface,,,noun,B1,ox3000,2854
survive_verb,survive,,,verb,B1,ox3000,2855
swim_noun,swim,,,noun,B1,ox3000,2856
switch_verb,switch,,,verb,B1,ox3000,2857
symptom_noun,symptom,,,noun,B1,ox3000,2858
tail_noun,tail,,,noun,B1,ox3000,2859
talent_noun,talent,,,noun,B1,ox3000,2860
talented_adjective,talented,,,adjective,B1,ox3000,2861
tape_noun,tape,,,noun,B1,ox3000,2862
tax_noun,tax,,,noun,B1,ox3000,2863
tax_verb,tax,,,verb,B1,ox3000,2864
technical_adjective,technical,,,adjective,B1,ox3000,2865
technique_noun,technique,,,noun,B1,ox3000,2866
tend_verb,tend,,,verb,B1,ox3000,2867
tent_noun,tent,,,noun,B1,ox3000,2868
that_adverb,that,,,adverb,B1,ox3000,2869
theirs_pronoun,theirs,,,pronoun,B1,ox3000,2870
theme_noun,theme,,,noun,B1,ox3000,2871
theory_noun,theory,,,noun,B1,ox3000,2872
therefore_adverb,therefore,,,adverb,B1,ox3000,2873
this_adverb,this,,,adverb,B1,ox3000,2874
though_conjunction,though,,,conjunction,B1,ox3000,2875
though_adverb,though,,,adverb,B1,ox3000,2876
throat_noun,throat,,,noun,B1,ox3000,2877
throughout_preposition,throughout,,,preposition,B1,ox3000,2878
throughout_adverb,throughout,,,adverb,B1,ox3000,2879
tight_adjective,tight,,,adjective,B1,ox3000,2880
till_conjunction,till,,,conjunction,B1,ox3000,2881
till_preposition,till,,,preposition,B1,ox3000,2882
tin_noun,tin,,,noun,B1,ox3000,2883
tiny_adjective,tiny,,,adjective,B1,ox3000,2884
tip_verb,tip,,,verb,B1,ox3000,2885
toe_noun,toe,,,noun,B1,ox3000,2886
tongue_noun,tongue,,,noun,B1,ox3000,2887
total_adjective,total,,,adjective,B1,ox3000,2888
total_noun,total,,,noun,B1,ox3000,2889
totally_adverb,totally,,,adverb,B1,ox3000,2890
touch_noun,touch,,,noun,B1,ox3000,2891
tour_verb,tour,,,verb,B1,ox3000,2892
trade_noun,trade,,,noun,B1,ox3000,2893
trade_verb,trade,,,verb,B1,ox3000,2894
translate_verb,translate,,,verb,B1,ox3000,2895
translation_noun,translation,,,noun,B1,ox3000,2896
transport_verb,transport,,,verb,B1,ox3000,2897
treat_verb,treat,,,verb,B1,ox3000,2898
treatment_noun,treatment,,,noun,B1,ox3000,2899
trend_noun,trend,,,noun,B1,ox3000,2900
trick_noun,trick,,,noun,B1,ox3000,2901
trick_verb,trick,,,verb,B1,ox3000,2902
truth_noun,truth,,,noun,B1,ox3000,2903
tube_noun,tube,,,noun,B1,ox3000,2904
type_verb,type,,,verb,B1,ox3000,2905
typically_adverb,typically,,,adverb,B1,ox3000,2906
tyre_noun,tyre,,,noun,B1,ox3000,2907
ugly_adjective,ugly,,,adjective,B1,ox3000,2908
unable_adjective,unable,,,adjective,B1,ox3000,2909
uncomfortable_adjective,uncomfortable,,,adjective,B1,ox3000,2910
underwear_noun,underwear,,,noun,B1,ox3000,2911
unemployed_adjective,unemployed,,,adjective,B1,ox3000,2912
unemployment_noun,unemployment,,,noun,B1,ox3000,2913
unfair_adjective,unfair,,,adjective,B1,ox3000,2914
union_noun,union,,,noun,B1,ox3000,2915
unless_conjunction,unless,,,conjunction,B1,ox3000,2916
unlike_preposition,unlike,,,preposition,B1,ox3000,2917
unlikely_adjective,unlikely,,,adjective,B1,ox3000,2918
unnecessary_adjective,unnecessary,,,adjective,B1,ox3000,2919
unpleasant_adjective,unpleasant,,,adjective,B1,ox3000,2920
update_verb,update,,,verb,B1,ox3000,2921
update_noun,update,,,noun,B1,ox3000,2922
upon_preposition,upon,,,preposition,B1,ox3000,2923
upset_adjective,upset,,,adjective,B1,ox3000,2924
upset_verb,upset,,,verb,B1,ox3000,2925
used-1_adjective,used,1,,adjective,B1,ox3000,2926
used-2_adjective,used,2,,adjective,B1,ox3000,2927
valuable_adjective,valuable,,,adjective,B1,ox3000,2928
value_noun,value,,,noun,B1,ox3000,2929
various_adjective,various,,,adjective,B1,ox3000,2930
version_noun,version,,,noun,B1,ox3000,2931
victim_noun,victim,,,noun,B1,ox3000,2932
view_verb,view,,,verb,B1,ox3000,2933
viewer_noun,viewer,,,noun,B1,ox3000,2934
violent_adjective,violent,,,adjective,B1,ox3000,2935
volunteer_noun,volunteer,,,noun,B1,ox3000,2936
volunteer_verb,volunteer,,,verb,B1,ox3000,2937
vote_noun,vote,,,noun,B1,ox3000,2938
vote_verb,vote,,,verb,B1,ox3000,2939
warm_verb,warm,,,verb,B1,ox3000,2940
warn_verb,warn,,,verb,B1,ox3000,2941
warning_noun,warning,,,noun,B1,ox3000,2942
waste_noun,waste,,,noun,B1,ox3000,2943
waste_verb,waste,,,verb,B1,ox3000,2944
waste_adjective,waste,,,adjective,B1,ox3000,2945
water_verb,water,,,verb,B1,ox3000,2946
wave_verb,wave,,,verb,B1,ox3000,2947
weapon_noun,weapon,,,noun,B1,ox3000,2948
weigh_verb,weigh,,,verb,B1,ox3000,2949
western_adjective,western,,,adjective,B1,ox3000,2950
whatever_determiner,whatever,,,determiner,B1,ox3000,2951
whatever_pronoun,whatever,,,pronoun,B1,ox3000,2952
whenever_conjunction,whenever,,,conjunction,B1,ox3000,2953
whether_conjunction,whether,,,conjunction,B1,ox3000,2954
while_noun,while,,,noun,B1,ox3000,2955
whole_noun,whole,,,noun,B1,ox3000,2956
will_noun,will,,,noun,B1,ox3000,2957
win_noun,win,,,noun,B1,ox3000,2958
wing_noun,wing,,,noun,B1,ox3000,2959
within_preposition,within,,,preposition,B1,ox3000,2960
wonder_verb,wonder,,,verb,B1,ox3000,2961
wonder_noun,wonder,,,noun,B1,ox3000,2962
wool_noun,wool,,,noun,B1,ox3000,2963
worldwide_adjective,worldwide,,,adjective,B1,ox3000,2964
worldwide_adverb,worldwide,,,adverb,B1,ox3000,2965
worry_noun,worry,,,noun,B1,ox3000,2966
worse_adverb,worse,,,adverb,B1,ox3000,2967
worst_adverb,worst,,,adverb,B1,ox3000,2968
worth_adjective,worth,,,adjective,B1,ox3000,2969
written_adjective,written,,,adjective,B1,ox3000,2970
wrong_adverb,wrong,,,adverb,B1,ox3000,2971
yard_noun,yard,,,noun,B1,ox3000,2972
young_noun,young,,,noun,B1,ox3000,2973
youth_noun,youth,,,noun,B1,ox3000,2974
abandon_verb,abandon,,,verb,B2,ox3000,2975
absolute_adjective,absolute,,,adjective,B2,ox3000,2976
academic_noun,academic,,,noun,B2,ox3000,2977
acceptable_adjective,acceptable,,,adjective,B2,ox3000,2978
accompany_verb,accompany,,,verb,B2,ox3000,2979
account_verb,account,,,verb,B2,ox3000,2980
accurate_adjective,accurate,,,adjective,B2,ox3000,2981
accuse_verb,accuse,,,verb,B2,ox3000,2982
acknowledge_verb,acknowledge,,,verb,B2,ox3000,2983
acquire_verb,acquire,,,verb,B2,ox3000,2984
actual_adjective,actual,,,adjective,B2,ox3000,2985
adapt_verb,adapt,,,verb,B2,ox3000,2986
additional_adjective,additional,,,adjective,B2,ox3000,2987
address_verb,address,,,verb,B2,ox3000,2988
administration_noun,administration,,,noun,B2,ox3000,2989
adopt_verb,adopt,,,verb,B2,ox3000,2990
advance_noun,advance,,,noun,B2,ox3000,2991
advance_verb,advance,,,verb,B2,ox3000,2992
advance_adjective,advance,,,adjective,B2,ox3000,2993
affair_noun,affair,,,noun,B2,ox3000,2994
afterwards_adverb,afterwards,,,adverb,B2,ox3000,2995
agency_noun,agency,,,noun,B2,ox3000,2996
agenda_noun,agenda,,,noun,B2,ox3000,2997
aggressive_adjective,aggressive,,,adjective,B2,ox3000,2998
aid_noun,aid,,,noun,B2,ox3000,2999
aid_verb,aid,,,verb,B2,ox3000,3000
aircraft_noun,aircraft,,,noun,B2,ox3000,3001
alarm_verb,alarm,,,verb,B2,ox3000,3002
alter_verb,alter,,,verb,B2,ox3000,3003
amount_verb,amount,,,verb,B2,ox3000,3004
anger_noun,anger,,,noun,B2,ox3000,3005
angle_noun,angle,,,noun,B2,ox3000,3006
anniversary_noun,anniversary,,,noun,B2,ox3000,3007
annual_adjective,annual,,,adjective,B2,ox3000,3008
anxious_adjective,anxious,,,adjective,B2,ox3000,3009
apparent_adjective,apparent,,,adjective,B2,ox3000,3010
apparently_adverb,apparently,,,adverb,B2,ox3000,3011
appeal_noun,appeal,,,noun,B2,ox3000,3012
appeal_verb,appeal,,,verb,B2,ox3000,3013
approach_noun,approach,,,noun,B2,ox3000,3014
approach_verb,approach,,,verb,B2,ox3000,3015
appropriate_adjective,appropriate,,,adjective,B2,ox3000,3016
approval_noun,approval,,,noun,B2,ox3000,3017
approve_verb,approve,,,verb,B2,ox3000,3018
arise_verb,arise,,,verb,B2,ox3000,3019
armed_adjective,armed,,,adjective,B2,ox3000,3020
arms_noun,arms,,,noun,B2,ox3000,3021
artificial_adjective,artificial,,,adjective,B2,ox3000,3022
artistic_adjective,artistic,,,adjective,B2,ox3000,3023
ashamed_adjective,ashamed,,,adjective,B2,ox3000,3024
aspect_noun,aspect,,,noun,B2,ox3000,3025
assess_verb,assess,,,verb,B2,ox3000,3026
assessment_noun,assessment,,,noun,B2,ox3000,3027
associate_verb,associate,,,verb,B2,ox3000,3028
associated_adjective,associated,,,adjective,B2,ox3000,3029
association_noun,association,,,noun,B2,ox3000,3030
assume_verb,assume,,,verb,B2,ox3000,3031
attempt_noun,attempt,,,noun,B2,ox3000,3032
attempt_verb,attempt,,,verb,B2,ox3000,3033
back_verb,back,,,verb,B2,ox3000,3034
bacteria_noun,bacteria,,,noun,B2,ox3000,3035
bar_verb,bar,,,verb,B2,ox3000,3036
barrier_noun,barrier,,,noun,B2,ox3000,3037
basically_adverb,basically,,,adverb,B2,ox3000,3038
battle_verb,battle,,,verb,B2,ox3000,3039
bear-deal-with_verb,bear,,deal with,verb,B2,ox3000,3040
beat_noun,beat,,,noun,B2,ox3000,3041
beg_verb,beg,,,verb,B2,ox3000,3042
being_noun,being,,,noun,B2,ox3000,3043
bent_adjective,bent,,,adjective,B2,ox3000,3044
bet_verb,bet,,,verb,B2,ox3000,3045
bet_noun,bet,,,noun,B2,ox3000,3046
beyond_preposition,beyond,,,preposition,B2,ox3000,3047
beyond_adverb,beyond,,,adverb,B2,ox3000,3048
bill_verb,bill,,,verb,B2,ox3000,3049
bitter_adjective,bitter,,,adjective,B2,ox3000,3050
blame_verb,blame,,,verb,B2,ox3000,3051
blame_noun,blame,,,noun,B2,ox3000,3052
blind_adjective,blind,,,adjective,B2,ox3000,3053
bond_noun,bond,,,noun,B2,ox3000,3054
border_verb,border,,,verb,B2,ox3000,3055
breast_noun,breast,,,noun,B2,ox3000,3056
brief_adjective,brief,,,adjective,B2,ox3000,3057
broad_adjective,broad,,,adjective,B2,ox3000,3058
broadcast_verb,broadcast,,,verb,B2,ox3000,3059
broadcast_noun,broadcast,,,noun,B2,ox3000,3060
budget_noun,budget,,,noun,B2,ox3000,3061
bullet_noun,bullet,,,noun,B2,ox3000,3062
bunch_noun,bunch,,,noun,B2,ox3000,3063
burn_noun,burn,,,noun,B2,ox3000,3064
bush_noun,bush,,,noun,B2,ox3000,3065
but_preposition,but,,,preposition,B2,ox3000,3066
cable_noun,cable,,,noun,B2,ox3000,3067
calculate_verb,calculate,,,verb,B2,ox3000,3068
cancel_verb,cancel,,,verb,B2,ox3000,3069
cancer_noun,cancer,,,noun,B2,ox3000,3070
capable_adjective,capable,,,adjective,B2,ox3000,3071
capacity_noun,capacity,,,noun,B2,ox3000,3072
capture_verb,capture,,,verb,B2,ox3000,3073
capture_noun,capture,,,noun,B2,ox3000,3074
cast_noun,cast,,,noun,B2,ox3000,3075
cast_verb,cast,,,verb,B2,ox3000,3076
catch_noun,catch,,,noun,B2,ox3000,3077
cell_noun,cell,,,noun,B2,ox3000,3078
chain_verb,chain,,,verb,B2,ox3000,3079
chair_verb,chair,,,verb,B2,ox3000,3080
chairman_noun,chairman,,,noun,B2,ox3000,3081
challenge_verb,challenge,,,verb,B2,ox3000,3082
characteristic_noun,characteristic,,,noun,B2,ox3000,3083
characteristic_adjective,characteristic,,,adjective,B2,ox3000,3084
chart_verb,chart,,,verb,B2,ox3000,3085
chief_adjective,chief,,,adjective,B2,ox3000,3086
chief_noun,chief,,,noun,B2,ox3000,3087
circumstance_noun,circumstance,,,noun,B2,ox3000,3088
cite_verb,cite,,,verb,B2,ox3000,3089
citizen_noun,citizen,,,noun,B2,ox3000,3090
civil_adjective,civil,,,adjective,B2,ox3000,3091
classic_adjective,classic,,,adjective,B2,ox3000,3092
classic_noun,classic,,,noun,B2,ox3000,3093
close-1_noun,close,1,,noun,B2,ox3000,3094
closely_adverb,closely,,,adverb,B2,ox3000,3095
collapse_verb,collapse,,,verb,B2,ox3000,3096
collapse_noun,collapse,,,noun,B2,ox3000,3097
combination_noun,combination,,,noun,B2,ox3000,3098
comfort_noun,comfort,,,noun,B2,ox3000,3099
comfort_verb,comfort,,,verb,B2,ox3000,3100
command_noun,command,,,noun,B2,ox3000,3101
command_verb,command,,,verb,B2,ox3000,3102
commission_noun,commission,,,noun,B2,ox3000,3103
commission_verb,commission,,,verb,B2,ox3000,3104
commitment_noun,commitment,,,noun,B2,ox3000,3105
committee_noun,committee,,,noun,B2,ox3000,3106
commonly_adverb,commonly,,,adverb,B2,ox3000,3107
complex_noun,complex,,,noun,B2,ox3000,3108
complicated_adjective,complicated,,,adjective,B2,ox3000,3109
component_noun,component,,,noun,B2,ox3000,3110
concentration_noun,concentration,,,noun,B2,ox3000,3111
concept_noun,concept,,,noun,B2,ox3000,3112
concern_noun,concern,,,noun,B2,ox3000,3113
concern_verb,concern,,,verb,B2,ox3000,3114
concerned_adjective,concerned,,,adjective,B2,ox3000,3115
conduct_verb,conduct,,,verb,B2,ox3000,3116
conduct_noun,conduct,,,noun,B2,ox3000,3117
confidence_noun,confidence,,,noun,B2,ox3000,3118
conflict_noun,conflict,,,noun,B2,ox3000,3119
conflict_verb,conflict,,,verb,B2,ox3000,3120
confusing_adjective,confusing,,,adjective,B2,ox3000,3121
conscious_adjective,conscious,,,adjective,B2,ox3000,3122
conservative_adjective,conservative,,,adjective,B2,ox3000,3123
conservative_noun,conservative,,,noun,B2,ox3000,3124
consideration_noun,consideration,,,noun,B2,ox3000,3125
consistent_adjective,consistent,,,adjective,B2,ox3000,3126
constant_adjective,constant,,,adjective,B2,ox3000,3127
constantly_adverb,constantly,,,adverb,B2,ox3000,3128
construct_verb,construct,,,verb,B2,ox3000,3129
construction_noun,construction,,,noun,B2,ox3000,3130
contemporary_adjective,contemporary,,,adjective,B2,ox3000,3131
contest_noun,contest,,,noun,B2,ox3000,3132
contest_verb,contest,,,verb,B2,ox3000,3133
contract_noun,contract,,,noun,B2,ox3000,3134
contract_verb,contract,,,verb,B2,ox3000,3135
contribute_verb,contribute,,,verb,B2,ox3000,3136
contribution_noun,contribution,,,noun,B2,ox3000,3137
convert_verb,convert,,,verb,B2,ox3000,3138
convinced_adjective,convinced,,,adjective,B2,ox3000,3139
core_noun,core,,,noun,B2,ox3000,3140
core_adjective,core,,,adjective,B2,ox3000,3141
corporate_adjective,corporate,,,adjective,B2,ox3000,3142
council_noun,council,,,noun,B2,ox3000,3143
county_noun,county,,,noun,B2,ox3000,3144
courage_noun,courage,,,noun,B2,ox3000,3145
crash_noun,crash,,,noun,B2,ox3000,3146
crash_verb,crash,,,verb,B2,ox3000,3147
creation_noun,creation,,,noun,B2,ox3000,3148
creature_noun,creature,,,noun,B2,ox3000,3149
credit_verb,credit,,,verb,B2,ox3000,3150
crew_noun,crew,,,noun,B2,ox3000,3151
crisis_noun,crisis,,,noun,B2,ox3000,3152
criterion_noun,criterion,,,noun,B2,ox3000,3153
critic_noun,critic,,,noun,B2,ox3000,3154
critical_adjective,critical,,,adjective,B2,ox3000,3155
criticism_noun,criticism,,,noun,B2,ox3000,3156
criticize_verb,criticize,,,verb,B2,ox3000,3157
crop_noun,crop,,,noun,B2,ox3000,3158
crucial_adjective,crucial,,,adjective,B2,ox3000,3159
cry_noun,cry,,,noun,B2,ox3000,3160
cure_verb,cure,,,verb,B2,ox3000,3161
cure_noun,cure,,,noun,B2,ox3000,3162
current_noun,current,,,noun,B2,ox3000,3163
curve_noun,curve,,,noun,B2,ox3000,3164
curve_verb,curve,,,verb,B2,ox3000,3165
curved_adjective,curved,,,adjective,B2,ox3000,3166
date_verb,date,,,verb,B2,ox3000,3167
debate_noun,debate,,,noun,B2,ox3000,3168
debate_verb,debate,,,verb,B2,ox3000,3169
debt_noun,debt,,,noun,B2,ox3000,3170
decent_adjective,decent,,,adjective,B2,ox3000,3171
declare_verb,declare,,,verb,B2,ox3000,3172
decline_verb,decline,,,verb,B2,ox3000,3173
decline_noun,decline,,,noun,B2,ox3000,3174
decoration_noun,decoration,,,noun,B2,ox3000,3175
decrease_verb,decrease,,,verb,B2,ox3000,3176
decrease_noun,decrease,,,noun,B2,ox3000,3177
deeply_adverb,deeply,,,adverb,B2,ox3000,3178
defeat_verb,defeat,,,verb,B2,ox3000,3179
defeat_noun,defeat,,,noun,B2,ox3000,3180
defence_noun,defence,,,noun,B2,ox3000,3181
defend_verb,defend,,,verb,B2,ox3000,3182
delay_verb,delay,,,verb,B2,ox3000,3183
delay_noun,delay,,,noun,B2,ox3000,3184
deliberate_adjective,deliberate,,,adjective,B2,ox3000,3185
deliberately_adverb,deliberately,,,adverb,B2,ox3000,3186
delight_verb,delight,,,verb,B2,ox3000,3187
delight_noun,delight,,,noun,B2,ox3000,3188
delighted_adjective,delighted,,,adjective,B2,ox3000,3189
delivery_noun,delivery,,,noun,B2,ox3000,3190
demand_noun,demand,,,noun,B2,ox3000,3191
demand_verb,demand,,,verb,B2,ox3000,3192
demonstrate_verb,demonstrate,,,verb,B2,ox3000,3193
deny_verb,deny,,,verb,B2,ox3000,3194
depressed_adjective,depressed,,,adjective,B2,ox3000,3195
depressing_adjective,depressing,,,adjective,B2,ox3000,3196
depth_noun,depth,,,noun,B2,ox3000,3197
desert_verb,desert,,,verb,B2,ox3000,3198
deserve_verb,deserve,,,verb,B2,ox3000,3199
desire_noun,desire,,,noun,B2,ox3000,3200
desire_verb,desire,,,verb,B2,ox3000,3201
desperate_adjective,desperate,,,adjective,B2,ox3000,3202
detail_verb,detail,,,verb,B2,ox3000,3203
detailed_adjective,detailed,,,adjective,B2,ox3000,3204
detect_verb,detect,,,verb,B2,ox3000,3205
dig_verb,dig,,,verb,B2,ox3000,3206
disc_noun,disc,,,noun,B2,ox3000,3207
discipline_noun,discipline,,,noun,B2,ox3000,3208
discount_verb,discount,,,verb,B2,ox3000,3209
dishonest_adjective,dishonest,,,adjective,B2,ox3000,3210
dismiss_verb,dismiss,,,verb,B2,ox3000,3211
display_verb,display,,,verb,B2,ox3000,3212
display_noun,display,,,noun,B2,ox3000,3213
distribute_verb,distribute,,,verb,B2,ox3000,3214
distribution_noun,distribution,,,noun,B2,ox3000,3215
district_noun,district,,,noun,B2,ox3000,3216
divide_noun,divide,,,noun,B2,ox3000,3217
division_noun,division,,,noun,B2,ox3000,3218
document_verb,document,,,verb,B2,ox3000,3219
domestic_adjective,domestic,,,adjective,B2,ox3000,3220
dominate_verb,dominate,,,verb,B2,ox3000,3221
downwards_adverb,downwards,,,adverb,B2,ox3000,3222
dozen_noun,dozen,,,noun,B2,ox3000,3223
dozen_determiner,dozen,,,determiner,B2,ox3000,3224
draft_noun,draft,,,noun,B2,ox3000,3225
draft_verb,draft,,,verb,B2,ox3000,3226
drag_verb,drag,,,verb,B2,ox3000,3227
dramatic_adjective,dramatic,,,adjective,B2,ox3000,3228
edit_verb,edit,,,verb,B2,ox3000,3229
edition_noun,edition,,,noun,B2,ox3000,3230
efficient_adjective,efficient,,,adjective,B2,ox3000,3231
elderly_adjective,elderly,,,adjective,B2,ox3000,3232
elect_verb,elect,,,verb,B2,ox3000,3233
elsewhere_adverb,elsewhere,,,adverb,B2,ox3000,3234
emerge_verb,emerge,,,verb,B2,ox3000,3235
emotional_adjective,emotional,,,adjective,B2,ox3000,3236
emphasis_noun,emphasis,,,noun,B2,ox3000,3237
emphasize_verb,emphasize,,,verb,B2,ox3000,3238
enable_verb,enable,,,verb,B2,ox3000,3239
encounter_verb,encounter,,,verb,B2,ox3000,3240
encounter_noun,encounter,,,noun,B2,ox3000,3241
engage_verb,engage,,,verb,B2,ox3000,3242
enhance_verb,enhance,,,verb,B2,ox3000,3243
enquiry_noun,enquiry,,,noun,B2,ox3000,3244
ensure_verb,ensure,,,verb,B2,ox3000,3245
enthusiasm_noun,enthusiasm,,,noun,B2,ox3000,3246
enthusiastic_adjective,enthusiastic,,,adjective,B2,ox3000,3247
entire_adjective,entire,,,adjective,B2,ox3000,3248
entirely_adverb,entirely,,,adverb,B2,ox3000,3249
equal_noun,equal,,,noun,B2,ox3000,3250
establish_verb,establish,,,verb,B2,ox3000,3251
estate_noun,estate,,,noun,B2,ox3000,3252
estimate_verb,estimate,,,verb,B2,ox3000,3253
estimate_noun,estimate,,,noun,B2,ox3000,3254
ethical_adjective,ethical,,,adjective,B2,ox3000,3255
evaluate_verb,evaluate,,,verb,B2,ox3000,3256
even_adjective,even,,,adjective,B2,ox3000,3257
evil_adjective,evil,,,adjective,B2,ox3000,3258
evil_noun,evil,,,noun,B2,ox3000,3259
examination_noun,examination,,,noun,B2,ox3000,3260
excuse_noun,excuse,,,noun,B2,ox3000,3261
excuse_verb,excuse,,,verb,B2,ox3000,3262
executive_noun,executive,,,noun,B2,ox3000,3263
executive_adjective,executive,,,adjective,B2,ox3000,3264
existence_noun,existence,,,noun,B2,ox3000,3265
expectation_noun,expectation,,,noun,B2,ox3000,3266
expense_noun,expense,,,noun,B2,ox3000,3267
exploration_noun,exploration,,,noun,B2,ox3000,3268
expose_verb,expose,,,verb,B2,ox3000,3269
extend_verb,extend,,,verb,B2,ox3000,3270
extent_noun,extent,,,noun,B2,ox3000,3271
external_adjective,external,,,adjective,B2,ox3000,3272
extraordinary_adjective,extraordinary,,,adjective,B2,ox3000,3273
extreme_noun,extreme,,,noun,B2,ox3000,3274
facility_noun,facility,,,noun,B2,ox3000,3275
failure_noun,failure,,,noun,B2,ox3000,3276
faith_noun,faith,,,noun,B2,ox3000,3277
fault_noun,fault,,,noun,B2,ox3000,3278
favour_verb,favour,,,verb,B2,ox3000,3279
feather_noun,feather,,,noun,B2,ox3000,3280
fee_noun,fee,,,noun,B2,ox3000,3281
feed_noun,feed,,,noun,B2,ox3000,3282
feedback_noun,feedback,,,noun,B2,ox3000,3283
feel_noun,feel,,,noun,B2,ox3000,3284
fellow_adjective,fellow,,,adjective,B2,ox3000,3285
figure_verb,figure,,,verb,B2,ox3000,3286
file_verb,file,,,verb,B2,ox3000,3287
finance_noun,finance,,,noun,B2,ox3000,3288
finance_verb,finance,,,verb,B2,ox3000,3289
finding_noun,finding,,,noun,B2,ox3000,3290
firm_noun,firm,,,noun,B2,ox3000,3291
fix_noun,fix,,,noun,B2,ox3000,3292
flame_noun,flame,,,noun,B2,ox3000,3293
flash_noun,flash,,,noun,B2,ox3000,3294
flash_verb,flash,,,verb,B2,ox3000,3295
flexible_adjective,flexible,,,adjective,B2,ox3000,3296
float_verb,float,,,verb,B2,ox3000,3297
fold_noun,fold,,,noun,B2,ox3000,3298
folding_adjective,folding,,,adjective,B2,ox3000,3299
following_preposition,following,,,preposition,B2,ox3000,3300
forgive_verb,forgive,,,verb,B2,ox3000,3301
former_adjective,former,,,adjective,B2,ox3000,3302
fortune_noun,fortune,,,noun,B2,ox3000,3303
forward_adjective,forward,,,adjective,B2,ox3000,3304
found_verb,found,,,verb,B2,ox3000,3305
free_verb,free,,,verb,B2,ox3000,3306
freedom_noun,freedom,,,noun,B2,ox3000,3307
frequency_noun,frequency,,,noun,B2,ox3000,3308
fuel_verb,fuel,,,verb,B2,ox3000,3309
fully_adverb,fully,,,adverb,B2,ox3000,3310
function_verb,function,,,verb,B2,ox3000,3311
fund_noun,fund,,,noun,B2,ox3000,3312
fund_verb,fund,,,verb,B2,ox3000,3313
fundamental_adjective,fundamental,,,adjective,B2,ox3000,3314
funding_noun,funding,,,noun,B2,ox3000,3315
furthermore_adverb,furthermore,,,adverb,B2,ox3000,3316
gain_verb,gain,,,verb,B2,ox3000,3317
gain_noun,gain,,,noun,B2,ox3000,3318
gang_noun,gang,,,noun,B2,ox3000,3319
generate_verb,generate,,,verb,B2,ox3000,3320
genre_noun,genre,,,noun,B2,ox3000,3321
govern_verb,govern,,,verb,B2,ox3000,3322
grab_verb,grab,,,verb,B2,ox3000,3323
grade_verb,grade,,,verb,B2,ox3000,3324
gradually_adverb,gradually,,,adverb,B2,ox3000,3325
grand_adjective,grand,,,adjective,B2,ox3000,3326
grant_verb,grant,,,verb,B2,ox3000,3327
grant_noun,grant,,,noun,B2,ox3000,3328
guarantee_verb,guarantee,,,verb,B2,ox3000,3329
guarantee_noun,guarantee,,,noun,B2,ox3000,3330
handle_verb,handle,,,verb,B2,ox3000,3331
handle_noun,handle,,,noun,B2,ox3000,3332
harm_noun,harm,,,noun,B2,ox3000,3333
harm_verb,harm,,,verb,B2,ox3000,3334
harmful_adjective,harmful,,,adjective,B2,ox3000,3335
hearing_noun,hearing,,,noun,B2,ox3000,3336
heaven_noun,heaven,,,noun,B2,ox3000,3337
heel_noun,heel,,,noun,B2,ox3000,3338
hell_noun,hell,,,noun,B2,ox3000,3339
hesitate_verb,hesitate,,,verb,B2,ox3000,3340
high_noun,high,,,noun,B2,ox3000,3341
hire_noun,hire,,,noun,B2,ox3000,3342
hold_noun,hold,,,noun,B2,ox3000,3343
hollow_adjective,hollow,,,adjective,B2,ox3000,3344
holy_adjective,holy,,,adjective,B2,ox3000,3345
honour_noun,honour,,,noun,B2,ox3000,3346
honour_verb,honour,,,verb,B2,ox3000,3347
host_verb,host,,,verb,B2,ox3000,3348
house_verb,house,,,verb,B2,ox3000,3349
household_noun,household,,,noun,B2,ox3000,3350
housing_noun,housing,,,noun,B2,ox3000,3351
humorous_adjective,humorous,,,adjective,B2,ox3000,3352
humour_noun,humour,,,noun,B2,ox3000,3353
hunt_noun,hunt,,,noun,B2,ox3000,3354
hunting_noun,hunting,,,noun,B2,ox3000,3355
hurt_noun,hurt,,,noun,B2,ox3000,3356
ideal_noun,ideal,,,noun,B2,ox3000,3357
illustrate_verb,illustrate,,,verb,B2,ox3000,3358
illustration_noun,illustration,,,noun,B2,ox3000,3359
imagination_noun,imagination,,,noun,B2,ox3000,3360
impatient_adjective,impatient,,,adjective,B2,ox3000,3361
imply_verb,imply,,,verb,B2,ox3000,3362
impose_verb,impose,,,verb,B2,ox3000,3363
impress_verb,impress,,,verb,B2,ox3000,3364
impressed_adjective,impressed,,,adjective,B2,ox3000,3365
inch_noun,inch,,,noun,B2,ox3000,3366
incident_noun,incident,,,noun,B2,ox3000,3367
income_noun,income,,,noun,B2,ox3000,3368
increasingly_adverb,increasingly,,,adverb,B2,ox3000,3369
industrial_adjective,industrial,,,adjective,B2,ox3000,3370
infection_noun,infection,,,noun,B2,ox3000,3371
inform_verb,inform,,,verb,B2,ox3000,3372
initial_adjective,initial,,,adjective,B2,ox3000,3373
initially_adverb,initially,,,adverb,B2,ox3000,3374
initiative_noun,initiative,,,noun,B2,ox3000,3375
inner_adjective,inner,,,adjective,B2,ox3000,3376
insight_noun,insight,,,noun,B2,ox3000,3377
insist_verb,insist,,,verb,B2,ox3000,3378
inspire_verb,inspire,,,verb,B2,ox3000,3379
install_verb,install,,,verb,B2,ox3000,3380
instance_noun,instance,,,noun,B2,ox3000,3381
institute_noun,institute,,,noun,B2,ox3000,3382
institution_noun,institution,,,noun,B2,ox3000,3383
insurance_noun,insurance,,,noun,B2,ox3000,3384
intended_adjective,intended,,,adjective,B2,ox3000,3385
intense_adjective,intense,,,adjective,B2,ox3000,3386
internal_adjective,internal,,,adjective,B2,ox3000,3387
interpret_verb,interpret,,,verb,B2,ox3000,3388
interrupt_verb,interrupt,,,verb,B2,ox3000,3389
investigation_noun,investigation,,,noun,B2,ox3000,3390
investment_noun,investment,,,noun,B2,ox3000,3391
issue_verb,issue,,,verb,B2,ox3000,3392
joy_noun,joy,,,noun,B2,ox3000,3393
judgement_noun,judgement,,,noun,B2,ox3000,3394
junior_adjective,junior,,,adjective,B2,ox3000,3395
justice_noun,justice,,,noun,B2,ox3000,3396
justify_verb,justify,,,verb,B2,ox3000,3397
labour_noun,labour,,,noun,B2,ox3000,3398
landscape_noun,landscape,,,noun,B2,ox3000,3399
largely_adverb,largely,,,adverb,B2,ox3000,3400
latest_noun,latest,,,noun,B2,ox3000,3401
launch_verb,launch,,,verb,B2,ox3000,3402
launch_noun,launch,,,noun,B2,ox3000,3403
leadership_noun,leadership,,,noun,B2,ox3000,3404
league_noun,league,,,noun,B2,ox3000,3405
lean_verb,lean,,,verb,B2,ox3000,3406
leave_noun,leave,,,noun,B2,ox3000,3407
level_verb,level,,,verb,B2,ox3000,3408
licence_noun,licence,,,noun,B2,ox3000,3409
limited_adjective,limited,,,adjective,B2,ox3000,3410
line_verb,line,,,verb,B2,ox3000,3411
lively_adjective,lively,,,adjective,B2,ox3000,3412
load_noun,load,,,noun,B2,ox3000,3413
load_verb,load,,,verb,B2,ox3000,3414
loan_noun,loan,,,noun,B2,ox3000,3415
logical_adjective,logical,,,adjective,B2,ox3000,3416
long-term_adjective,long-term,,,adjective,B2,ox3000,3417
long-term_adverb,long-term,,,adverb,B2,ox3000,3418
loose_adjective,loose,,,adjective,B2,ox3000,3419
lord_noun,lord,,,noun,B2,ox3000,3420
low_noun,low,,,noun,B2,ox3000,3421
lower_verb,lower,,,verb,B2,ox3000,3422
lung_noun,lung,,,noun,B2,ox3000,3423
maintain_verb,maintain,,,verb,B2,ox3000,3424
majority_noun,majority,,,noun,B2,ox3000,3425
make_noun,make,,,noun,B2,ox3000,3426
map_verb,map,,,verb,B2,ox3000,3427
mass_noun,mass,,,noun,B2,ox3000,3428
mass_adjective,mass,,,adjective,B2,ox3000,3429
massive_adjective,massive,,,adjective,B2,ox3000,3430
master_noun,master,,,noun,B2,ox3000,3431
master_verb,master,,,verb,B2,ox3000,3432
matching_adjective,matching,,,adjective,B2,ox3000,3433
material_adjective,material,,,adjective,B2,ox3000,3434
maximum_adjective,maximum,,,adjective,B2,ox3000,3435
maximum_noun,maximum,,,noun,B2,ox3000,3436
means_noun,means,,,noun,B2,ox3000,3437
measurement_noun,measurement,,,noun,B2,ox3000,3438
medium_noun,medium,,,noun,B2,ox3000,3439
melt_verb,melt,,,verb,B2,ox3000,3440
military_adjective,military,,,adjective,B2,ox3000,3441
military_noun,military,,,noun,B2,ox3000,3442
mineral_noun,mineral,,,noun,B2,ox3000,3443
minimum_adjective,minimum,,,adjective,B2,ox3000,3444
minimum_noun,minimum,,,noun,B2,ox3000,3445
minister_noun,minister,,,noun,B2,ox3000,3446
minor_adjective,minor,,,adjective,B2,ox3000,3447
minority_noun,minority,,,noun,B2,ox3000,3448
mission_noun,mission,,,noun,B2,ox3000,3449
mistake_verb,mistake,,,verb,B2,ox3000,3450
mixed_adjective,mixed,,,adjective,B2,ox3000,3451
model_verb,model,,,verb,B2,ox3000,3452
modify_verb,modify,,,verb,B2,ox3000,3453
monitor_noun,monitor,,,noun,B2,ox3000,3454
monitor_verb,monitor,,,verb,B2,ox3000,3455
moral_adjective,moral,,,adjective,B2,ox3000,3456
moral_noun,moral,,,noun,B2,ox3000,3457
motor_noun,motor,,,noun,B2,ox3000,3458
motor_adjective,motor,,,adjective,B2,ox3000,3459
mount_verb,mount,,,verb,B2,ox3000,3460
multiple_adjective,multiple,,,adjective,B2,ox3000,3461
multiply_verb,multiply,,,verb,B2,ox3000,3462
mysterious_adjective,mysterious,,,adjective,B2,ox3000,3463
narrow_verb,narrow,,,verb,B2,ox3000,3464
national_noun,national,,,noun,B2,ox3000,3465
neat_adjective,neat,,,adjective,B2,ox3000,3466
negative_noun,negative,,,noun,B2,ox3000,3467
nerve_noun,nerve,,,noun,B2,ox3000,3468
nevertheless_adverb,nevertheless,,,adverb,B2,ox3000,3469
nightmare_noun,nightmare,,,noun,B2,ox3000,3470
notion_noun,notion,,,noun,B2,ox3000,3471
numerous_adjective,numerous,,,adjective,B2,ox3000,3472
obey_verb,obey,,,verb,B2,ox3000,3473
object_verb,object,,,verb,B2,ox3000,3474
objective_noun,objective,,,noun,B2,ox3000,3475
objective_adjective,objective,,,adjective,B2,ox3000,3476
obligation_noun,obligation,,,noun,B2,ox3000,3477
observation_noun,observation,,,noun,B2,ox3000,3478
observe_verb,observe,,,verb,B2,ox3000,3479
obtain_verb,obtain,,,verb,B2,ox3000,3480
occasionally_adverb,occasionally,,,adverb,B2,ox3000,3481
offence_noun,offence,,,noun,B2,ox3000,3482
offend_verb,offend,,,verb,B2,ox3000,3483
offensive_adjective,offensive,,,adjective,B2,ox3000,3484
official_noun,official,,,noun,B2,ox3000,3485
opening_noun,opening,,,noun,B2,ox3000,3486
operate_verb,operate,,,verb,B2,ox3000,3487
opponent_noun,opponent,,,noun,B2,ox3000,3488
oppose_verb,oppose,,,verb,B2,ox3000,3489
opposed_adjective,opposed,,,adjective,B2,ox3000,3490
opposition_noun,opposition,,,noun,B2,ox3000,3491
organ_noun,organ,,,noun,B2,ox3000,3492
origin_noun,origin,,,noun,B2,ox3000,3493
otherwise_adverb,otherwise,,,adverb,B2,ox3000,3494
outcome_noun,outcome,,,noun,B2,ox3000,3495
outer_adjective,outer,,,adjective,B2,ox3000,3496
outline_noun,outline,,,noun,B2,ox3000,3497
outline_verb,outline,,,verb,B2,ox3000,3498
overall_adjective,overall,,,adjective,B2,ox3000,3499
overall_adverb,overall,,,adverb,B2,ox3000,3500
owe_verb,owe,,,verb,B2,ox3000,3501
pace_noun,pace,,,noun,B2,ox3000,3502
pace_verb,pace,,,verb,B2,ox3000,3503
package_verb,package,,,verb,B2,ox3000,3504
panel_noun,panel,,,noun,B2,ox3000,3505
parliament_noun,parliament,,,noun,B2,ox3000,3506
participant_noun,participant,,,noun,B2,ox3000,3507
partly_adverb,partly,,,adverb,B2,ox3000,3508
passage_noun,passage,,,noun,B2,ox3000,3509
patient_adjective,patient,,,adjective,B2,ox3000,3510
pension-1_noun,pension,1,,noun,B2,ox3000,3511
permanent_adjective,permanent,,,adjective,B2,ox3000,3512
permit_verb,permit,,,verb,B2,ox3000,3513
permit_noun,permit,,,noun,B2,ox3000,3514
perspective_noun,perspective,,,noun,B2,ox3000,3515
phase_noun,phase,,,noun,B2,ox3000,3516
phenomenon_noun,phenomenon,,,noun,B2,ox3000,3517
philosophy_noun,philosophy,,,noun,B2,ox3000,3518
pick_noun,pick,,,noun,B2,ox3000,3519
picture_verb,picture,,,verb,B2,ox3000,3520
pile_noun,pile,,,noun,B2,ox3000,3521
pile_verb,pile,,,verb,B2,ox3000,3522
pitch_noun,pitch,,,noun,B2,ox3000,3523
plain_adjective,plain,,,adjective,B2,ox3000,3524
plot_verb,plot,,,verb,B2,ox3000,3525
plus-1_adjective,plus,1,,adjective,B2,ox3000,3526
plus-1_noun,plus,1,,noun,B2,ox3000,3527
plus-1_conjunction,plus,1,,conjunction,B2,ox3000,3528
pointed_adjective,pointed,,,adjective,B2,ox3000,3529
popularity_noun,popularity,,,noun,B2,ox3000,3530
pose_verb,pose,,,verb,B2,ox3000,3531
position_verb,position,,,verb,B2,ox3000,3532
positive_noun,positive,,,noun,B2,ox3000,3533
possess_verb,possess,,,verb,B2,ox3000,3534
potential_adjective,potential,,,adjective,B2,ox3000,3535
potential_noun,potential,,,noun,B2,ox3000,3536
power_verb,power,,,verb,B2,ox3000,3537
praise_noun,praise,,,noun,B2,ox3000,3538
praise_verb,praise,,,verb,B2,ox3000,3539
pregnant_adjective,pregnant,,,adjective,B2,ox3000,3540
preparation_noun,preparation,,,noun,B2,ox3000,3541
presence_noun,presence,,,noun,B2,ox3000,3542
preserve_verb,preserve,,,verb,B2,ox3000,3543
price_verb,price,,,verb,B2,ox3000,3544
prime_adjective,prime,,,adjective,B2,ox3000,3545
principle_noun,principle,,,noun,B2,ox3000,3546
print_noun,print,,,noun,B2,ox3000,3547
priority_noun,priority,,,noun,B2,ox3000,3548
privacy_noun,privacy,,,noun,B2,ox3000,3549
procedure_noun,procedure,,,noun,B2,ox3000,3550
process_verb,process,,,verb,B2,ox3000,3551
produce_noun,produce,,,noun,B2,ox3000,3552
professional_noun,professional,,,noun,B2,ox3000,3553
progress_verb,progress,,,verb,B2,ox3000,3554
project_verb,project,,,verb,B2,ox3000,3555
proof_noun,proof,,,noun,B2,ox3000,3556
proposal_noun,proposal,,,noun,B2,ox3000,3557
propose_verb,propose,,,verb,B2,ox3000,3558
prospect_noun,prospect,,,noun,B2,ox3000,3559
protection_noun,protection,,,noun,B2,ox3000,3560
psychologist_noun,psychologist,,,noun,B2,ox3000,3561
psychology_noun,psychology,,,noun,B2,ox3000,3562
publication_noun,publication,,,noun,B2,ox3000,3563
pupil_noun,pupil,,,noun,B2,ox3000,3564
purchase_noun,purchase,,,noun,B2,ox3000,3565
purchase_verb,purchase,,,verb,B2,ox3000,3566
pure_adjective,pure,,,adjective,B2,ox3000,3567
pursue_verb,pursue,,,verb,B2,ox3000,3568
range_verb,range,,,verb,B2,ox3000,3569
rank_noun,rank,,,noun,B2,ox3000,3570
rank_verb,rank,,,verb,B2,ox3000,3571
rapid_adjective,rapid,,,adjective,B2,ox3000,3572
rapidly_adverb,rapidly,,,adverb,B2,ox3000,3573
rate_verb,rate,,,verb,B2,ox3000,3574
raw_adjective,raw,,,adjective,B2,ox3000,3575
reach_noun,reach,,,noun,B2,ox3000,3576
realistic_adjective,realistic,,,adjective,B2,ox3000,3577
reasonable_adjective,reasonable,,,adjective,B2,ox3000,3578
recall_verb,recall,,,verb,B2,ox3000,3579
recover_verb,recover,,,verb,B2,ox3000,3580
reduction_noun,reduction,,,noun,B2,ox3000,3581
regard_verb,regard,,,verb,B2,ox3000,3582
regard_noun,regard,,,noun,B2,ox3000,3583
regional_adjective,regional,,,adjective,B2,ox3000,3584
register_verb,register,,,verb,B2,ox3000,3585
register_noun,register,,,noun,B2,ox3000,3586
regret_verb,regret,,,verb,B2,ox3000,3587
regret_noun,regret,,,noun,B2,ox3000,3588
regulation_noun,regulation,,,noun,B2,ox3000,3589
relatively_adverb,relatively,,,adverb,B2,ox3000,3590
relevant_adjective,relevant,,,adjective,B2,ox3000,3591
relief_noun,relief,,,noun,B2,ox3000,3592
rely_verb,rely,,,verb,B2,ox3000,3593
remark_noun,remark,,,noun,B2,ox3000,3594
remark_verb,remark,,,verb,B2,ox3000,3595
representative_noun,representative,,,noun,B2,ox3000,3596
representative_adjective,representative,,,adjective,B2,ox3000,3597
reputation_noun,reputation,,,noun,B2,ox3000,3598
requirement_noun,requirement,,,noun,B2,ox3000,3599
rescue_verb,rescue,,,verb,B2,ox3000,3600
rescue_noun,rescue,,,noun,B2,ox3000,3601
reserve_noun,reserve,,,noun,B2,ox3000,3602
reserve_verb,reserve,,,verb,B2,ox3000,3603
resident_noun,resident,,,noun,B2,ox3000,3604
resident_adjective,resident,,,adjective,B2,ox3000,3605
resist_verb,resist,,,verb,B2,ox3000,3606
resolve_verb,resolve,,,verb,B2,ox3000,3607
resort_noun,resort,,,noun,B2,ox3000,3608
retain_verb,retain,,,verb,B2,ox3000,3609
reveal_verb,reveal,,,verb,B2,ox3000,3610
revolution_noun,revolution,,,noun,B2,ox3000,3611
reward_noun,reward,,,noun,B2,ox3000,3612
reward_verb,reward,,,verb,B2,ox3000,3613
rhythm_noun,rhythm,,,noun,B2,ox3000,3614
rid_verb,rid,,,verb,B2,ox3000,3615
root_noun,root,,,noun,B2,ox3000,3616
round_noun,round,,,noun,B2,ox3000,3617
routine_adjective,routine,,,adjective,B2,ox3000,3618
rub_verb,rub,,,verb,B2,ox3000,3619
rubber_noun,rubber,,,noun,B2,ox3000,3620
rubber_adjective,rubber,,,adjective,B2,ox3000,3621
rural_adjective,rural,,,adjective,B2,ox3000,3622
rush_verb,rush,,,verb,B2,ox3000,3623
rush_noun,rush,,,noun,B2,ox3000,3624
sample_verb,sample,,,verb,B2,ox3000,3625
satellite_noun,satellite,,,noun,B2,ox3000,3626
satisfied_adjective,satisfied,,,adjective,B2,ox3000,3627
satisfy_verb,satisfy,,,verb,B2,ox3000,3628
saving_noun,saving,,,noun,B2,ox3000,3629
scale_noun,scale,,,noun,B2,ox3000,3630
schedule_verb,schedule,,,verb,B2,ox3000,3631
scheme_noun,scheme,,,noun,B2,ox3000,3632
scream_verb,scream,,,verb,B2,ox3000,3633
scream_noun,scream,,,noun,B2,ox3000,3634
screen_verb,screen,,,verb,B2,ox3000,3635
seat_verb,seat,,,verb,B2,ox3000,3636
sector_noun,sector,,,noun,B2,ox3000,3637
secure_verb,secure,,,verb,B2,ox3000,3638
secure_adjective,secure,,,adjective,B2,ox3000,3639
seek_verb,seek,,,verb,B2,ox3000,3640
select_verb,select,,,verb,B2,ox3000,3641
selection_noun,selection,,,noun,B2,ox3000,3642
self_noun,self,,,noun,B2,ox3000,3643
senior_adjective,senior,,,adjective,B2,ox3000,3644
sense_verb,sense,,,verb,B2,ox3000,3645
sensitive_adjective,sensitive,,,adjective,B2,ox3000,3646
sentence_verb,sentence,,,verb,B2,ox3000,3647
sequence_noun,sequence,,,noun,B2,ox3000,3648
session_noun,session,,,noun,B2,ox3000,3649
settle_verb,settle,,,verb,B2,ox3000,3650
severe_adjective,severe,,,adjective,B2,ox3000,3651
shade_noun,shade,,,noun,B2,ox3000,3652
shadow_noun,shadow,,,noun,B2,ox3000,3653
shallow_adjective,shallow,,,adjective,B2,ox3000,3654
shame_noun,shame,,,noun,B2,ox3000,3655
shape_verb,shape,,,verb,B2,ox3000,3656
shelter_noun,shelter,,,noun,B2,ox3000,3657
shelter_verb,shelter,,,verb,B2,ox3000,3658
shift_verb,shift,,,verb,B2,ox3000,3659
ship_verb,ship,,,verb,B2,ox3000,3660
shock_noun,shock,,,noun,B2,ox3000,3661
shock_verb,shock,,,verb,B2,ox3000,3662
shocked_adjective,shocked,,,adjective,B2,ox3000,3663
shooting_noun,shooting,,,noun,B2,ox3000,3664
shot_noun,shot,,,noun,B2,ox3000,3665
significant_adjective,significant,,,adjective,B2,ox3000,3666
significantly_adverb,significantly,,,adverb,B2,ox3000,3667
silence_noun,silence,,,noun,B2,ox3000,3668
silk_noun,silk,,,noun,B2,ox3000,3669
sincere_adjective,sincere,,,adjective,B2,ox3000,3670
slave_noun,slave,,,noun,B2,ox3000,3671
slide_verb,slide,,,verb,B2,ox3000,3672
slide_noun,slide,,,noun,B2,ox3000,3673
slight_adjective,slight,,,adjective,B2,ox3000,3674
slip_verb,slip,,,verb,B2,ox3000,3675
slope_noun,slope,,,noun,B2,ox3000,3676
slope_verb,slope,,,verb,B2,ox3000,3677
solar_adjective,solar,,,adjective,B2,ox3000,3678
somewhat_adverb,somewhat,,,adverb,B2,ox3000,3679
soul_noun,soul,,,noun,B2,ox3000,3680
specialist_noun,specialist,,,noun,B2,ox3000,3681
specialist_adjective,specialist,,,adjective,B2,ox3000,3682
species_noun,species,,,noun,B2,ox3000,3683
speed_verb,speed,,,verb,B2,ox3000,3684
spiritual_adjective,spiritual,,,adjective,B2,ox3000,3685
split_verb,split,,,verb,B2,ox3000,3686
split_noun,split,,,noun,B2,ox3000,3687
sponsor_verb,sponsor,,,verb,B2,ox3000,3688
sponsor_noun,sponsor,,,noun,B2,ox3000,3689
spot_verb,spot,,,verb,B2,ox3000,3690
spread_noun,spread,,,noun,B2,ox3000,3691
stable_adjective,stable,,,adjective,B2,ox3000,3692
stage_verb,stage,,,verb,B2,ox3000,3693
stand_noun,stand,,,noun,B2,ox3000,3694
stare_verb,stare,,,verb,B2,ox3000,3695
status_noun,status,,,noun,B2,ox3000,3696
steady_adjective,steady,,,adjective,B2,ox3000,3697
steel_noun,steel,,,noun,B2,ox3000,3698
steep_adjective,steep,,,adjective,B2,ox3000,3699
step_verb,step,,,verb,B2,ox3000,3700
sticky_adjective,sticky,,,adjective,B2,ox3000,3701
stiff_adjective,stiff,,,adjective,B2,ox3000,3702
stock_noun,stock,,,noun,B2,ox3000,3703
stream_noun,stream,,,noun,B2,ox3000,3704
stretch_verb,stretch,,,verb,B2,ox3000,3705
stretch_noun,stretch,,,noun,B2,ox3000,3706
strict_adjective,strict,,,adjective,B2,ox3000,3707
strike_verb,strike,,,verb,B2,ox3000,3708
strike_noun,strike,,,noun,B2,ox3000,3709
structure_verb,structure,,,verb,B2,ox3000,3710
struggle_verb,struggle,,,verb,B2,ox3000,3711
struggle_noun,struggle,,,noun,B2,ox3000,3712
stuff_verb,stuff,,,verb,B2,ox3000,3713
subject_adjective,subject,,,adjective,B2,ox3000,3714
submit_verb,submit,,,verb,B2,ox3000,3715
sum_noun,sum,,,noun,B2,ox3000,3716
sum_verb,sum,,,verb,B2,ox3000,3717
surgery_noun,surgery,,,noun,B2,ox3000,3718
surround_verb,surround,,,verb,B2,ox3000,3719
surrounding_adjective,surrounding,,,adjective,B2,ox3000,3720
survey_verb,survey,,,verb,B2,ox3000,3721
suspect_verb,suspect,,,verb,B2,ox3000,3722
suspect_noun,suspect,,,noun,B2,ox3000,3723
swear_verb,swear,,,verb,B2,ox3000,3724
sweep_verb,sweep,,,verb,B2,ox3000,3725
switch_noun,switch,,,noun,B2,ox3000,3726
sympathy_noun,sympathy,,,noun,B2,ox3000,3727
tale_noun,tale,,,noun,B2,ox3000,3728
tank_noun,tank,,,noun,B2,ox3000,3729
target_verb,target,,,verb,B2,ox3000,3730
tear-1_verb,tear,1,,verb,B2,ox3000,3731
tear-1_noun,tear,1,,noun,B2,ox3000,3732
tear-2_noun,tear,2,,noun,B2,ox3000,3733
temporary_adjective,temporary,,,adjective,B2,ox3000,3734
term_verb,term,,,verb,B2,ox3000,3735
therapy_noun,therapy,,,noun,B2,ox3000,3736
threat_noun,threat,,,noun,B2,ox3000,3737
threaten_verb,threaten,,,verb,B2,ox3000,3738
thus_adverb,thus,,,adverb,B2,ox3000,3739
time_verb,time,,,verb,B2,ox3000,3740
title_verb,title,,,verb,B2,ox3000,3741
tone_noun,tone,,,noun,B2,ox3000,3742
tough_adjective,tough,,,adjective,B2,ox3000,3743
track_verb,track,,,verb,B2,ox3000,3744
transfer_verb,transfer,,,verb,B2,ox3000,3745
transfer_noun,transfer,,,noun,B2,ox3000,3746
transform_verb,transform,,,verb,B2,ox3000,3747
transition_noun,transition,,,noun,B2,ox3000,3748
trial_noun,trial,,,noun,B2,ox3000,3749
trip_verb,trip,,,verb,B2,ox3000,3750
tropical_adjective,tropical,,,adjective,B2,ox3000,3751
trouble_verb,trouble,,,verb,B2,ox3000,3752
truly_adverb,truly,,,adverb,B2,ox3000,3753
trust_noun,trust,,,noun,B2,ox3000,3754
trust_verb,trust,,,verb,B2,ox3000,3755
try_noun,try,,,noun,B2,ox3000,3756
tune_noun,tune,,,noun,B2,ox3000,3757
tunnel_noun,tunnel,,,noun,B2,ox3000,3758
ultimately_adverb,ultimately,,,adverb,B2,ox3000,3759
unconscious_adjective,unconscious,,,adjective,B2,ox3000,3760
unexpected_adjective,unexpected,,,adjective,B2,ox3000,3761
unique_adjective,unique,,,adjective,B2,ox3000,3762
universe_noun,universe,,,noun,B2,ox3000,3763
unknown_adjective,unknown,,,adjective,B2,ox3000,3764
upper_adjective,upper,,,adjective,B2,ox3000,3765
upwards_adverb,upwards,,,adverb,B2,ox3000,3766
urban_adjective,urban,,,adjective,B2,ox3000,3767
urge_verb,urge,,,verb,B2,ox3000,3768
value_verb,value,,,verb,B2,ox3000,3769
vary_verb,vary,,,verb,B2,ox3000,3770
vast_adjective,vast,,,adjective,B2,ox3000,3771
venue_noun,venue,,,noun,B2,ox3000,3772
very_adjective,very,,,adjective,B2,ox3000,3773
via_preposition,via,,,preposition,B2,ox3000,3774
victory_noun,victory,,,noun,B2,ox3000,3775
violence_noun,violence,,,noun,B2,ox3000,3776
virtual_adjective,virtual,,,adjective,B2,ox3000,3777
vision_noun,vision,,,noun,B2,ox3000,3778
visual_adjective,visual,,,adjective,B2,ox3000,3779
vital_adjective,vital,,,adjective,B2,ox3000,3780
vitamin_noun,vitamin,,,noun,B2,ox3000,3781
volume_noun,volume,,,noun,B2,ox3000,3782
wage_noun,wage,,,noun,B2,ox3000,3783
way_adverb,way,,,adverb,B2,ox3000,3784
weakness_noun,weakness,,,noun,B2,ox3000,3785
wealth_noun,wealth,,,noun,B2,ox3000,3786
wealthy_adjective,wealthy,,,adjective,B2,ox3000,3787
whereas_conjunction,whereas,,,conjunction,B2,ox3000,3788
wherever_conjunction,wherever,,,conjunction,B2,ox3000,3789
whisper_verb,whisper,,,verb,B2,ox3000,3790
whisper_noun,whisper,,,noun,B2,ox3000,3791
whom_pronoun,whom,,,pronoun,B2,ox3000,3792
widely_adverb,widely,,,adverb,B2,ox3000,3793
wildlife_noun,wildlife,,,noun,B2,ox3000,3794
willing_adjective,willing,,,adjective,B2,ox3000,3795
wind-2_verb,wind,2,,verb,B2,ox3000,3796
wire_noun,wire,,,noun,B2,ox3000,3797
wise_adjective,wise,,,adjective,B2,ox3000,3798
witness_noun,witness,,,noun,B2,ox3000,3799
witness_verb,witness,,,verb,B2,ox3000,3800
worse_noun,worse,,,noun,B2,ox3000,3801
worst_noun,worst,,,noun,B2,ox3000,3802
worth_noun,worth,,,noun,B2,ox3000,3803
wound_noun,wound,,,noun,B2,ox3000,3804
wound_verb,wound,,,verb,B2,ox3000,3805
wrap_verb,wrap,,,verb,B2,ox3000,3806
wrong_noun,wrong,,,noun,B2,ox3000,3807
yet_conjunction,yet,,,conjunction,B2,ox3000,3808
zone_noun,zone,,,noun,B2,ox3000,3809
absorb_verb,absorb,,,verb,B2,ox5000,1
abstract_adjective,abstract,,,adjective,B2,ox5000,2
accent_noun,accent,,,noun,B2,ox5000,3
accidentally_adverb,accidentally,,,adverb,B2,ox5000,4
accommodate_verb,accommodate,,,verb,B2,ox5000,5
accomplish_verb,accomplish,,,verb,B2,ox5000,6
accountant_noun,accountant,,,noun,B2,ox5000,7
accuracy_noun,accuracy,,,noun,B2,ox5000,8
accurately_adverb,accurately,,,adverb,B2,ox5000,9
acid_noun,acid,,,noun,B2,ox5000,10
activate_verb,activate,,,verb,B2,ox5000,11
addiction_noun,addiction,,,noun,B2,ox5000,12
additionally_adverb,additionally,,,adverb,B2,ox5000,13
adequate_adjective,adequate,,,adjective,B2,ox5000,14
adjust_verb,adjust,,,verb,B2,ox5000,15
affordable_adjective,affordable,,,adjective,B2,ox5000,16
agriculture_noun,agriculture,,,noun,B2,ox5000,17
alien_noun,alien,,,noun,B2,ox5000,18
altogether_adverb,altogether,,,adverb,B2,ox5000,19
ambulance_noun,ambulance,,,noun,B2,ox5000,20
amusing_adjective,amusing,,,adjective,B2,ox5000,21
analyst_noun,analyst,,,noun,B2,ox5000,22
ancestor_noun,ancestor,,,noun,B2,ox5000,23
animation_noun,animation,,,noun,B2,ox5000,24
annually_adverb,annually,,,adverb,B2,ox5000,25
anticipate_verb,anticipate,,,verb,B2,ox5000,26
anxiety_noun,anxiety,,,noun,B2,ox5000,27
apology_noun,apology,,,noun,B2,ox5000,28
applicant_noun,applicant,,,noun,B2,ox5000,29
arrow_noun,arrow,,,noun,B2,ox5000,30
artwork_noun,artwork,,,noun,B2,ox5000,31
aside_adverb,aside,,,adverb,B2,ox5000,32
asset_noun,asset,,,noun,B2,ox5000,33
assign_verb,assign,,,verb,B2,ox5000,34
assistance_noun,assistance,,,noun,B2,ox5000,35
assumption_noun,assumption,,,noun,B2,ox5000,36
assure_verb,assure,,,verb,B2,ox5000,37
astonishing_adjective,astonishing,,,adjective,B2,ox5000,38
attachment_noun,attachment,,,noun,B2,ox5000,39
auction_noun,auction,,,noun,B2,ox5000,40
automatic_adjective,automatic,,,adjective,B2,ox5000,41
automatically_adverb,automatically,,,adverb,B2,ox5000,42
awareness_noun,awareness,,,noun,B2,ox5000,43
badge_noun,badge,,,noun,B2,ox5000,44
balanced_adjective,balanced,,,adjective,B2,ox5000,45
ballet_noun,ballet,,,noun,B2,ox5000,46
balloon_noun,balloon,,,noun,B2,ox5000,47
barely_adverb,barely,,,adverb,B2,ox5000,48
bargain_noun,bargain,,,noun,B2,ox5000,49
basement_noun,basement,,,noun,B2,ox5000,50
basket_noun,basket,,,noun,B2,ox5000,51
bat_noun,bat,,,noun,B2,ox5000,52
bay_noun,bay,,,noun,B2,ox5000,53
beneficial_adjective,beneficial,,,adjective,B2,ox5000,54
beside_preposition,beside,,,preposition,B2,ox5000,55
besides_preposition,besides,,,preposition,B2,ox5000,56
besides_adverb,besides,,,adverb,B2,ox5000,57
bias_noun,bias,,,noun,B2,ox5000,58
bid_noun,bid,,,noun,B2,ox5000,59
bid_verb,bid,,,verb,B2,ox5000,60
billionaire_noun,billionaire,,,noun,B2,ox5000,61
biological_adjective,biological,,,adjective,B2,ox5000,62
blanket_noun,blanket,,,noun,B2,ox5000,63
bold_adjective,bold,,,adjective,B2,ox5000,64
bombing_noun,bombing,,,noun,B2,ox5000,65
booking_noun,booking,,,noun,B2,ox5000,66
bound_adjective,bound,,,adjective,B2,ox5000,67
brake_noun,brake,,,noun,B2,ox5000,68
brake_verb,brake,,,verb,B2,ox5000,69
brick_noun,brick,,,noun,B2,ox5000,70
briefly_adverb,briefly,,,adverb,B2,ox5000,71
broadcaster_noun,broadcaster,,,noun,B2,ox5000,72
broadly_adverb,broadly,,,adverb,B2,ox5000,73
bug_noun,bug,,,noun,B2,ox5000,74
cabin_noun,cabin,,,noun,B2,ox5000,75
canal_noun,canal,,,noun,B2,ox5000,76
candle_noun,candle,,,noun,B2,ox5000,77
caption_noun,caption,,,noun,B2,ox5000,78
caption_verb,caption,,,verb,B2,ox5000,79
carbon_noun,carbon,,,noun,B2,ox5000,80
casual_adjective,casual,,,adjective,B2,ox5000,81
cave_noun,cave,,,noun,B2,ox5000,82
certainty_noun,certainty,,,noun,B2,ox5000,83
certificate_noun,certificate,,,noun,B2,ox5000,84
challenging_adjective,challenging,,,adjective,B2,ox5000,85
championship_noun,championship,,,noun,B2,ox5000,86
chase_verb,chase,,,verb,B2,ox5000,87
chase_noun,chase,,,noun,B2,ox5000,88
cheek_noun,cheek,,,noun,B2,ox5000,89
cheer_verb,cheer,,,verb,B2,ox5000,90
cheer_noun,cheer,,,noun,B2,ox5000,91
choir_noun,choir,,,noun,B2,ox5000,92
chop_verb,chop,,,verb,B2,ox5000,93
circuit_noun,circuit,,,noun,B2,ox5000,94
civilization_noun,civilization,,,noun,B2,ox5000,95
clarify_verb,clarify,,,verb,B2,ox5000,96
classify_verb,classify,,,verb,B2,ox5000,97
clerk_noun,clerk,,,noun,B2,ox5000,98
cliff_noun,cliff,,,noun,B2,ox5000,99
clinic_noun,clinic,,,noun,B2,ox5000,100
clip_noun,clip,,,noun,B2,ox5000,101
coincidence_noun,coincidence,,,noun,B2,ox5000,102
collector_noun,collector,,,noun,B2,ox5000,103
colony_noun,colony,,,noun,B2,ox5000,104
colourful_adjective,colourful,,,adjective,B2,ox5000,105
comedian_noun,comedian,,,noun,B2,ox5000,106
comic_adjective,comic,,,adjective,B2,ox5000,107
comic_noun,comic,,,noun,B2,ox5000,108
commander_noun,commander,,,noun,B2,ox5000,109
comparative_adjective,comparative,,,adjective,B2,ox5000,110
completion_noun,completion,,,noun,B2,ox5000,111
compose_verb,compose,,,verb,B2,ox5000,112
composer_noun,composer,,,noun,B2,ox5000,113
compound_noun,compound,,,noun,B2,ox5000,114
comprehensive_adjective,comprehensive,,,adjective,B2,ox5000,115
comprise_verb,comprise,,,verb,B2,ox5000,116
compulsory_adjective,compulsory,,,adjective,B2,ox5000,117
concrete_adjective,concrete,,,adjective,B2,ox5000,118
concrete_noun,concrete,,,noun,B2,ox5000,119
confusion_noun,confusion,,,noun,B2,ox5000,120
consequently_adverb,consequently,,,adverb,B2,ox5000,121
conservation_noun,conservation,,,noun,B2,ox5000,122
considerable_adjective,considerable,,,adjective,B2,ox5000,123
considerably_adverb,considerably,,,adverb,B2,ox5000,124
consistently_adverb,consistently,,,adverb,B2,ox5000,125
console-2_noun,console,2,,noun,B2,ox5000,126
conspiracy_noun,conspiracy,,,noun,B2,ox5000,127
consult_verb,consult,,,verb,B2,ox5000,128
consultant_noun,consultant,,,noun,B2,ox5000,129
consumption_noun,consumption,,,noun,B2,ox5000,130
controversial_adjective,controversial,,,adjective,B2,ox5000,131
controversy_noun,controversy,,,noun,B2,ox5000,132
convenience_noun,convenience,,,noun,B2,ox5000,133
convention_noun,convention,,,noun,B2,ox5000,134
conventional_adjective,conventional,,,adjective,B2,ox5000,135
convey_verb,convey,,,verb,B2,ox5000,136
convincing_adjective,convincing,,,adjective,B2,ox5000,137
cope_verb,cope,,,verb,B2,ox5000,138
corporation_noun,corporation,,,noun,B2,ox5000,139
corridor_noun,corridor,,,noun,B2,ox5000,140
counter-long-flat-surface_noun,counter,,long flat surface,noun,B2,ox5000,141
coverage_noun,coverage,,,noun,B2,ox5000,142
crack_verb,crack,,,verb,B2,ox5000,143
crack_noun,crack,,,noun,B2,ox5000,144
craft_noun,craft,,,noun,B2,ox5000,145
creativity_noun,creativity,,,noun,B2,ox5000,146
critically_adverb,critically,,,adverb,B2,ox5000,147
cruise_noun,cruise,,,noun,B2,ox5000,148
cue_noun,cue,,,noun,B2,ox5000,149
curious_adjective,curious,,,adjective,B2,ox5000,150
curriculum_noun,curriculum,,,noun,B2,ox5000,151
cute_adjective,cute,,,adjective,B2,ox5000,152
dairy_noun,dairy,,,noun,B2,ox5000,153
dairy_adjective,dairy,,,adjective,B2,ox5000,154
dare_verb,dare,,,verb,B2,ox5000,155
darkness_noun,darkness,,,noun,B2,ox5000,156
database_noun,database,,,noun,B2,ox5000,157
deadline_noun,deadline,,,noun,B2,ox5000,158
deadly_adjective,deadly,,,adjective,B2,ox5000,159
dealer_noun,dealer,,,noun,B2,ox5000,160
deck_noun,deck,,,noun,B2,ox5000,161
defender_noun,defender,,,noun,B2,ox5000,162
delete_verb,delete,,,verb,B2,ox5000,163
democracy_noun,democracy,,,noun,B2,ox5000,164
democratic_adjective,democratic,,,adjective,B2,ox5000,165
demonstration_noun,demonstration,,,noun,B2,ox5000,166
depart_verb,depart,,,verb,B2,ox5000,167
dependent_adjective,dependent,,,adjective,B2,ox5000,168
deposit_noun,deposit,,,noun,B2,ox5000,169
depression_noun,depression,,,noun,B2,ox5000,170
derive_verb,derive,,,verb,B2,ox5000,171
desperately_adverb,desperately,,,adverb,B2,ox5000,172
destruction_noun,destruction,,,noun,B2,ox5000,173
determination_noun,determination,,,noun,B2,ox5000,174
devote_verb,devote,,,verb,B2,ox5000,175
diabetes_noun,diabetes,,,noun,B2,ox5000,176
differ_verb,differ,,,verb,B2,ox5000,177
disability_noun,disability,,,noun,B2,ox5000,178
disabled_adjective,disabled,,,adjective,B2,ox5000,179
disagreement_noun,disagreement,,,noun,B2,ox5000,180
disappoint_verb,disappoint,,,verb,B2,ox5000,181
disappointment_noun,disappointment,,,noun,B2,ox5000,182
discourage_verb,discourage,,,verb,B2,ox5000,183
disorder_noun,disorder,,,noun,B2,ox5000,184
distant_adjective,distant,,,adjective,B2,ox5000,185
distinct_adjective,distinct,,,adjective,B2,ox5000,186
distinguish_verb,distinguish,,,verb,B2,ox5000,187
distract_verb,distract,,,verb,B2,ox5000,188
disturb_verb,disturb,,,verb,B2,ox5000,189
dive_verb,dive,,,verb,B2,ox5000,190
dive_noun,dive,,,noun,B2,ox5000,191
diverse_adjective,diverse,,,adjective,B2,ox5000,192
diversity_noun,diversity,,,noun,B2,ox5000,193
divorce_noun,divorce,,,noun,B2,ox5000,194
divorce_verb,divorce,,,verb,B2,ox5000,195
dominant_adjective,dominant,,,adjective,B2,ox5000,196
donation_noun,donation,,,noun,B2,ox5000,197
dot_noun,dot,,,noun,B2,ox5000,198
downtown_noun,downtown,,,noun,B2,ox5000,199
downtown_adjective,downtown,,,adjective,B2,ox5000,200
downtown_adverb,downtown,,,adverb,B2,ox5000,201
dramatically_adverb,dramatically,,,adverb,B2,ox5000,202
drought_noun,drought,,,noun,B2,ox5000,203
dull_adjective,dull,,,adjective,B2,ox5000,204
dump_verb,dump,,,verb,B2,ox5000,205
duration_noun,duration,,,noun,B2,ox5000,206
dynamic_adjective,dynamic,,,adjective,B2,ox5000,207
economics_noun,economics,,,noun,B2,ox5000,208
economist_noun,economist,,,noun,B2,ox5000,209
ecosystem_noun,ecosystem,,,noun,B2,ox5000,210
editorial_adjective,editorial,,,adjective,B2,ox5000,211
efficiently_adverb,efficiently,,,adverb,B2,ox5000,212
elbow_noun,elbow,,,noun,B2,ox5000,213
electronics_noun,electronics,,,noun,B2,ox5000,214
elegant_adjective,elegant,,,adjective,B2,ox5000,215
elementary_adjective,elementary,,,adjective,B2,ox5000,216
eliminate_verb,eliminate,,,verb,B2,ox5000,217
embrace_verb,embrace,,,verb,B2,ox5000,218
emission_noun,emission,,,noun,B2,ox5000,219
empire_noun,empire,,,noun,B2,ox5000,220
enjoyable_adjective,enjoyable,,,adjective,B2,ox5000,221
entertaining_adjective,entertaining,,,adjective,B2,ox5000,222
entrepreneur_noun,entrepreneur,,,noun,B2,ox5000,223
envelope_noun,envelope,,,noun,B2,ox5000,224
equip_verb,equip,,,verb,B2,ox5000,225
equivalent_noun,equivalent,,,noun,B2,ox5000,226
equivalent_adjective,equivalent,,,adjective,B2,ox5000,227
era_noun,era,,,noun,B2,ox5000,228
erupt_verb,erupt,,,verb,B2,ox5000,229
essentially_adverb,essentially,,,adverb,B2,ox5000,230
ethic_noun,ethic,,,noun,B2,ox5000,231
ethnic_adjective,ethnic,,,adjective,B2,ox5000,232
evaluation_noun,evaluation,,,noun,B2,ox5000,233
evident_adjective,evident,,,adjective,B2,ox5000,234
evolution_noun,evolution,,,noun,B2,ox5000,235
evolve_verb,evolve,,,verb,B2,ox5000,236
exceed_verb,exceed,,,verb,B2,ox5000,237
exception_noun,exception,,,noun,B2,ox5000,238
excessive_adjective,excessive,,,adjective,B2,ox5000,239
exclude_verb,exclude,,,verb,B2,ox5000,240
exhibit_verb,exhibit,,,verb,B2,ox5000,241
exhibit_noun,exhibit,,,noun,B2,ox5000,242
exit_noun,exit,,,noun,B2,ox5000,243
exotic_adjective,exotic,,,adjective,B2,ox5000,244
expansion_noun,expansion,,,noun,B2,ox5000,245
expertise_noun,expertise,,,noun,B2,ox5000,246
exploit_verb,exploit,,,verb,B2,ox5000,247
exposure_noun,exposure,,,noun,B2,ox5000,248
extension_noun,extension,,,noun,B2,ox5000,249
extensive_adjective,extensive,,,adjective,B2,ox5000,250
extract_noun,extract,,,noun,B2,ox5000,251
fabric_noun,fabric,,,noun,B2,ox5000,252
fabulous_adjective,fabulous,,,adjective,B2,ox5000,253
fake_adjective,fake,,,adjective,B2,ox5000,254
fame_noun,fame,,,noun,B2,ox5000,255
fantasy_noun,fantasy,,,noun,B2,ox5000,256
fare_noun,fare,,,noun,B2,ox5000,257
federal_adjective,federal,,,adjective,B2,ox5000,258
fever_noun,fever,,,noun,B2,ox5000,259
firefighter_noun,firefighter,,,noun,B2,ox5000,260
firework_noun,firework,,,noun,B2,ox5000,261
firm_adjective,firm,,,adjective,B2,ox5000,262
firmly_adverb,firmly,,,adverb,B2,ox5000,263
flavour_noun,flavour,,,noun,B2,ox5000,264
follower_noun,follower,,,noun,B2,ox5000,265
fond_adjective,fond,,,adjective,B2,ox5000,266
fool_noun,fool,,,noun,B2,ox5000,267
footprint_noun,footprint,,,noun,B2,ox5000,268
forbid_verb,forbid,,,verb,B2,ox5000,269
forecast_noun,forecast,,,noun,B2,ox5000,270
forecast_verb,forecast,,,verb,B2,ox5000,271
format_noun,format,,,noun,B2,ox5000,272
formation_noun,formation,,,noun,B2,ox5000,273
formerly_adverb,formerly,,,adverb,B2,ox5000,274
fortunate_adjective,fortunate,,,adjective,B2,ox5000,275
forum_noun,forum,,,noun,B2,ox5000,276
fossil_noun,fossil,,,noun,B2,ox5000,277
foundation_noun,foundation,,,noun,B2,ox5000,278
founder_noun,founder,,,noun,B2,ox5000,279
fraction_noun,fraction,,,noun,B2,ox5000,280
fragment_noun,fragment,,,noun,B2,ox5000,281
framework_noun,framework,,,noun,B2,ox5000,282
fraud_noun,fraud,,,noun,B2,ox5000,283
frequent_adjective,frequent,,,adjective,B2,ox5000,284
fulfil_verb,fulfil,,,verb,B2,ox5000,285
full-time_adjective,full-time,,,adjective,B2,ox5000,286
full-time_adverb,full-time,,,adverb,B2,ox5000,287
furious_adjective,furious,,,adjective,B2,ox5000,288
gaming_noun,gaming,,,noun,B2,ox5000,289
gay_adjective,gay,,,adjective,B2,ox5000,290
gene_noun,gene,,,noun,B2,ox5000,291
genetic_adjective,genetic,,,adjective,B2,ox5000,292
genius_noun,genius,,,noun,B2,ox5000,293
genuine_adjective,genuine,,,adjective,B2,ox5000,294
genuinely_adverb,genuinely,,,adverb,B2,ox5000,295
gesture_noun,gesture,,,noun,B2,ox5000,296
globalization_noun,globalization,,,noun,B2,ox5000,297
globe_noun,globe,,,noun,B2,ox5000,298
golden_adjective,golden,,,adjective,B2,ox5000,299
goodness_noun,goodness,,,noun,B2,ox5000,300
gorgeous_adjective,gorgeous,,,adjective,B2,ox5000,301
governor_noun,governor,,,noun,B2,ox5000,302
graphic_adjective,graphic,,,adjective,B2,ox5000,303
graphics_noun,graphics,,,noun,B2,ox5000,304
greatly_adverb,greatly,,,adverb,B2,ox5000,305
greenhouse_noun,greenhouse,,,noun,B2,ox5000,306
grocery_noun,grocery,,,noun,B2,ox5000,307
guideline_noun,guideline,,,noun,B2,ox5000,308
habitat_noun,habitat,,,noun,B2,ox5000,309
harbour_noun,harbour,,,noun,B2,ox5000,310
headquarters_noun,headquarters,,,noun,B2,ox5000,311
heal_verb,heal,,,verb,B2,ox5000,312
healthcare_noun,healthcare,,,noun,B2,ox5000,313
helmet_noun,helmet,,,noun,B2,ox5000,314
hence_adverb,hence,,,adverb,B2,ox5000,315
herb_noun,herb,,,noun,B2,ox5000,316
hidden_adjective,hidden,,,adjective,B2,ox5000,317
highway_noun,highway,,,noun,B2,ox5000,318
hilarious_adjective,hilarious,,,adjective,B2,ox5000,319
hip_noun,hip,,,noun,B2,ox5000,320
historian_noun,historian,,,noun,B2,ox5000,321
homeless_adjective,homeless,,,adjective,B2,ox5000,322
honesty_noun,honesty,,,noun,B2,ox5000,323
hook_noun,hook,,,noun,B2,ox5000,324
hopefully_adverb,hopefully,,,adverb,B2,ox5000,325
hug_verb,hug,,,verb,B2,ox5000,326
hug_noun,hug,,,noun,B2,ox5000,327
hunger_noun,hunger,,,noun,B2,ox5000,328
hypothesis_noun,hypothesis,,,noun,B2,ox5000,329
icon_noun,icon,,,noun,B2,ox5000,330
identical_adjective,identical,,,adjective,B2,ox5000,331
illusion_noun,illusion,,,noun,B2,ox5000,332
immigration_noun,immigration,,,noun,B2,ox5000,333
immune_adjective,immune,,,adjective,B2,ox5000,334
implement_verb,implement,,,verb,B2,ox5000,335
implication_noun,implication,,,noun,B2,ox5000,336
incentive_noun,incentive,,,noun,B2,ox5000,337
incorporate_verb,incorporate,,,verb,B2,ox5000,338
incorrect_adjective,incorrect,,,adjective,B2,ox5000,339
independence_noun,independence,,,noun,B2,ox5000,340
index_noun,index,,,noun,B2,ox5000,341
indication_noun,indication,,,noun,B2,ox5000,342
inevitable_adjective,inevitable,,,adjective,B2,ox5000,343
infer_verb,infer,,,verb,B2,ox5000,344
inflation_noun,inflation,,,noun,B2,ox5000,345
info_noun,info,,,noun,B2,ox5000,346
infrastructure_noun,infrastructure,,,noun,B2,ox5000,347
inhabitant_noun,inhabitant,,,noun,B2,ox5000,348
inherit_verb,inherit,,,verb,B2,ox5000,349
ink_noun,ink,,,noun,B2,ox5000,350
innovation_noun,innovation,,,noun,B2,ox5000,351
innovative_adjective,innovative,,,adjective,B2,ox5000,352
input_noun,input,,,noun,B2,ox5000,353
insert_verb,insert,,,verb,B2,ox5000,354
inspector_noun,inspector,,,noun,B2,ox5000,355
installation_noun,installation,,,noun,B2,ox5000,356
instant_adjective,instant,,,adjective,B2,ox5000,357
instantly_adverb,instantly,,,adverb,B2,ox5000,358
integrate_verb,integrate,,,verb,B2,ox5000,359
intellectual_adjective,intellectual,,,adjective,B2,ox5000,360
interact_verb,interact,,,verb,B2,ox5000,361
interaction_noun,interaction,,,noun,B2,ox5000,362
interpretation_noun,interpretation,,,noun,B2,ox5000,363
interval_noun,interval,,,noun,B2,ox5000,364
invade_verb,invade,,,verb,B2,ox5000,365
invasion_noun,invasion,,,noun,B2,ox5000,366
investor_noun,investor,,,noun,B2,ox5000,367
isolate_verb,isolate,,,verb,B2,ox5000,368
isolated_adjective,isolated,,,adjective,B2,ox5000,369
jail_noun,jail,,,noun,B2,ox5000,370
jail_verb,jail,,,verb,B2,ox5000,371
jet_noun,jet,,,noun,B2,ox5000,372
journalism_noun,journalism,,,noun,B2,ox5000,373
jury_noun,jury,,,noun,B2,ox5000,374
kit_noun,kit,,,noun,B2,ox5000,375
ladder_noun,ladder,,,noun,B2,ox5000,376
landing_noun,landing,,,noun,B2,ox5000,377
lane_noun,lane,,,noun,B2,ox5000,378
lately_adverb,lately,,,adverb,B2,ox5000,379
legend_noun,legend,,,noun,B2,ox5000,380
lens_noun,lens,,,noun,B2,ox5000,381
lifetime_noun,lifetime,,,noun,B2,ox5000,382
lighting_noun,lighting,,,noun,B2,ox5000,383
likewise_adverb,likewise,,,adverb,B2,ox5000,384
limitation_noun,limitation,,,noun,B2,ox5000,385
literally_adverb,literally,,,adverb,B2,ox5000,386
literary_adjective,literary,,,adjective,B2,ox5000,387
litre_noun,litre,,,noun,B2,ox5000,388
litter_noun,litter,,,noun,B2,ox5000,389
logo_noun,logo,,,noun,B2,ox5000,390
lottery_noun,lottery,,,noun,B2,ox5000,391
loyal_adjective,loyal,,,adjective,B2,ox5000,392
lyric_noun,lyric,,,noun,B2,ox5000,393
magnificent_adjective,magnificent,,,adjective,B2,ox5000,394
make-up_noun,make-up,,,noun,B2,ox5000,395
making_noun,making,,,noun,B2,ox5000,396
manufacture_verb,manufacture,,,verb,B2,ox5000,397
manufacturing_noun,manufacturing,,,noun,B2,ox5000,398
marathon_noun,marathon,,,noun,B2,ox5000,399
margin_noun,margin,,,noun,B2,ox5000,400
marker_noun,marker,,,noun,B2,ox5000,401
mate_noun,mate,,,noun,B2,ox5000,402
mate_verb,mate,,,verb,B2,ox5000,403
mayor_noun,mayor,,,noun,B2,ox5000,404
mechanic_noun,mechanic,,,noun,B2,ox5000,405
mechanical_adjective,mechanical,,,adjective,B2,ox5000,406
mechanism_noun,mechanism,,,noun,B2,ox5000,407
medal_noun,medal,,,noun,B2,ox5000,408
medication_noun,medication,,,noun,B2,ox5000,409
membership_noun,membership,,,noun,B2,ox5000,410
memorable_adjective,memorable,,,adjective,B2,ox5000,411
metaphor_noun,metaphor,,,noun,B2,ox5000,412
miner_noun,miner,,,noun,B2,ox5000,413
miserable_adjective,miserable,,,adjective,B2,ox5000,414
mode_noun,mode,,,noun,B2,ox5000,415
modest_adjective,modest,,,adjective,B2,ox5000,416
monster_noun,monster,,,noun,B2,ox5000,417
monthly_adjective,monthly,,,adjective,B2,ox5000,418
monument_noun,monument,,,noun,B2,ox5000,419
moreover_adverb,moreover,,,adverb,B2,ox5000,420
mortgage_noun,mortgage,,,noun,B2,ox5000,421
mosque_noun,mosque,,,noun,B2,ox5000,422
motion_noun,motion,,,noun,B2,ox5000,423
motivate_verb,motivate,,,verb,B2,ox5000,424
motivation_noun,motivation,,,noun,B2,ox5000,425
moving_adjective,moving,,,adjective,B2,ox5000,426
myth_noun,myth,,,noun,B2,ox5000,427
naked_adjective,naked,,,adjective,B2,ox5000,428
nasty_adjective,nasty,,,adjective,B2,ox5000,429
navigate_verb,navigate,,,verb,B2,ox5000,430
navigation_noun,navigation,,,noun,B2,ox5000,431
nearby_adjective,nearby,,,adjective,B2,ox5000,432
nearby_adverb,nearby,,,adverb,B2,ox5000,433
necessity_noun,necessity,,,noun,B2,ox5000,434
negotiate_verb,negotiate,,,verb,B2,ox5000,435
negotiation_noun,negotiation,,,noun,B2,ox5000,436
neutral_adjective,neutral,,,adjective,B2,ox5000,437
newly_adverb,newly,,,adverb,B2,ox5000,438
norm_noun,norm,,,noun,B2,ox5000,439
notebook_noun,notebook,,,noun,B2,ox5000,440
novelist_noun,novelist,,,noun,B2,ox5000,441
nowadays_adverb,nowadays,,,adverb,B2,ox5000,442
nursing_adjective,nursing,,,adjective,B2,ox5000,443
nutrition_noun,nutrition,,,noun,B2,ox5000,444
obesity_noun,obesity,,,noun,B2,ox5000,445
observer_noun,observer,,,noun,B2,ox5000,446
obstacle_noun,obstacle,,,noun,B2,ox5000,447
occupation_noun,occupation,,,noun,B2,ox5000,448
occupy_verb,occupy,,,verb,B2,ox5000,449
offender_noun,offender,,,noun,B2,ox5000,450
ongoing_adjective,ongoing,,,adjective,B2,ox5000,451
openly_adverb,openly,,,adverb,B2,ox5000,452
opera_noun,opera,,,noun,B2,ox5000,453
operator_noun,operator,,,noun,B2,ox5000,454
optimistic_adjective,optimistic,,,adjective,B2,ox5000,455
orchestra_noun,orchestra,,,noun,B2,ox5000,456
organic_adjective,organic,,,adjective,B2,ox5000,457
outfit_noun,outfit,,,noun,B2,ox5000,458
output_noun,output,,,noun,B2,ox5000,459
outstanding_adjective,outstanding,,,adjective,B2,ox5000,460
overcome_verb,overcome,,,verb,B2,ox5000,461
overnight_adverb,overnight,,,adverb,B2,ox5000,462
overseas_adverb,overseas,,,adverb,B2,ox5000,463
overseas_adjective,overseas,,,adjective,B2,ox5000,464
ownership_noun,ownership,,,noun,B2,ox5000,465
oxygen_noun,oxygen,,,noun,B2,ox5000,466
packet_noun,packet,,,noun,B2,ox5000,467
palm_noun,palm,,,noun,B2,ox5000,468
pandemic_noun,pandemic,,,noun,B2,ox5000,469
pandemic_adjective,pandemic,,,adjective,B2,ox5000,470
panic_noun,panic,,,noun,B2,ox5000,471
parade_noun,parade,,,noun,B2,ox5000,472
parallel_adjective,parallel,,,adjective,B2,ox5000,473
parallel_noun,parallel,,,noun,B2,ox5000,474
participation_noun,participation,,,noun,B2,ox5000,475
partnership_noun,partnership,,,noun,B2,ox5000,476
part-time_adjective,part-time,,,adjective,B2,ox5000,477
part-time_adverb,part-time,,,adverb,B2,ox5000,478
passionate_adjective,passionate,,,adjective,B2,ox5000,479
password_noun,password,,,noun,B2,ox5000,480
patience_noun,patience,,,noun,B2,ox5000,481
pause_verb,pause,,,verb,B2,ox5000,482
peer_noun,peer,,,noun,B2,ox5000,483
penalty_noun,penalty,,,noun,B2,ox5000,484
perceive_verb,perceive,,,verb,B2,ox5000,485
perception_noun,perception,,,noun,B2,ox5000,486
permanently_adverb,permanently,,,adverb,B2,ox5000,487
pharmacy_noun,pharmacy,,,noun,B2,ox5000,488
pill_noun,pill,,,noun,B2,ox5000,489
pity_noun,pity,,,noun,B2,ox5000,490
placement_noun,placement,,,noun,B2,ox5000,491
portion_noun,portion,,,noun,B2,ox5000,492
potentially_adverb,potentially,,,adverb,B2,ox5000,493
precede_verb,precede,,,verb,B2,ox5000,494
precious_adjective,precious,,,adjective,B2,ox5000,495
precise_adjective,precise,,,adjective,B2,ox5000,496
precisely_adverb,precisely,,,adverb,B2,ox5000,497
predictable_adjective,predictable,,,adjective,B2,ox5000,498
preference_noun,preference,,,noun,B2,ox5000,499
preview_noun,preview,,,noun,B2,ox5000,500
preview_verb,preview,,,verb,B2,ox5000,501
pride_noun,pride,,,noun,B2,ox5000,502
primarily_adverb,primarily,,,adverb,B2,ox5000,503
principal_adjective,principal,,,adjective,B2,ox5000,504
prior_adjective,prior,,,adjective,B2,ox5000,505
probability_noun,probability,,,noun,B2,ox5000,506
probable_adjective,probable,,,adjective,B2,ox5000,507
proceed_verb,proceed,,,verb,B2,ox5000,508
programming_noun,programming,,,noun,B2,ox5000,509
progressive_adjective,progressive,,,adjective,B2,ox5000,510
prohibit_verb,prohibit,,,verb,B2,ox5000,511
promising_adjective,promising,,,adjective,B2,ox5000,512
promotion_noun,promotion,,,noun,B2,ox5000,513
prompt_verb,prompt,,,verb,B2,ox5000,514
proportion_noun,proportion,,,noun,B2,ox5000,515
protein_noun,protein,,,noun,B2,ox5000,516
protester_noun,protester,,,noun,B2,ox5000,517
psychological_adjective,psychological,,,adjective,B2,ox5000,518
publicity_noun,publicity,,,noun,B2,ox5000,519
publishing_noun,publishing,,,noun,B2,ox5000,520
punk_noun,punk,,,noun,B2,ox5000,521
pursuit_noun,pursuit,,,noun,B2,ox5000,522
puzzle_noun,puzzle,,,noun,B2,ox5000,523
questionnaire_noun,questionnaire,,,noun,B2,ox5000,524
racial_adjective,racial,,,adjective,B2,ox5000,525
racism_noun,racism,,,noun,B2,ox5000,526
racist_adjective,racist,,,adjective,B2,ox5000,527
racist_noun,racist,,,noun,B2,ox5000,528
radiation_noun,radiation,,,noun,B2,ox5000,529
rail_noun,rail,,,noun,B2,ox5000,530
random_adjective,random,,,adjective,B2,ox5000,531
rat_noun,rat,,,noun,B2,ox5000,532
rating_noun,rating,,,noun,B2,ox5000,533
reasonably_adverb,reasonably,,,adverb,B2,ox5000,534
rebuild_verb,rebuild,,,verb,B2,ox5000,535
receiver_noun,receiver,,,noun,B2,ox5000,536
recession_noun,recession,,,noun,B2,ox5000,537
reckon_verb,reckon,,,verb,B2,ox5000,538
recognition_noun,recognition,,,noun,B2,ox5000,539
recovery_noun,recovery,,,noun,B2,ox5000,540
recruit_verb,recruit,,,verb,B2,ox5000,541
recruitment_noun,recruitment,,,noun,B2,ox5000,542
referee_noun,referee,,,noun,B2,ox5000,543
refugee_noun,refugee,,,noun,B2,ox5000,544
refund_noun,refund,,,noun,B2,ox5000,545
refund_verb,refund,,,verb,B2,ox5000,546
registration_noun,registration,,,noun,B2,ox5000,547
regulate_verb,regulate,,,verb,B2,ox5000,548
reinforce_verb,reinforce,,,verb,B2,ox5000,549
relieve_verb,relieve,,,verb,B2,ox5000,550
relieved_adjective,relieved,,,adjective,B2,ox5000,551
remarkable_adjective,remarkable,,,adjective,B2,ox5000,552
reporting_noun,reporting,,,noun,B2,ox5000,553
resign_verb,resign,,,verb,B2,ox5000,554
resolution_noun,resolution,,,noun,B2,ox5000,555
restore_verb,restore,,,verb,B2,ox5000,556
restrict_verb,restrict,,,verb,B2,ox5000,557
restriction_noun,restriction,,,noun,B2,ox5000,558
retail_noun,retail,,,noun,B2,ox5000,559
retirement_noun,retirement,,,noun,B2,ox5000,560
revenue_noun,revenue,,,noun,B2,ox5000,561
revision_noun,revision,,,noun,B2,ox5000,562
ridiculous_adjective,ridiculous,,,adjective,B2,ox5000,563
risky_adjective,risky,,,adjective,B2,ox5000,564
rival_noun,rival,,,noun,B2,ox5000,565
rival_adjective,rival,,,adjective,B2,ox5000,566
rob_verb,rob,,,verb,B2,ox5000,567
robbery_noun,robbery,,,noun,B2,ox5000,568
rocket_noun,rocket,,,noun,B2,ox5000,569
romance_noun,romance,,,noun,B2,ox5000,570
rose_noun,rose,,,noun,B2,ox5000,571
roughly_adverb,roughly,,,adverb,B2,ox5000,572
ruin_verb,ruin,,,verb,B2,ox5000,573
ruin_noun,ruin,,,noun,B2,ox5000,574
satisfaction_noun,satisfaction,,,noun,B2,ox5000,575
scandal_noun,scandal,,,noun,B2,ox5000,576
scare_verb,scare,,,verb,B2,ox5000,577
scenario_noun,scenario,,,noun,B2,ox5000,578
scholar_noun,scholar,,,noun,B2,ox5000,579
scholarship_noun,scholarship,,,noun,B2,ox5000,580
scratch_verb,scratch,,,verb,B2,ox5000,581
screening_noun,screening,,,noun,B2,ox5000,582
seeker_noun,seeker,,,noun,B2,ox5000,583
seminar_noun,seminar,,,noun,B2,ox5000,584
sensor_noun,sensor,,,noun,B2,ox5000,585
settler_noun,settler,,,noun,B2,ox5000,586
severely_adverb,severely,,,adverb,B2,ox5000,587
sexy_adjective,sexy,,,adjective,B2,ox5000,588
shaped_adjective,shaped,,,adjective,B2,ox5000,589
shocking_adjective,shocking,,,adjective,B2,ox5000,590
shore_noun,shore,,,noun,B2,ox5000,591
shortage_noun,shortage,,,noun,B2,ox5000,592
shortly_adverb,shortly,,,adverb,B2,ox5000,593
short-term_adjective,short-term,,,adjective,B2,ox5000,594
sibling_noun,sibling,,,noun,B2,ox5000,595
signature_noun,signature,,,noun,B2,ox5000,596
significance_noun,significance,,,noun,B2,ox5000,597
skilled_adjective,skilled,,,adjective,B2,ox5000,598
skull_noun,skull,,,noun,B2,ox5000,599
slogan_noun,slogan,,,noun,B2,ox5000,600
so-called_adjective,so-called,,,adjective,B2,ox5000,601
somehow_adverb,somehow,,,adverb,B2,ox5000,602
sometime_adverb,sometime,,,adverb,B2,ox5000,603
sophisticated_adjective,sophisticated,,,adjective,B2,ox5000,604
spare_adjective,spare,,,adjective,B2,ox5000,605
specialize_verb,specialize,,,verb,B2,ox5000,606
specify_verb,specify,,,verb,B2,ox5000,607
spectacular_adjective,spectacular,,,adjective,B2,ox5000,608
spectator_noun,spectator,,,noun,B2,ox5000,609
speculate_verb,speculate,,,verb,B2,ox5000,610
speculation_noun,speculation,,,noun,B2,ox5000,611
spill_verb,spill,,,verb,B2,ox5000,612
spite_noun,spite,,,noun,B2,ox5000,613
spoil_verb,spoil,,,verb,B2,ox5000,614
spokesman_noun,spokesman,,,noun,B2,ox5000,615
spokesperson_noun,spokesperson,,,noun,B2,ox5000,616
spokeswoman_noun,spokeswoman,,,noun,B2,ox5000,617
sponsorship_noun,sponsorship,,,noun,B2,ox5000,618
sporting_adjective,sporting,,,adjective,B2,ox5000,619
stall_noun,stall,,,noun,B2,ox5000,620
stance_noun,stance,,,noun,B2,ox5000,621
steadily_adverb,steadily,,,adverb,B2,ox5000,622
steam_noun,steam,,,noun,B2,ox5000,623
stimulate_verb,stimulate,,,verb,B2,ox5000,624
strengthen_verb,strengthen,,,verb,B2,ox5000,625
strictly_adverb,strictly,,,adverb,B2,ox5000,626
stroke_noun,stroke,,,noun,B2,ox5000,627
stunning_adjective,stunning,,,adjective,B2,ox5000,628
subsequent_adjective,subsequent,,,adjective,B2,ox5000,629
subsequently_adverb,subsequently,,,adverb,B2,ox5000,630
suburb_noun,suburb,,,noun,B2,ox5000,631
suffering_noun,suffering,,,noun,B2,ox5000,632
sufficient_adjective,sufficient,,,adjective,B2,ox5000,633
super_adjective,super,,,adjective,B2,ox5000,634
surgeon_noun,surgeon,,,noun,B2,ox5000,635
survival_noun,survival,,,noun,B2,ox5000,636
survivor_noun,survivor,,,noun,B2,ox5000,637
suspend_verb,suspend,,,verb,B2,ox5000,638
sustainable_adjective,sustainable,,,adjective,B2,ox5000,639
swallow_verb,swallow,,,verb,B2,ox5000,640
sympathetic_adjective,sympathetic,,,adjective,B2,ox5000,641
tackle_verb,tackle,,,verb,B2,ox5000,642
tag_noun,tag,,,noun,B2,ox5000,643
tap_verb,tap,,,verb,B2,ox5000,644
tap_noun,tap,,,noun,B2,ox5000,645
tattoo_noun,tattoo,,,noun,B2,ox5000,646
tattoo_verb,tattoo,,,verb,B2,ox5000,647
tease_verb,tease,,,verb,B2,ox5000,648
technological_adjective,technological,,,adjective,B2,ox5000,649
teens_noun,teens,,,noun,B2,ox5000,650
temple_noun,temple,,,noun,B2,ox5000,651
temporarily_adverb,temporarily,,,adverb,B2,ox5000,652
tendency_noun,tendency,,,noun,B2,ox5000,653
tension_noun,tension,,,noun,B2,ox5000,654
terminal_noun,terminal,,,noun,B2,ox5000,655
terms_noun,terms,,,noun,B2,ox5000,656
terribly_adverb,terribly,,,adverb,B2,ox5000,657
terrify_verb,terrify,,,verb,B2,ox5000,658
territory_noun,territory,,,noun,B2,ox5000,659
terror_noun,terror,,,noun,B2,ox5000,660
terrorism_noun,terrorism,,,noun,B2,ox5000,661
terrorist_noun,terrorist,,,noun,B2,ox5000,662
testing_noun,testing,,,noun,B2,ox5000,663
textbook_noun,textbook,,,noun,B2,ox5000,664
theft_noun,theft,,,noun,B2,ox5000,665
therapist_noun,therapist,,,noun,B2,ox5000,666
thesis_noun,thesis,,,noun,B2,ox5000,667
thorough_adjective,thorough,,,adjective,B2,ox5000,668
thoroughly_adverb,thoroughly,,,adverb,B2,ox5000,669
thumb_noun,thumb,,,noun,B2,ox5000,670
timeline_noun,timeline,,,noun,B2,ox5000,671
timing_noun,timing,,,noun,B2,ox5000,672
tissue_noun,tissue,,,noun,B2,ox5000,673
ton_noun,ton,,,noun,B2,ox5000,674
tonne_noun,tonne,,,noun,B2,ox5000,675
tournament_noun,tournament,,,noun,B2,ox5000,676
trace_verb,trace,,,verb,B2,ox5000,677
trading_noun,trading,,,noun,B2,ox5000,678
tragedy_noun,tragedy,,,noun,B2,ox5000,679
tragic_adjective,tragic,,,adjective,B2,ox5000,680
trait_noun,trait,,,noun,B2,ox5000,681
transmit_verb,transmit,,,verb,B2,ox5000,682
transportation_noun,transportation,,,noun,B2,ox5000,683
trap_verb,trap,,,verb,B2,ox5000,684
trap_noun,trap,,,noun,B2,ox5000,685
treasure_noun,treasure,,,noun,B2,ox5000,686
tribe_noun,tribe,,,noun,B2,ox5000,687
trigger_verb,trigger,,,verb,B2,ox5000,688
trillion_number,trillion,,,number,B2,ox5000,689
troop_noun,troop,,,noun,B2,ox5000,690
tsunami_noun,tsunami,,,noun,B2,ox5000,691
ultimate_adjective,ultimate,,,adjective,B2,ox5000,692
unacceptable_adjective,unacceptable,,,adjective,B2,ox5000,693
uncertainty_noun,uncertainty,,,noun,B2,ox5000,694
undergo_verb,undergo,,,verb,B2,ox5000,695
undertake_verb,undertake,,,verb,B2,ox5000,696
unfold_verb,unfold,,,verb,B2,ox5000,697
unfortunate_adjective,unfortunate,,,adjective,B2,ox5000,698
unite_verb,unite,,,verb,B2,ox5000,699
unity_noun,unity,,,noun,B2,ox5000,700
universal_adjective,universal,,,adjective,B2,ox5000,701
urgent_adjective,urgent,,,adjective,B2,ox5000,702
usage_noun,usage,,,noun,B2,ox5000,703
useless_adjective,useless,,,adjective,B2,ox5000,704
vaccinate_verb,vaccinate,,,verb,B2,ox5000,705
vaccination_noun,vaccination,,,noun,B2,ox5000,706
valid_adjective,valid,,,adjective,B2,ox5000,707
variation_noun,variation,,,noun,B2,ox5000,708
vertical_adjective,vertical,,,adjective,B2,ox5000,709
viewpoint_noun,viewpoint,,,noun,B2,ox5000,710
villain_noun,villain,,,noun,B2,ox5000,711
visa_noun,visa,,,noun,B2,ox5000,712
visible_adjective,visible,,,adjective,B2,ox5000,713
voluntary_adjective,voluntary,,,adjective,B2,ox5000,714
voting_noun,voting,,,noun,B2,ox5000,715
wander_verb,wander,,,verb,B2,ox5000,716
warming_noun,warming,,,noun,B2,ox5000,717
weekly_adjective,weekly,,,adjective,B2,ox5000,718
weird_adjective,weird,,,adjective,B2,ox5000,719
welfare_noun,welfare,,,noun,B2,ox5000,720
wheat_noun,wheat,,,noun,B2,ox5000,721
whilst_conjunction,whilst,,,conjunction,B2,ox5000,722
whoever_pronoun,whoever,,,pronoun,B2,ox5000,723
widespread_adjective,widespread,,,adjective,B2,ox5000,724
wisdom_noun,wisdom,,,noun,B2,ox5000,725
withdraw_verb,withdraw,,,verb,B2,ox5000,726
workforce_noun,workforce,,,noun,B2,ox5000,727
workplace_noun,workplace,,,noun,B2,ox5000,728
workshop_noun,workshop,,,noun,B2,ox5000,729
worm_noun,worm,,,noun,B2,ox5000,730
wrist_noun,wrist,,,noun,B2,ox5000,731
abolish_verb,abolish,,,verb,C1,ox5000,732
abortion_noun,abortion,,,noun,C1,ox5000,733
absence_noun,absence,,,noun,C1,ox5000,734
absent_adjective,absent,,,adjective,C1,ox5000,735
absurd_adjective,absurd,,,adjective,C1,ox5000,736
abundance_noun,abundance,,,noun,C1,ox5000,737
abuse_noun,abuse,,,noun,C1,ox5000,738
abuse_verb,abuse,,,verb,C1,ox5000,739
academy_noun,academy,,,noun,C1,ox5000,740
accelerate_verb,accelerate,,,verb,C1,ox5000,741
acceptance_noun,acceptance,,,noun,C1,ox5000,742
accessible_adjective,accessible,,,adjective,C1,ox5000,743
accessory_noun,accessory,,,noun,C1,ox5000,744
accomplishment_noun,accomplishment,,,noun,C1,ox5000,745
accordance_noun,accordance,,,noun,C1,ox5000,746
accordingly_adverb,accordingly,,,adverb,C1,ox5000,747
accountability_noun,accountability,,,noun,C1,ox5000,748
accountable_adjective,accountable,,,adjective,C1,ox5000,749
accumulate_verb,accumulate,,,verb,C1,ox5000,750
accumulation_noun,accumulation,,,noun,C1,ox5000,751
accusation_noun,accusation,,,noun,C1,ox5000,752
accused_noun,accused,,,noun,C1,ox5000,753
acid_adjective,acid,,,adjective,C1,ox5000,754
acquisition_noun,acquisition,,,noun,C1,ox5000,755
acre_noun,acre,,,noun,C1,ox5000,756
activation_noun,activation,,,noun,C1,ox5000,757
activist_noun,activist,,,noun,C1,ox5000,758
acute_adjective,acute,,,adjective,C1,ox5000,759
adaptation_noun,adaptation,,,noun,C1,ox5000,760
adhere_verb,adhere,,,verb,C1,ox5000,761
adjacent_adjective,adjacent,,,adjective,C1,ox5000,762
adjustment_noun,adjustment,,,noun,C1,ox5000,763
administer_verb,administer,,,verb,C1,ox5000,764
administrative_adjective,administrative,,,adjective,C1,ox5000,765
administrator_noun,administrator,,,noun,C1,ox5000,766
admission_noun,admission,,,noun,C1,ox5000,767
adolescent_noun,adolescent,,,noun,C1,ox5000,768
adoption_noun,adoption,,,noun,C1,ox5000,769
adverse_adjective,adverse,,,adjective,C1,ox5000,770
advocate_noun,advocate,,,noun,C1,ox5000,771
advocate_verb,advocate,,,verb,C1,ox5000,772
aesthetic_adjective,aesthetic,,,adjective,C1,ox5000,773
affection_noun,affection,,,noun,C1,ox5000,774
aftermath_noun,aftermath,,,noun,C1,ox5000,775
aggression_noun,aggression,,,noun,C1,ox5000,776
agricultural_adjective,agricultural,,,adjective,C1,ox5000,777
aide_noun,aide,,,noun,C1,ox5000,778
albeit_conjunction,albeit,,,conjunction,C1,ox5000,779
alert_verb,alert,,,verb,C1,ox5000,780
alert_noun,alert,,,noun,C1,ox5000,781
alert_adjective,alert,,,adjective,C1,ox5000,782
algorithm_noun,algorithm,,,noun,C1,ox5000,783
alien_adjective,alien,,,adjective,C1,ox5000,784
align_verb,align,,,verb,C1,ox5000,785
alignment_noun,alignment,,,noun,C1,ox5000,786
alike_adverb,alike,,,adverb,C1,ox5000,787
alike_adjective,alike,,,adjective,C1,ox5000,788
allegation_noun,allegation,,,noun,C1,ox5000,789
allege_verb,allege,,,verb,C1,ox5000,790
allegedly_adverb,allegedly,,,adverb,C1,ox5000,791
alliance_noun,alliance,,,noun,C1,ox5000,792
allocate_verb,allocate,,,verb,C1,ox5000,793
allocation_noun,allocation,,,noun,C1,ox5000,794
allowance_noun,allowance,,,noun,C1,ox5000,795
all-time_adjective,all-time,,,adjective,C1,ox5000,796
ally_noun,ally,,,noun,C1,ox5000,797
alongside_preposition,alongside,,,preposition,C1,ox5000,798
aluminium_noun,aluminium,,,noun,C1,ox5000,799
amateur_adjective,amateur,,,adjective,C1,ox5000,800
amateur_noun,amateur,,,noun,C1,ox5000,801
ambassador_noun,ambassador,,,noun,C1,ox5000,802
amend_verb,amend,,,verb,C1,ox5000,803
amendment_noun,amendment,,,noun,C1,ox5000,804
amid_preposition,amid,,,preposition,C1,ox5000,805
analogy_noun,analogy,,,noun,C1,ox5000,806
analytics_noun,analytics,,,noun,C1,ox5000,807
anchor_noun,anchor,,,noun,C1,ox5000,808
angel_noun,angel,,,noun,C1,ox5000,809
anonymous_adjective,anonymous,,,adjective,C1,ox5000,810
appealing_adjective,appealing,,,adjective,C1,ox5000,811
appetite_noun,appetite,,,noun,C1,ox5000,812
applaud_verb,applaud,,,verb,C1,ox5000,813
applicable_adjective,applicable,,,adjective,C1,ox5000,814
appoint_verb,appoint,,,verb,C1,ox5000,815
appreciation_noun,appreciation,,,noun,C1,ox5000,816
architectural_adjective,architectural,,,adjective,C1,ox5000,817
archive_noun,archive,,,noun,C1,ox5000,818
arena_noun,arena,,,noun,C1,ox5000,819
arguably_adverb,arguably,,,adverb,C1,ox5000,820
arm_verb,arm,,,verb,C1,ox5000,821
array_noun,array,,,noun,C1,ox5000,822
articulate_verb,articulate,,,verb,C1,ox5000,823
ash_noun,ash,,,noun,C1,ox5000,824
aspiration_noun,aspiration,,,noun,C1,ox5000,825
aspire_verb,aspire,,,verb,C1,ox5000,826
assassination_noun,assassination,,,noun,C1,ox5000,827
assault_noun,assault,,,noun,C1,ox5000,828
assault_verb,assault,,,verb,C1,ox5000,829
assemble_verb,assemble,,,verb,C1,ox5000,830
assembly_noun,assembly,,,noun,C1,ox5000,831
assert_verb,assert,,,verb,C1,ox5000,832
assertion_noun,assertion,,,noun,C1,ox5000,833
assurance_noun,assurance,,,noun,C1,ox5000,834
asylum_noun,asylum,,,noun,C1,ox5000,835
attain_verb,attain,,,verb,C1,ox5000,836
attendance_noun,attendance,,,noun,C1,ox5000,837
attorney_noun,attorney,,,noun,C1,ox5000,838
attribute_verb,attribute,,,verb,C1,ox5000,839
attribute_noun,attribute,,,noun,C1,ox5000,840
audit_noun,audit,,,noun,C1,ox5000,841
authentic_adjective,authentic,,,adjective,C1,ox5000,842
authorize_verb,authorize,,,verb,C1,ox5000,843
auto_noun,auto,,,noun,C1,ox5000,844
autonomy_noun,autonomy,,,noun,C1,ox5000,845
availability_noun,availability,,,noun,C1,ox5000,846
await_verb,await,,,verb,C1,ox5000,847
awkward_adjective,awkward,,,adjective,C1,ox5000,848
backdrop_noun,backdrop,,,noun,C1,ox5000,849
backing_noun,backing,,,noun,C1,ox5000,850
backup_noun,backup,,,noun,C1,ox5000,851
bail_noun,bail,,,noun,C1,ox5000,852
ballot_noun,ballot,,,noun,C1,ox5000,853
bang_verb,bang,,,verb,C1,ox5000,854
bang_noun,bang,,,noun,C1,ox5000,855
banner_noun,banner,,,noun,C1,ox5000,856
bare_adjective,bare,,,adjective,C1,ox5000,857
barrel_noun,barrel,,,noun,C1,ox5000,858
bass-1_noun,bass,1,,noun,C1,ox5000,859
bat_verb,bat,,,verb,C1,ox5000,860
battlefield_noun,battlefield,,,noun,C1,ox5000,861
beam_noun,beam,,,noun,C1,ox5000,862
beast_noun,beast,,,noun,C1,ox5000,863
behalf_noun,behalf,,,noun,C1,ox5000,864
beloved_adjective,beloved,,,adjective,C1,ox5000,865
bench_noun,bench,,,noun,C1,ox5000,866
benchmark_noun,benchmark,,,noun,C1,ox5000,867
beneath_preposition,beneath,,,preposition,C1,ox5000,868
beneficiary_noun,beneficiary,,,noun,C1,ox5000,869
betray_verb,betray,,,verb,C1,ox5000,870
bind_verb,bind,,,verb,C1,ox5000,871
biography_noun,biography,,,noun,C1,ox5000,872
bishop_noun,bishop,,,noun,C1,ox5000,873
bizarre_adjective,bizarre,,,adjective,C1,ox5000,874
blade_noun,blade,,,noun,C1,ox5000,875
blast_noun,blast,,,noun,C1,ox5000,876
blast_verb,blast,,,verb,C1,ox5000,877
blaze_noun,blaze,,,noun,C1,ox5000,878
blaze_verb,blaze,,,verb,C1,ox5000,879
bleed_verb,bleed,,,verb,C1,ox5000,880
blend_verb,blend,,,verb,C1,ox5000,881
bless_verb,bless,,,verb,C1,ox5000,882
blessing_noun,blessing,,,noun,C1,ox5000,883
blow_noun,blow,,,noun,C1,ox5000,884
boast_verb,boast,,,verb,C1,ox5000,885
bolster_verb,bolster,,,verb,C1,ox5000,886
bonus_noun,bonus,,,noun,C1,ox5000,887
boom_noun,boom,,,noun,C1,ox5000,888
boost_verb,boost,,,verb,C1,ox5000,889
boost_noun,boost,,,noun,C1,ox5000,890
bounce_verb,bounce,,,verb,C1,ox5000,891
boundary_noun,boundary,,,noun,C1,ox5000,892
bout_noun,bout,,,noun,C1,ox5000,893
bow-1_verb,bow,1,,verb,C1,ox5000,894
bow-1_noun,bow,1,,noun,C1,ox5000,895
breach_noun,breach,,,noun,C1,ox5000,896
breach_verb,breach,,,verb,C1,ox5000,897
breakdown_noun,breakdown,,,noun,C1,ox5000,898
breakthrough_noun,breakthrough,,,noun,C1,ox5000,899
breed_verb,breed,,,verb,C1,ox5000,900
breed_noun,breed,,,noun,C1,ox5000,901
broadband_noun,broadband,,,noun,C1,ox5000,902
browser_noun,browser,,,noun,C1,ox5000,903
brutal_adjective,brutal,,,adjective,C1,ox5000,904
buck_noun,buck,,,noun,C1,ox5000,905
buddy_noun,buddy,,,noun,C1,ox5000,906
buffer_noun,buffer,,,noun,C1,ox5000,907
bulk_noun,bulk,,,noun,C1,ox5000,908
burden_noun,burden,,,noun,C1,ox5000,909
burial_noun,burial,,,noun,C1,ox5000,910
burst_verb,burst,,,verb,C1,ox5000,911
buzz_verb,buzz,,,verb,C1,ox5000,912
buzz_noun,buzz,,,noun,C1,ox5000,913
cabinet_noun,cabinet,,,noun,C1,ox5000,914
calculation_noun,calculation,,,noun,C1,ox5000,915
cancellation_noun,cancellation,,,noun,C1,ox5000,916
canvas_noun,canvas,,,noun,C1,ox5000,917
capability_noun,capability,,,noun,C1,ox5000,918
capitalism_noun,capitalism,,,noun,C1,ox5000,919
capitalist_adjective,capitalist,,,adjective,C1,ox5000,920
cargo_noun,cargo,,,noun,C1,ox5000,921
carriage_noun,carriage,,,noun,C1,ox5000,922
carve_verb,carve,,,verb,C1,ox5000,923
casino_noun,casino,,,noun,C1,ox5000,924
casualty_noun,casualty,,,noun,C1,ox5000,925
catalogue_noun,catalogue,,,noun,C1,ox5000,926
cater_verb,cater,,,verb,C1,ox5000,927
cattle_noun,cattle,,,noun,C1,ox5000,928
caution_noun,caution,,,noun,C1,ox5000,929
cautious_adjective,cautious,,,adjective,C1,ox5000,930
cease_verb,cease,,,verb,C1,ox5000,931
cemetery_noun,cemetery,,,noun,C1,ox5000,932
chamber_noun,chamber,,,noun,C1,ox5000,933
chaos_noun,chaos,,,noun,C1,ox5000,934
characterize_verb,characterize,,,verb,C1,ox5000,935
charm_noun,charm,,,noun,C1,ox5000,936
charming_adjective,charming,,,adjective,C1,ox5000,937
charter_noun,charter,,,noun,C1,ox5000,938
chill_noun,chill,,,noun,C1,ox5000,939
chill_verb,chill,,,verb,C1,ox5000,940
chronic_adjective,chronic,,,adjective,C1,ox5000,941
chunk_noun,chunk,,,noun,C1,ox5000,942
circulate_verb,circulate,,,verb,C1,ox5000,943
circulation_noun,circulation,,,noun,C1,ox5000,944
citizenship_noun,citizenship,,,noun,C1,ox5000,945
civic_adjective,civic,,,adjective,C1,ox5000,946
civilian_noun,civilian,,,noun,C1,ox5000,947
civilian_adjective,civilian,,,adjective,C1,ox5000,948
clarity_noun,clarity,,,noun,C1,ox5000,949
clash_noun,clash,,,noun,C1,ox5000,950
classification_noun,classification,,,noun,C1,ox5000,951
cling_verb,cling,,,verb,C1,ox5000,952
clinical_adjective,clinical,,,adjective,C1,ox5000,953
closure_noun,closure,,,noun,C1,ox5000,954
cluster_noun,cluster,,,noun,C1,ox5000,955
coalition_noun,coalition,,,noun,C1,ox5000,956
coastal_adjective,coastal,,,adjective,C1,ox5000,957
cocktail_noun,cocktail,,,noun,C1,ox5000,958
cognitive_adjective,cognitive,,,adjective,C1,ox5000,959
coincide_verb,coincide,,,verb,C1,ox5000,960
collaborate_verb,collaborate,,,verb,C1,ox5000,961
collaboration_noun,collaboration,,,noun,C1,ox5000,962
collective_adjective,collective,,,adjective,C1,ox5000,963
collision_noun,collision,,,noun,C1,ox5000,964
columnist_noun,columnist,,,noun,C1,ox5000,965
combat_noun,combat,,,noun,C1,ox5000,966
combat_verb,combat,,,verb,C1,ox5000,967
comeback_noun,comeback,,,noun,C1,ox5000,968
commence_verb,commence,,,verb,C1,ox5000,969
commentary_noun,commentary,,,noun,C1,ox5000,970
commentator_noun,commentator,,,noun,C1,ox5000,971
commerce_noun,commerce,,,noun,C1,ox5000,972
commissioner_noun,commissioner,,,noun,C1,ox5000,973
commodity_noun,commodity,,,noun,C1,ox5000,974
communist_adjective,communist,,,adjective,C1,ox5000,975
companion_noun,companion,,,noun,C1,ox5000,976
comparable_adjective,comparable,,,adjective,C1,ox5000,977
compassion_noun,compassion,,,noun,C1,ox5000,978
compel_verb,compel,,,verb,C1,ox5000,979
compelling_adjective,compelling,,,adjective,C1,ox5000,980
compensate_verb,compensate,,,verb,C1,ox5000,981
compensation_noun,compensation,,,noun,C1,ox5000,982
competence_noun,competence,,,noun,C1,ox5000,983
competent_adjective,competent,,,adjective,C1,ox5000,984
compile_verb,compile,,,verb,C1,ox5000,985
complement_verb,complement,,,verb,C1,ox5000,986
complexity_noun,complexity,,,noun,C1,ox5000,987
compliance_noun,compliance,,,noun,C1,ox5000,988
complication_noun,complication,,,noun,C1,ox5000,989
comply_verb,comply,,,verb,C1,ox5000,990
composition_noun,composition,,,noun,C1,ox5000,991
compromise_noun,compromise,,,noun,C1,ox5000,992
compromise_verb,compromise,,,verb,C1,ox5000,993
conceal_verb,conceal,,,verb,C1,ox5000,994
concede_verb,concede,,,verb,C1,ox5000,995
conceive_verb,conceive,,,verb,C1,ox5000,996
concession_noun,concession,,,noun,C1,ox5000,997
condemn_verb,condemn,,,verb,C1,ox5000,998
confess_verb,confess,,,verb,C1,ox5000,999
confession_noun,confession,,,noun,C1,ox5000,1000
configuration_noun,configuration,,,noun,C1,ox5000,1001
confine_verb,confine,,,verb,C1,ox5000,1002
confirmation_noun,confirmation,,,noun,C1,ox5000,1003
confront_verb,confront,,,verb,C1,ox5000,1004
confrontation_noun,confrontation,,,noun,C1,ox5000,1005
congratulate_verb,congratulate,,,verb,C1,ox5000,1006
congregation_noun,congregation,,,noun,C1,ox5000,1007
congressional_adjective,congressional,,,adjective,C1,ox5000,1008
connectivity_noun,connectivity,,,noun,C1,ox5000,1009
conquer_verb,conquer,,,verb,C1,ox5000,1010
conscience_noun,conscience,,,noun,C1,ox5000,1011
consciousness_noun,consciousness,,,noun,C1,ox5000,1012
consecutive_adjective,consecutive,,,adjective,C1,ox5000,1013
consensus_noun,consensus,,,noun,C1,ox5000,1014
consent_noun,consent,,,noun,C1,ox5000,1015
consent_verb,consent,,,verb,C1,ox5000,1016
conserve_verb,conserve,,,verb,C1,ox5000,1017
consistency_noun,consistency,,,noun,C1,ox5000,1018
consolidate_verb,consolidate,,,verb,C1,ox5000,1019
constituency_noun,constituency,,,noun,C1,ox5000,1020
constitute_verb,constitute,,,verb,C1,ox5000,1021
constitution_noun,constitution,,,noun,C1,ox5000,1022
constitutional_adjective,constitutional,,,adjective,C1,ox5000,1023
constraint_noun,constraint,,,noun,C1,ox5000,1024
consultation_noun,consultation,,,noun,C1,ox5000,1025
contemplate_verb,contemplate,,,verb,C1,ox5000,1026
contempt_noun,contempt,,,noun,C1,ox5000,1027
contend_verb,contend,,,verb,C1,ox5000,1028
contender_noun,contender,,,noun,C1,ox5000,1029
content-2_adjective,content,2,,adjective,C1,ox5000,1030
contention_noun,contention,,,noun,C1,ox5000,1031
continually_adverb,continually,,,adverb,C1,ox5000,1032
contractor_noun,contractor,,,noun,C1,ox5000,1033
contrary_adjective,contrary,,,adjective,C1,ox5000,1034
contrary_noun,contrary,,,noun,C1,ox5000,1035
contributor_noun,contributor,,,noun,C1,ox5000,1036
conversion_noun,conversion,,,noun,C1,ox5000,1037
convict_verb,convict,,,verb,C1,ox5000,1038
conviction_noun,conviction,,,noun,C1,ox5000,1039
cooperate_verb,cooperate,,,verb,C1,ox5000,1040
cooperation_noun,cooperation,,,noun,C1,ox5000,1041
cooperative_adjective,cooperative,,,adjective,C1,ox5000,1042
coordinate_verb,coordinate,,,verb,C1,ox5000,1043
coordination_noun,coordination,,,noun,C1,ox5000,1044
coordinator_noun,coordinator,,,noun,C1,ox5000,1045
cop_noun,cop,,,noun,C1,ox5000,1046
copper_noun,copper,,,noun,C1,ox5000,1047
copyright_noun,copyright,,,noun,C1,ox5000,1048
correction_noun,correction,,,noun,C1,ox5000,1049
correlate_verb,correlate,,,verb,C1,ox5000,1050
correlation_noun,correlation,,,noun,C1,ox5000,1051
correspond_verb,correspond,,,verb,C1,ox5000,1052
correspondent_noun,correspondent,,,noun,C1,ox5000,1053
corresponding_adjective,corresponding,,,adjective,C1,ox5000,1054
corrupt_adjective,corrupt,,,adjective,C1,ox5000,1055
corruption_noun,corruption,,,noun,C1,ox5000,1056
costly_adjective,costly,,,adjective,C1,ox5000,1057
councillor_noun,councillor,,,noun,C1,ox5000,1058
counselling_noun,counselling,,,noun,C1,ox5000,1059
counsellor_noun,counsellor,,,noun,C1,ox5000,1060
counter-argue-against_verb,counter,,argue against,verb,C1,ox5000,1061
counterpart_noun,counterpart,,,noun,C1,ox5000,1062
countless_adjective,countless,,,adjective,C1,ox5000,1063
coup_noun,coup,,,noun,C1,ox5000,1064
courtesy_noun,courtesy,,,noun,C1,ox5000,1065
craft_verb,craft,,,verb,C1,ox5000,1066
crawl_verb,crawl,,,verb,C1,ox5000,1067
creator_noun,creator,,,noun,C1,ox5000,1068
credibility_noun,credibility,,,noun,C1,ox5000,1069
credible_adjective,credible,,,adjective,C1,ox5000,1070
creep_verb,creep,,,verb,C1,ox5000,1071
critique_noun,critique,,,noun,C1,ox5000,1072
crown_noun,crown,,,noun,C1,ox5000,1073
crude_adjective,crude,,,adjective,C1,ox5000,1074
crush_verb,crush,,,verb,C1,ox5000,1075
cryptocurrency_noun,cryptocurrency,,,noun,C1,ox5000,1076
crystal_noun,crystal,,,noun,C1,ox5000,1077
cult_noun,cult,,,noun,C1,ox5000,1078
cult_adjective,cult,,,adjective,C1,ox5000,1079
cultivate_verb,cultivate,,,verb,C1,ox5000,1080
curiosity_noun,curiosity,,,noun,C1,ox5000,1081
custody_noun,custody,,,noun,C1,ox5000,1082
dam_noun,dam,,,noun,C1,ox5000,1083
damaging_adjective,damaging,,,adjective,C1,ox5000,1084
dawn_noun,dawn,,,noun,C1,ox5000,1085
debris_noun,debris,,,noun,C1,ox5000,1086
debut_noun,debut,,,noun,C1,ox5000,1087
decision-making_noun,decision-making,,,noun,C1,ox5000,1088
decisive_adjective,decisive,,,adjective,C1,ox5000,1089
declaration_noun,declaration,,,noun,C1,ox5000,1090
dedicated_adjective,dedicated,,,adjective,C1,ox5000,1091
dedication_noun,dedication,,,noun,C1,ox5000,1092
deed_noun,deed,,,noun,C1,ox5000,1093
deem_verb,deem,,,verb,C1,ox5000,1094
default_noun,default,,,noun,C1,ox5000,1095
defect_noun,defect,,,noun,C1,ox5000,1096
defensive_adjective,defensive,,,adjective,C1,ox5000,1097
deficiency_noun,deficiency,,,noun,C1,ox5000,1098
deficit_noun,deficit,,,noun,C1,ox5000,1099
defy_verb,defy,,,verb,C1,ox5000,1100
delegate_noun,delegate,,,noun,C1,ox5000,1101
delegation_noun,delegation,,,noun,C1,ox5000,1102
delicate_adjective,delicate,,,adjective,C1,ox5000,1103
demon_noun,demon,,,noun,C1,ox5000,1104
denial_noun,denial,,,noun,C1,ox5000,1105
denounce_verb,denounce,,,verb,C1,ox5000,1106
dense_adjective,dense,,,adjective,C1,ox5000,1107
density_noun,density,,,noun,C1,ox5000,1108
dependence_noun,dependence,,,noun,C1,ox5000,1109
depict_verb,depict,,,verb,C1,ox5000,1110
deploy_verb,deploy,,,verb,C1,ox5000,1111
deployment_noun,deployment,,,noun,C1,ox5000,1112
deposit_verb,deposit,,,verb,C1,ox5000,1113
deprive_verb,deprive,,,verb,C1,ox5000,1114
deputy_noun,deputy,,,noun,C1,ox5000,1115
descend_verb,descend,,,verb,C1,ox5000,1116
descent_noun,descent,,,noun,C1,ox5000,1117
designate_verb,designate,,,verb,C1,ox5000,1118
desirable_adjective,desirable,,,adjective,C1,ox5000,1119
desktop_noun,desktop,,,noun,C1,ox5000,1120
destructive_adjective,destructive,,,adjective,C1,ox5000,1121
detain_verb,detain,,,verb,C1,ox5000,1122
detection_noun,detection,,,noun,C1,ox5000,1123
detention_noun,detention,,,noun,C1,ox5000,1124
deteriorate_verb,deteriorate,,,verb,C1,ox5000,1125
devastate_verb,devastate,,,verb,C1,ox5000,1126
devastating_adjective,devastating,,,adjective,C1,ox5000,1127
devil_noun,devil,,,noun,C1,ox5000,1128
devise_verb,devise,,,verb,C1,ox5000,1129
diagnose_verb,diagnose,,,verb,C1,ox5000,1130
diagnosis_noun,diagnosis,,,noun,C1,ox5000,1131
dictate_verb,dictate,,,verb,C1,ox5000,1132
differentiate_verb,differentiate,,,verb,C1,ox5000,1133
dignity_noun,dignity,,,noun,C1,ox5000,1134
dilemma_noun,dilemma,,,noun,C1,ox5000,1135
dimension_noun,dimension,,,noun,C1,ox5000,1136
diminish_verb,diminish,,,verb,C1,ox5000,1137
dip_verb,dip,,,verb,C1,ox5000,1138
diplomat_noun,diplomat,,,noun,C1,ox5000,1139
diplomatic_noun,diplomatic,,,noun,C1,ox5000,1140
disastrous_adjective,disastrous,,,adjective,C1,ox5000,1141
discard_verb,discard,,,verb,C1,ox5000,1142
discharge_verb,discharge,,,verb,C1,ox5000,1143
disclose_verb,disclose,,,verb,C1,ox5000,1144
disclosure_noun,disclosure,,,noun,C1,ox5000,1145
discourse_noun,discourse,,,noun,C1,ox5000,1146
discretion_noun,discretion,,,noun,C1,ox5000,1147
discrimination_noun,discrimination,,,noun,C1,ox5000,1148
dismissal_noun,dismissal,,,noun,C1,ox5000,1149
displace_verb,displace,,,verb,C1,ox5000,1150
disposal_noun,disposal,,,noun,C1,ox5000,1151
dispose_verb,dispose,,,verb,C1,ox5000,1152
dispute_noun,dispute,,,noun,C1,ox5000,1153
dispute_verb,dispute,,,verb,C1,ox5000,1154
disrupt_verb,disrupt,,,verb,C1,ox5000,1155
disruption_noun,disruption,,,noun,C1,ox5000,1156
dissolve_verb,dissolve,,,verb,C1,ox5000,1157
distinction_noun,distinction,,,noun,C1,ox5000,1158
distinctive_adjective,distinctive,,,adjective,C1,ox5000,1159
distress_noun,distress,,,noun,C1,ox5000,1160
disturbing_adjective,disturbing,,,adjective,C1,ox5000,1161
divert_verb,divert,,,verb,C1,ox5000,1162
dividend_noun,dividend,,,noun,C1,ox5000,1163
doctrine_noun,doctrine,,,noun,C1,ox5000,1164
documentation_noun,documentation,,,noun,C1,ox5000,1165
domain_noun,domain,,,noun,C1,ox5000,1166
dominance_noun,dominance,,,noun,C1,ox5000,1167
donor_noun,donor,,,noun,C1,ox5000,1168
dose_noun,dose,,,noun,C1,ox5000,1169
drain_verb,drain,,,verb,C1,ox5000,1170
drift_verb,drift,,,verb,C1,ox5000,1171
driving_adjective,driving,,,adjective,C1,ox5000,1172
drone_noun,drone,,,noun,C1,ox5000,1173
drown_verb,drown,,,verb,C1,ox5000,1174
dual_adjective,dual,,,adjective,C1,ox5000,1175
dub_verb,dub,,,verb,C1,ox5000,1176
duo_noun,duo,,,noun,C1,ox5000,1177
dynamic_noun,dynamic,,,noun,C1,ox5000,1178
eager_adjective,eager,,,adjective,C1,ox5000,1179
earnings_noun,earnings,,,noun,C1,ox5000,1180
ease_noun,ease,,,noun,C1,ox5000,1181
ease_verb,ease,,,verb,C1,ox5000,1182
e-commerce_noun,e-commerce,,,noun,C1,ox5000,1183
echo_verb,echo,,,verb,C1,ox5000,1184
ecological_adjective,ecological,,,adjective,C1,ox5000,1185
educator_noun,educator,,,noun,C1,ox5000,1186
effectiveness_noun,effectiveness,,,noun,C1,ox5000,1187
efficiency_noun,efficiency,,,noun,C1,ox5000,1188
ego_noun,ego,,,noun,C1,ox5000,1189
elaborate_adjective,elaborate,,,adjective,C1,ox5000,1190
electoral_adjective,electoral,,,adjective,C1,ox5000,1191
elevate_verb,elevate,,,verb,C1,ox5000,1192
eligible_adjective,eligible,,,adjective,C1,ox5000,1193
elite_noun,elite,,,noun,C1,ox5000,1194
embark_verb,embark,,,verb,C1,ox5000,1195
embarrassment_noun,embarrassment,,,noun,C1,ox5000,1196
embassy_noun,embassy,,,noun,C1,ox5000,1197
embed_verb,embed,,,verb,C1,ox5000,1198
embody_verb,embody,,,verb,C1,ox5000,1199
emergence_noun,emergence,,,noun,C1,ox5000,1200
empower_verb,empower,,,verb,C1,ox5000,1201
enact_verb,enact,,,verb,C1,ox5000,1202
encompass_verb,encompass,,,verb,C1,ox5000,1203
encouragement_noun,encouragement,,,noun,C1,ox5000,1204
encouraging_adjective,encouraging,,,adjective,C1,ox5000,1205
endeavour_noun,endeavour,,,noun,C1,ox5000,1206
endless_adjective,endless,,,adjective,C1,ox5000,1207
endorse_verb,endorse,,,verb,C1,ox5000,1208
endorsement_noun,endorsement,,,noun,C1,ox5000,1209
endure_verb,endure,,,verb,C1,ox5000,1210
enforce_verb,enforce,,,verb,C1,ox5000,1211
enforcement_noun,enforcement,,,noun,C1,ox5000,1212
engagement_noun,engagement,,,noun,C1,ox5000,1213
engaging_adjective,engaging,,,adjective,C1,ox5000,1214
enquire_verb,enquire,,,verb,C1,ox5000,1215
enrich_verb,enrich,,,verb,C1,ox5000,1216
enrol_verb,enrol,,,verb,C1,ox5000,1217
ensue_verb,ensue,,,verb,C1,ox5000,1218
enterprise_noun,enterprise,,,noun,C1,ox5000,1219
enthusiast_noun,enthusiast,,,noun,C1,ox5000,1220
entitle_verb,entitle,,,verb,C1,ox5000,1221
entity_noun,entity,,,noun,C1,ox5000,1222
epidemic_noun,epidemic,,,noun,C1,ox5000,1223
equality_noun,equality,,,noun,C1,ox5000,1224
equation_noun,equation,,,noun,C1,ox5000,1225
equity_noun,equity,,,noun,C1,ox5000,1226
erect_verb,erect,,,verb,C1,ox5000,1227
escalate_verb,escalate,,,verb,C1,ox5000,1228
essence_noun,essence,,,noun,C1,ox5000,1229
establishment_noun,establishment,,,noun,C1,ox5000,1230
evacuate_verb,evacuate,,,verb,C1,ox5000,1231
evoke_verb,evoke,,,verb,C1,ox5000,1232
evolutionary_adjective,evolutionary,,,adjective,C1,ox5000,1233
exaggerate_verb,exaggerate,,,verb,C1,ox5000,1234
excellence_noun,excellence,,,noun,C1,ox5000,1235
exceptional_adjective,exceptional,,,adjective,C1,ox5000,1236
excess_noun,excess,,,noun,C1,ox5000,1237
excess_adjective,excess,,,adjective,C1,ox5000,1238
exclusion_noun,exclusion,,,noun,C1,ox5000,1239
exclusive_adjective,exclusive,,,adjective,C1,ox5000,1240
exclusively_adverb,exclusively,,,adverb,C1,ox5000,1241
execute_verb,execute,,,verb,C1,ox5000,1242
execution_noun,execution,,,noun,C1,ox5000,1243
exile_noun,exile,,,noun,C1,ox5000,1244
expenditure_noun,expenditure,,,noun,C1,ox5000,1245
experimental_adjective,experimental,,,adjective,C1,ox5000,1246
expire_verb,expire,,,verb,C1,ox5000,1247
explicit_adjective,explicit,,,adjective,C1,ox5000,1248
exploitation_noun,exploitation,,,noun,C1,ox5000,1249
explosive_adjective,explosive,,,adjective,C1,ox5000,1250
explosive_noun,explosive,,,noun,C1,ox5000,1251
extract_verb,extract,,,verb,C1,ox5000,1252
extremist_noun,extremist,,,noun,C1,ox5000,1253
facilitate_verb,facilitate,,,verb,C1,ox5000,1254
faction_noun,faction,,,noun,C1,ox5000,1255
faculty_noun,faculty,,,noun,C1,ox5000,1256
fade_verb,fade,,,verb,C1,ox5000,1257
fairness_noun,fairness,,,noun,C1,ox5000,1258
fatal_adjective,fatal,,,adjective,C1,ox5000,1259
fate_noun,fate,,,noun,C1,ox5000,1260
favourable_adjective,favourable,,,adjective,C1,ox5000,1261
feminist_adjective,feminist,,,adjective,C1,ox5000,1262
festive_adjective,festive,,,adjective,C1,ox5000,1263
fibre_noun,fibre,,,noun,C1,ox5000,1264
fierce_adjective,fierce,,,adjective,C1,ox5000,1265
film-maker_noun,film-maker,,,noun,C1,ox5000,1266
filter_noun,filter,,,noun,C1,ox5000,1267
filter_verb,filter,,,verb,C1,ox5000,1268
fine_noun,fine,,,noun,C1,ox5000,1269
fine_verb,fine,,,verb,C1,ox5000,1270
firearm_noun,firearm,,,noun,C1,ox5000,1271
fit_noun,fit,,,noun,C1,ox5000,1272
fixture_noun,fixture,,,noun,C1,ox5000,1273
flaw_noun,flaw,,,noun,C1,ox5000,1274
flawed_adjective,flawed,,,adjective,C1,ox5000,1275
flee_verb,flee,,,verb,C1,ox5000,1276
fleet_noun,fleet,,,noun,C1,ox5000,1277
flesh_noun,flesh,,,noun,C1,ox5000,1278
flexibility_noun,flexibility,,,noun,C1,ox5000,1279
flourish_verb,flourish,,,verb,C1,ox5000,1280
fluid_noun,fluid,,,noun,C1,ox5000,1281
follow-up_adjective,follow-up,,,adjective,C1,ox5000,1282
follow-up_noun,follow-up,,,noun,C1,ox5000,1283
footage_noun,footage,,,noun,C1,ox5000,1284
forge_verb,forge,,,verb,C1,ox5000,1285
formula_noun,formula,,,noun,C1,ox5000,1286
formulate_verb,formulate,,,verb,C1,ox5000,1287
forth_adverb,forth,,,adverb,C1,ox5000,1288
forthcoming_adjective,forthcoming,,,adjective,C1,ox5000,1289
foster_verb,foster,,,verb,C1,ox5000,1290
fragile_adjective,fragile,,,adjective,C1,ox5000,1291
franchise_noun,franchise,,,noun,C1,ox5000,1292
frankly_adverb,frankly,,,adverb,C1,ox5000,1293
freely_adverb,freely,,,adverb,C1,ox5000,1294
frustrated_adjective,frustrated,,,adjective,C1,ox5000,1295
frustrating_adjective,frustrating,,,adjective,C1,ox5000,1296
frustration_noun,frustration,,,noun,C1,ox5000,1297
functional_adjective,functional,,,adjective,C1,ox5000,1298
fundraising_noun,fundraising,,,noun,C1,ox5000,1299
funeral_noun,funeral,,,noun,C1,ox5000,1300
gallon_noun,gallon,,,noun,C1,ox5000,1301
gambling_noun,gambling,,,noun,C1,ox5000,1302
gathering_noun,gathering,,,noun,C1,ox5000,1303
gaze_noun,gaze,,,noun,C1,ox5000,1304
gaze_verb,gaze,,,verb,C1,ox5000,1305
gear_noun,gear,,,noun,C1,ox5000,1306
generic_adjective,generic,,,adjective,C1,ox5000,1307
genocide_noun,genocide,,,noun,C1,ox5000,1308
gig_noun,gig,,,noun,C1,ox5000,1309
glance_verb,glance,,,verb,C1,ox5000,1310
glance_noun,glance,,,noun,C1,ox5000,1311
glimpse_noun,glimpse,,,noun,C1,ox5000,1312
glorious_adjective,glorious,,,adjective,C1,ox5000,1313
glory_noun,glory,,,noun,C1,ox5000,1314
governance_noun,governance,,,noun,C1,ox5000,1315
grace_noun,grace,,,noun,C1,ox5000,1316
grasp_verb,grasp,,,verb,C1,ox5000,1317
grave-for-dead-person_noun,grave,,for dead person,noun,C1,ox5000,1318
grave-serious_adjective,grave,,serious,adjective,C1,ox5000,1319
gravity_noun,gravity,,,noun,C1,ox5000,1320
grid_noun,grid,,,noun,C1,ox5000,1321
grief_noun,grief,,,noun,C1,ox5000,1322
grind_verb,grind,,,verb,C1,ox5000,1323
grip_noun,grip,,,noun,C1,ox5000,1324
grip_verb,grip,,,verb,C1,ox5000,1325
guidance_noun,guidance,,,noun,C1,ox5000,1326
guilt_noun,guilt,,,noun,C1,ox5000,1327
gut_noun,gut,,,noun,C1,ox5000,1328
hack_verb,hack,,,verb,C1,ox5000,1329
hack_noun,hack,,,noun,C1,ox5000,1330
hail_verb,hail,,,verb,C1,ox5000,1331
halfway_adverb,halfway,,,adverb,C1,ox5000,1332
halt_verb,halt,,,verb,C1,ox5000,1333
hammer_noun,hammer,,,noun,C1,ox5000,1334
hammer_verb,hammer,,,verb,C1,ox5000,1335
handful_noun,handful,,,noun,C1,ox5000,1336
handling_noun,handling,,,noun,C1,ox5000,1337
handy_adjective,handy,,,adjective,C1,ox5000,1338
harassment_noun,harassment,,,noun,C1,ox5000,1339
hardware_noun,hardware,,,noun,C1,ox5000,1340
harmony_noun,harmony,,,noun,C1,ox5000,1341
harsh_adjective,harsh,,,adjective,C1,ox5000,1342
harvest_noun,harvest,,,noun,C1,ox5000,1343
harvest_verb,harvest,,,verb,C1,ox5000,1344
hatred_noun,hatred,,,noun,C1,ox5000,1345
haunt_verb,haunt,,,verb,C1,ox5000,1346
hazard_noun,hazard,,,noun,C1,ox5000,1347
heighten_verb,heighten,,,verb,C1,ox5000,1348
heritage_noun,heritage,,,noun,C1,ox5000,1349
hierarchy_noun,hierarchy,,,noun,C1,ox5000,1350
high-profile_adjective,high-profile,,,adjective,C1,ox5000,1351
hint_noun,hint,,,noun,C1,ox5000,1352
hint_verb,hint,,,verb,C1,ox5000,1353
homeland_noun,homeland,,,noun,C1,ox5000,1354
hook_verb,hook,,,verb,C1,ox5000,1355
hopeful_adjective,hopeful,,,adjective,C1,ox5000,1356
horizon_noun,horizon,,,noun,C1,ox5000,1357
horn_noun,horn,,,noun,C1,ox5000,1358
hospitality_noun,hospitality,,,noun,C1,ox5000,1359
hostage_noun,hostage,,,noun,C1,ox5000,1360
hostile_adjective,hostile,,,adjective,C1,ox5000,1361
hub_noun,hub,,,noun,C1,ox5000,1362
humanitarian_adjective,humanitarian,,,adjective,C1,ox5000,1363
humanity_noun,humanity,,,noun,C1,ox5000,1364
humble_adjective,humble,,,adjective,C1,ox5000,1365
hybrid_adjective,hybrid,,,adjective,C1,ox5000,1366
hybrid_noun,hybrid,,,noun,C1,ox5000,1367
hydrogen_noun,hydrogen,,,noun,C1,ox5000,1368
identification_noun,identification,,,noun,C1,ox5000,1369
ideology_noun,ideology,,,noun,C1,ox5000,1370
ignorance_noun,ignorance,,,noun,C1,ox5000,1371
imagery_noun,imagery,,,noun,C1,ox5000,1372
immense_adjective,immense,,,adjective,C1,ox5000,1373
imminent_adjective,imminent,,,adjective,C1,ox5000,1374
immunity_noun,immunity,,,noun,C1,ox5000,1375
implementation_noun,implementation,,,noun,C1,ox5000,1376
imprisonment_noun,imprisonment,,,noun,C1,ox5000,1377
inability_noun,inability,,,noun,C1,ox5000,1378
inadequate_adjective,inadequate,,,adjective,C1,ox5000,1379
inappropriate_adjective,inappropriate,,,adjective,C1,ox5000,1380
incidence_noun,incidence,,,noun,C1,ox5000,1381
inclined_adjective,inclined,,,adjective,C1,ox5000,1382
inclusion_noun,inclusion,,,noun,C1,ox5000,1383
inclusive_adjective,inclusive,,,adjective,C1,ox5000,1384
incur_verb,incur,,,verb,C1,ox5000,1385
indicator_noun,indicator,,,noun,C1,ox5000,1386
indictment_noun,indictment,,,noun,C1,ox5000,1387
indigenous_adjective,indigenous,,,adjective,C1,ox5000,1388
induce_verb,induce,,,verb,C1,ox5000,1389
indulge_verb,indulge,,,verb,C1,ox5000,1390
inequality_noun,inequality,,,noun,C1,ox5000,1391
infamous_adjective,infamous,,,adjective,C1,ox5000,1392
infant_noun,infant,,,noun,C1,ox5000,1393
infect_verb,infect,,,verb,C1,ox5000,1394
infectious_adjective,infectious,,,adjective,C1,ox5000,1395
inflict_verb,inflict,,,verb,C1,ox5000,1396
influential_adjective,influential,,,adjective,C1,ox5000,1397
inherent_adjective,inherent,,,adjective,C1,ox5000,1398
inhibit_verb,inhibit,,,verb,C1,ox5000,1399
initiate_verb,initiate,,,verb,C1,ox5000,1400
inject_verb,inject,,,verb,C1,ox5000,1401
injection_noun,injection,,,noun,C1,ox5000,1402
injustice_noun,injustice,,,noun,C1,ox5000,1403
inmate_noun,inmate,,,noun,C1,ox5000,1404
insider_noun,insider,,,noun,C1,ox5000,1405
inspect_verb,inspect,,,verb,C1,ox5000,1406
inspection_noun,inspection,,,noun,C1,ox5000,1407
inspiration_noun,inspiration,,,noun,C1,ox5000,1408
instinct_noun,instinct,,,noun,C1,ox5000,1409
institutional_adjective,institutional,,,adjective,C1,ox5000,1410
instruct_verb,instruct,,,verb,C1,ox5000,1411
instrumental_adjective,instrumental,,,adjective,C1,ox5000,1412
insufficient_adjective,insufficient,,,adjective,C1,ox5000,1413
insult_noun,insult,,,noun,C1,ox5000,1414
intact_adjective,intact,,,adjective,C1,ox5000,1415
intake_noun,intake,,,noun,C1,ox5000,1416
integral_adjective,integral,,,adjective,C1,ox5000,1417
integrated_adjective,integrated,,,adjective,C1,ox5000,1418
integration_noun,integration,,,noun,C1,ox5000,1419
integrity_noun,integrity,,,noun,C1,ox5000,1420
intellectual_noun,intellectual,,,noun,C1,ox5000,1421
intensify_verb,intensify,,,verb,C1,ox5000,1422
intensity_noun,intensity,,,noun,C1,ox5000,1423
intensive_adjective,intensive,,,adjective,C1,ox5000,1424
intent_noun,intent,,,noun,C1,ox5000,1425
interactive_adjective,interactive,,,adjective,C1,ox5000,1426
interface_noun,interface,,,noun,C1,ox5000,1427
interfere_verb,interfere,,,verb,C1,ox5000,1428
interference_noun,interference,,,noun,C1,ox5000,1429
interim_adjective,interim,,,adjective,C1,ox5000,1430
interior_noun,interior,,,noun,C1,ox5000,1431
interior_adjective,interior,,,adjective,C1,ox5000,1432
intervene_verb,intervene,,,verb,C1,ox5000,1433
intervention_noun,intervention,,,noun,C1,ox5000,1434
intimate_adjective,intimate,,,adjective,C1,ox5000,1435
intriguing_adjective,intriguing,,,adjective,C1,ox5000,1436
investigator_noun,investigator,,,noun,C1,ox5000,1437
invisible_adjective,invisible,,,adjective,C1,ox5000,1438
invoke_verb,invoke,,,verb,C1,ox5000,1439
involvement_noun,involvement,,,noun,C1,ox5000,1440
ironically_adverb,ironically,,,adverb,C1,ox5000,1441
irony_noun,irony,,,noun,C1,ox5000,1442
irrelevant_adjective,irrelevant,,,adjective,C1,ox5000,1443
isolation_noun,isolation,,,noun,C1,ox5000,1444
joint_adjective,joint,,,adjective,C1,ox5000,1445
joint_noun,joint,,,noun,C1,ox5000,1446
judicial_adjective,judicial,,,adjective,C1,ox5000,1447
junction_noun,junction,,,noun,C1,ox5000,1448
jurisdiction_noun,jurisdiction,,,noun,C1,ox5000,1449
just_adjective,just,,,adjective,C1,ox5000,1450
justification_noun,justification,,,noun,C1,ox5000,1451
kidnap_verb,kidnap,,,verb,C1,ox5000,1452
kidney_noun,kidney,,,noun,C1,ox5000,1453
kingdom_noun,kingdom,,,noun,C1,ox5000,1454
lad_noun,lad,,,noun,C1,ox5000,1455
landlord_noun,landlord,,,noun,C1,ox5000,1456
landmark_noun,landmark,,,noun,C1,ox5000,1457
lap_noun,lap,,,noun,C1,ox5000,1458
large-scale_adjective,large-scale,,,adjective,C1,ox5000,1459
laser_noun,laser,,,noun,C1,ox5000,1460
latter_adjective,latter,,,adjective,C1,ox5000,1461
latter_noun,latter,,,noun,C1,ox5000,1462
lawn_noun,lawn,,,noun,C1,ox5000,1463
lawsuit_noun,lawsuit,,,noun,C1,ox5000,1464
layout_noun,layout,,,noun,C1,ox5000,1465
leak_verb,leak,,,verb,C1,ox5000,1466
leak_noun,leak,,,noun,C1,ox5000,1467
leap_verb,leap,,,verb,C1,ox5000,1468
leap_noun,leap,,,noun,C1,ox5000,1469
legacy_noun,legacy,,,noun,C1,ox5000,1470
legendary_adjective,legendary,,,adjective,C1,ox5000,1471
legislation_noun,legislation,,,noun,C1,ox5000,1472
legislative_adjective,legislative,,,adjective,C1,ox5000,1473
legislature_noun,legislature,,,noun,C1,ox5000,1474
legitimate_adjective,legitimate,,,adjective,C1,ox5000,1475
lengthy_adjective,lengthy,,,adjective,C1,ox5000,1476
lesbian_adjective,lesbian,,,adjective,C1,ox5000,1477
lesser_adjective,lesser,,,adjective,C1,ox5000,1478
lethal_adjective,lethal,,,adjective,C1,ox5000,1479
levy_noun,levy,,,noun,C1,ox5000,1480
levy_verb,levy,,,verb,C1,ox5000,1481
liable_adjective,liable,,,adjective,C1,ox5000,1482
liberal_adjective,liberal,,,adjective,C1,ox5000,1483
liberal_noun,liberal,,,noun,C1,ox5000,1484
liberty_noun,liberty,,,noun,C1,ox5000,1485
license_verb,license,,,verb,C1,ox5000,1486
lifelong_adjective,lifelong,,,adjective,C1,ox5000,1487
likelihood_noun,likelihood,,,noun,C1,ox5000,1488
limb_noun,limb,,,noun,C1,ox5000,1489
linear_adjective,linear,,,adjective,C1,ox5000,1490
line-up_noun,line-up,,,noun,C1,ox5000,1491
linger_verb,linger,,,verb,C1,ox5000,1492
listing_noun,listing,,,noun,C1,ox5000,1493
literacy_noun,literacy,,,noun,C1,ox5000,1494
liver_noun,liver,,,noun,C1,ox5000,1495
lobby_noun,lobby,,,noun,C1,ox5000,1496
lobby_verb,lobby,,,verb,C1,ox5000,1497
logic_noun,logic,,,noun,C1,ox5000,1498
long-standing_adjective,long-standing,,,adjective,C1,ox5000,1499
long-time_adjective,long-time,,,adjective,C1,ox5000,1500
loom_verb,loom,,,verb,C1,ox5000,1501
loop_noun,loop,,,noun,C1,ox5000,1502
loyalty_noun,loyalty,,,noun,C1,ox5000,1503
machinery_noun,machinery,,,noun,C1,ox5000,1504
magical_adjective,magical,,,adjective,C1,ox5000,1505
magistrate_noun,magistrate,,,noun,C1,ox5000,1506
magnetic_adjective,magnetic,,,adjective,C1,ox5000,1507
magnitude_noun,magnitude,,,noun,C1,ox5000,1508
mainland_noun,mainland,,,noun,C1,ox5000,1509
mainstream_noun,mainstream,,,noun,C1,ox5000,1510
mainstream_adjective,mainstream,,,adjective,C1,ox5000,1511
maintenance_noun,maintenance,,,noun,C1,ox5000,1512
major_noun,major,,,noun,C1,ox5000,1513
mandate_noun,mandate,,,noun,C1,ox5000,1514
mandatory_adjective,mandatory,,,adjective,C1,ox5000,1515
manifest_verb,manifest,,,verb,C1,ox5000,1516
manipulate_verb,manipulate,,,verb,C1,ox5000,1517
manipulation_noun,manipulation,,,noun,C1,ox5000,1518
march_noun,march,,,noun,C1,ox5000,1519
march_verb,march,,,verb,C1,ox5000,1520
marginal_adjective,marginal,,,adjective,C1,ox5000,1521
marine_adjective,marine,,,adjective,C1,ox5000,1522
marketplace_noun,marketplace,,,noun,C1,ox5000,1523
mask_noun,mask,,,noun,C1,ox5000,1524
massacre_noun,massacre,,,noun,C1,ox5000,1525
mathematical_adjective,mathematical,,,adjective,C1,ox5000,1526
mature_adjective,mature,,,adjective,C1,ox5000,1527
maximize_verb,maximize,,,verb,C1,ox5000,1528
meaningful_adjective,meaningful,,,adjective,C1,ox5000,1529
meantime_noun,meantime,,,noun,C1,ox5000,1530
medieval_adjective,medieval,,,adjective,C1,ox5000,1531
meditation_noun,meditation,,,noun,C1,ox5000,1532
melody_noun,melody,,,noun,C1,ox5000,1533
memo_noun,memo,,,noun,C1,ox5000,1534
memoir_noun,memoir,,,noun,C1,ox5000,1535
memorial_noun,memorial,,,noun,C1,ox5000,1536
mentor_noun,mentor,,,noun,C1,ox5000,1537
merchant_noun,merchant,,,noun,C1,ox5000,1538
mercy_noun,mercy,,,noun,C1,ox5000,1539
mere_adjective,mere,,,adjective,C1,ox5000,1540
merely_adverb,merely,,,adverb,C1,ox5000,1541
merge_verb,merge,,,verb,C1,ox5000,1542
merger_noun,merger,,,noun,C1,ox5000,1543
merit_noun,merit,,,noun,C1,ox5000,1544
methodology_noun,methodology,,,noun,C1,ox5000,1545
midst_noun,midst,,,noun,C1,ox5000,1546
migrant_noun,migrant,,,noun,C1,ox5000,1547
migrant_adjective,migrant,,,adjective,C1,ox5000,1548
migration_noun,migration,,,noun,C1,ox5000,1549
milestone_noun,milestone,,,noun,C1,ox5000,1550
militant_noun,militant,,,noun,C1,ox5000,1551
militant_adjective,militant,,,adjective,C1,ox5000,1552
militia_noun,militia,,,noun,C1,ox5000,1553
mill_noun,mill,,,noun,C1,ox5000,1554
mindset_noun,mindset,,,noun,C1,ox5000,1555
minimal_adjective,minimal,,,adjective,C1,ox5000,1556
minimize_verb,minimize,,,verb,C1,ox5000,1557
mining_noun,mining,,,noun,C1,ox5000,1558
ministry_noun,ministry,,,noun,C1,ox5000,1559
minute-2_adjective,minute,2,,adjective,C1,ox5000,1560
miracle_noun,miracle,,,noun,C1,ox5000,1561
misery_noun,misery,,,noun,C1,ox5000,1562
misleading_adjective,misleading,,,adjective,C1,ox5000,1563
missile_noun,missile,,,noun,C1,ox5000,1564
mitigate_verb,mitigate,,,verb,C1,ox5000,1565
mob_noun,mob,,,noun,C1,ox5000,1566
mobility_noun,mobility,,,noun,C1,ox5000,1567
mobilize_verb,mobilize,,,verb,C1,ox5000,1568
moderate_adjective,moderate,,,adjective,C1,ox5000,1569
modification_noun,modification,,,noun,C1,ox5000,1570
momentum_noun,momentum,,,noun,C1,ox5000,1571
monopoly_noun,monopoly,,,noun,C1,ox5000,1572
motive_noun,motive,,,noun,C1,ox5000,1573
motorist_noun,motorist,,,noun,C1,ox5000,1574
municipal_adjective,municipal,,,adjective,C1,ox5000,1575
mutual_adjective,mutual,,,adjective,C1,ox5000,1576
namely_adverb,namely,,,adverb,C1,ox5000,1577
nationwide_adjective,nationwide,,,adjective,C1,ox5000,1578
neglect_verb,neglect,,,verb,C1,ox5000,1579
neighbouring_adjective,neighbouring,,,adjective,C1,ox5000,1580
nest_noun,nest,,,noun,C1,ox5000,1581
net_adjective,net,,,adjective,C1,ox5000,1582
newsletter_noun,newsletter,,,noun,C1,ox5000,1583
niche_noun,niche,,,noun,C1,ox5000,1584
nod_verb,nod,,,verb,C1,ox5000,1585
nominate_verb,nominate,,,verb,C1,ox5000,1586
nomination_noun,nomination,,,noun,C1,ox5000,1587
nominee_noun,nominee,,,noun,C1,ox5000,1588
nonetheless_adverb,nonetheless,,,adverb,C1,ox5000,1589
non-profit_adjective,non-profit,,,adjective,C1,ox5000,1590
nonsense_noun,nonsense,,,noun,C1,ox5000,1591
noon_noun,noon,,,noun,C1,ox5000,1592
notable_adjective,notable,,,adjective,C1,ox5000,1593
notably_adverb,notably,,,adverb,C1,ox5000,1594
notification_noun,notification,,,noun,C1,ox5000,1595
notify_verb,notify,,,verb,C1,ox5000,1596
notorious_adjective,notorious,,,adjective,C1,ox5000,1597
novel_adjective,novel,,,adjective,C1,ox5000,1598
nursery_noun,nursery,,,noun,C1,ox5000,1599
objection_noun,objection,,,noun,C1,ox5000,1600
oblige_verb,oblige,,,verb,C1,ox5000,1601
obsess_verb,obsess,,,verb,C1,ox5000,1602
obsession_noun,obsession,,,noun,C1,ox5000,1603
occasional_adjective,occasional,,,adjective,C1,ox5000,1604
occurrence_noun,occurrence,,,noun,C1,ox5000,1605
odds_noun,odds,,,noun,C1,ox5000,1606
offering_noun,offering,,,noun,C1,ox5000,1607
offset_verb,offset,,,verb,C1,ox5000,1608
offshore_adjective,offshore,,,adjective,C1,ox5000,1609
operational_adjective,operational,,,adjective,C1,ox5000,1610
opt_verb,opt,,,verb,C1,ox5000,1611
optical_adjective,optical,,,adjective,C1,ox5000,1612
optimism_noun,optimism,,,noun,C1,ox5000,1613
oral_adjective,oral,,,adjective,C1,ox5000,1614
organizational_adjective,organizational,,,adjective,C1,ox5000,1615
orientation_noun,orientation,,,noun,C1,ox5000,1616
originate_verb,originate,,,verb,C1,ox5000,1617
outbreak_noun,outbreak,,,noun,C1,ox5000,1618
outing_noun,outing,,,noun,C1,ox5000,1619
outlet_noun,outlet,,,noun,C1,ox5000,1620
outlook_noun,outlook,,,noun,C1,ox5000,1621
outrage_noun,outrage,,,noun,C1,ox5000,1622
outsider_noun,outsider,,,noun,C1,ox5000,1623
overlook_verb,overlook,,,verb,C1,ox5000,1624
overly_adverb,overly,,,adverb,C1,ox5000,1625
oversee_verb,oversee,,,verb,C1,ox5000,1626
overturn_verb,overturn,,,verb,C1,ox5000,1627
overwhelm_verb,overwhelm,,,verb,C1,ox5000,1628
overwhelming_adjective,overwhelming,,,adjective,C1,ox5000,1629
pad_noun,pad,,,noun,C1,ox5000,1630
parameter_noun,parameter,,,noun,C1,ox5000,1631
parental_adjective,parental,,,adjective,C1,ox5000,1632
parish_noun,parish,,,noun,C1,ox5000,1633
parliamentary_adjective,parliamentary,,,adjective,C1,ox5000,1634
partial_adjective,partial,,,adjective,C1,ox5000,1635
partially_adverb,partially,,,adverb,C1,ox5000,1636
passing_noun,passing,,,noun,C1,ox5000,1637
passive_adjective,passive,,,adjective,C1,ox5000,1638
pastor_noun,pastor,,,noun,C1,ox5000,1639
patch_noun,patch,,,noun,C1,ox5000,1640
patent_noun,patent,,,noun,C1,ox5000,1641
pathway_noun,pathway,,,noun,C1,ox5000,1642
patrol_noun,patrol,,,noun,C1,ox5000,1643
patron_noun,patron,,,noun,C1,ox5000,1644
peak_noun,peak,,,noun,C1,ox5000,1645
persist_verb,persist,,,verb,C1,ox5000,1646
persistent_adjective,persistent,,,adjective,C1,ox5000,1647
personnel_noun,personnel,,,noun,C1,ox5000,1648
petition_noun,petition,,,noun,C1,ox5000,1649
pharmaceutical_adjective,pharmaceutical,,,adjective,C1,ox5000,1650
pharmaceutical_noun,pharmaceutical,,,noun,C1,ox5000,1651
philosopher_noun,philosopher,,,noun,C1,ox5000,1652
physician_noun,physician,,,noun,C1,ox5000,1653
pioneer_noun,pioneer,,,noun,C1,ox5000,1654
pioneer_verb,pioneer,,,verb,C1,ox5000,1655
pipeline_noun,pipeline,,,noun,C1,ox5000,1656
pirate_noun,pirate,,,noun,C1,ox5000,1657
pit_noun,pit,,,noun,C1,ox5000,1658
plea_noun,plea,,,noun,C1,ox5000,1659
plead_verb,plead,,,verb,C1,ox5000,1660
pledge_verb,pledge,,,verb,C1,ox5000,1661
pledge_noun,pledge,,,noun,C1,ox5000,1662
plug_verb,plug,,,verb,C1,ox5000,1663
plug_noun,plug,,,noun,C1,ox5000,1664
plunge_verb,plunge,,,verb,C1,ox5000,1665
pole_noun,pole,,,noun,C1,ox5000,1666
poll_noun,poll,,,noun,C1,ox5000,1667
pond_noun,pond,,,noun,C1,ox5000,1668
pop_verb,pop,,,verb,C1,ox5000,1669
portfolio_noun,portfolio,,,noun,C1,ox5000,1670
portray_verb,portray,,,verb,C1,ox5000,1671
postpone_verb,postpone,,,verb,C1,ox5000,1672
practitioner_noun,practitioner,,,noun,C1,ox5000,1673
precedent_noun,precedent,,,noun,C1,ox5000,1674
precision_noun,precision,,,noun,C1,ox5000,1675
predator_noun,predator,,,noun,C1,ox5000,1676
predecessor_noun,predecessor,,,noun,C1,ox5000,1677
predominantly_adverb,predominantly,,,adverb,C1,ox5000,1678
pregnancy_noun,pregnancy,,,noun,C1,ox5000,1679
prejudice_noun,prejudice,,,noun,C1,ox5000,1680
preliminary_adjective,preliminary,,,adjective,C1,ox5000,1681
premise_noun,premise,,,noun,C1,ox5000,1682
premium_noun,premium,,,noun,C1,ox5000,1683
prescribe_verb,prescribe,,,verb,C1,ox5000,1684
prescription_noun,prescription,,,noun,C1,ox5000,1685
presently_adverb,presently,,,adverb,C1,ox5000,1686
preservation_noun,preservation,,,noun,C1,ox5000,1687
preside_verb,preside,,,verb,C1,ox5000,1688
presidency_noun,presidency,,,noun,C1,ox5000,1689
presidential_adjective,presidential,,,adjective,C1,ox5000,1690
prestigious_adjective,prestigious,,,adjective,C1,ox5000,1691
presumably_adverb,presumably,,,adverb,C1,ox5000,1692
presume_verb,presume,,,verb,C1,ox5000,1693
prevail_verb,prevail,,,verb,C1,ox5000,1694
prevalence_noun,prevalence,,,noun,C1,ox5000,1695
prevention_noun,prevention,,,noun,C1,ox5000,1696
prey_noun,prey,,,noun,C1,ox5000,1697
principal_noun,principal,,,noun,C1,ox5000,1698
prioritize_verb,prioritize,,,verb,C1,ox5000,1699
privilege_noun,privilege,,,noun,C1,ox5000,1700
probe_noun,probe,,,noun,C1,ox5000,1701
problematic_adjective,problematic,,,adjective,C1,ox5000,1702
proceedings_noun,proceedings,,,noun,C1,ox5000,1703
proceeds_noun,proceeds,,,noun,C1,ox5000,1704
processing_noun,processing,,,noun,C1,ox5000,1705
processor_noun,processor,,,noun,C1,ox5000,1706
proclaim_verb,proclaim,,,verb,C1,ox5000,1707
productive_adjective,productive,,,adjective,C1,ox5000,1708
productivity_noun,productivity,,,noun,C1,ox5000,1709
profitable_adjective,profitable,,,adjective,C1,ox5000,1710
profound_adjective,profound,,,adjective,C1,ox5000,1711
projection_noun,projection,,,noun,C1,ox5000,1712
prominent_adjective,prominent,,,adjective,C1,ox5000,1713
pronounced_adjective,pronounced,,,adjective,C1,ox5000,1714
propaganda_noun,propaganda,,,noun,C1,ox5000,1715
proposition_noun,proposition,,,noun,C1,ox5000,1716
prosecute_verb,prosecute,,,verb,C1,ox5000,1717
prosecution_noun,prosecution,,,noun,C1,ox5000,1718
prosecutor_noun,prosecutor,,,noun,C1,ox5000,1719
prospective_adjective,prospective,,,adjective,C1,ox5000,1720
prosperity_noun,prosperity,,,noun,C1,ox5000,1721
protective_adjective,protective,,,adjective,C1,ox5000,1722
protocol_noun,protocol,,,noun,C1,ox5000,1723
province_noun,province,,,noun,C1,ox5000,1724
provincial_adjective,provincial,,,adjective,C1,ox5000,1725
provision_noun,provision,,,noun,C1,ox5000,1726
provoke_verb,provoke,,,verb,C1,ox5000,1727
pulse_noun,pulse,,,noun,C1,ox5000,1728
pump_verb,pump,,,verb,C1,ox5000,1729
pump_noun,pump,,,noun,C1,ox5000,1730
punch_verb,punch,,,verb,C1,ox5000,1731
punch_noun,punch,,,noun,C1,ox5000,1732
purely_adverb,purely,,,adverb,C1,ox5000,1733
query_noun,query,,,noun,C1,ox5000,1734
quest_noun,quest,,,noun,C1,ox5000,1735
quota_noun,quota,,,noun,C1,ox5000,1736
radar_noun,radar,,,noun,C1,ox5000,1737
radical_adjective,radical,,,adjective,C1,ox5000,1738
rage_noun,rage,,,noun,C1,ox5000,1739
raid_noun,raid,,,noun,C1,ox5000,1740
rally_noun,rally,,,noun,C1,ox5000,1741
rally_verb,rally,,,verb,C1,ox5000,1742
ranking_noun,ranking,,,noun,C1,ox5000,1743
rape_noun,rape,,,noun,C1,ox5000,1744
rape_verb,rape,,,verb,C1,ox5000,1745
ratio_noun,ratio,,,noun,C1,ox5000,1746
rational_adjective,rational,,,adjective,C1,ox5000,1747
ray_noun,ray,,,noun,C1,ox5000,1748
readily_adverb,readily,,,adverb,C1,ox5000,1749
realization_noun,realization,,,noun,C1,ox5000,1750
realm_noun,realm,,,noun,C1,ox5000,1751
rear_adjective,rear,,,adjective,C1,ox5000,1752
reasoning_noun,reasoning,,,noun,C1,ox5000,1753
reassure_verb,reassure,,,verb,C1,ox5000,1754
rebel_noun,rebel,,,noun,C1,ox5000,1755
rebellion_noun,rebellion,,,noun,C1,ox5000,1756
recipient_noun,recipient,,,noun,C1,ox5000,1757
reconstruction_noun,reconstruction,,,noun,C1,ox5000,1758
recount-1_verb,recount,1,,verb,C1,ox5000,1759
referendum_noun,referendum,,,noun,C1,ox5000,1760
reflection_noun,reflection,,,noun,C1,ox5000,1761
reform_noun,reform,,,noun,C1,ox5000,1762
reform_verb,reform,,,verb,C1,ox5000,1763
refuge_noun,refuge,,,noun,C1,ox5000,1764
refusal_noun,refusal,,,noun,C1,ox5000,1765
regain_verb,regain,,,verb,C1,ox5000,1766
regardless_adverb,regardless,,,adverb,C1,ox5000,1767
regime_noun,regime,,,noun,C1,ox5000,1768
regulator_noun,regulator,,,noun,C1,ox5000,1769
regulatory_adjective,regulatory,,,adjective,C1,ox5000,1770
rehabilitation_noun,rehabilitation,,,noun,C1,ox5000,1771
reign_noun,reign,,,noun,C1,ox5000,1772
rejection_noun,rejection,,,noun,C1,ox5000,1773
relevance_noun,relevance,,,noun,C1,ox5000,1774
reliability_noun,reliability,,,noun,C1,ox5000,1775
reluctant_adjective,reluctant,,,adjective,C1,ox5000,1776
remainder_noun,remainder,,,noun,C1,ox5000,1777
remains_noun,remains,,,noun,C1,ox5000,1778
remedy_noun,remedy,,,noun,C1,ox5000,1779
reminder_noun,reminder,,,noun,C1,ox5000,1780
removal_noun,removal,,,noun,C1,ox5000,1781
render_verb,render,,,verb,C1,ox5000,1782
renew_verb,renew,,,verb,C1,ox5000,1783
renowned_adjective,renowned,,,adjective,C1,ox5000,1784
rental_noun,rental,,,noun,C1,ox5000,1785
replacement_noun,replacement,,,noun,C1,ox5000,1786
reportedly_adverb,reportedly,,,adverb,C1,ox5000,1787
representation_noun,representation,,,noun,C1,ox5000,1788
reproduce_verb,reproduce,,,verb,C1,ox5000,1789
republic_noun,republic,,,noun,C1,ox5000,1790
resemble_verb,resemble,,,verb,C1,ox5000,1791
reside_verb,reside,,,verb,C1,ox5000,1792
residence_noun,residence,,,noun,C1,ox5000,1793
residential_adjective,residential,,,adjective,C1,ox5000,1794
resignation_noun,resignation,,,noun,C1,ox5000,1795
resilience_noun,resilience,,,noun,C1,ox5000,1796
resistance_noun,resistance,,,noun,C1,ox5000,1797
respective_adjective,respective,,,adjective,C1,ox5000,1798
respectively_adverb,respectively,,,adverb,C1,ox5000,1799
restoration_noun,restoration,,,noun,C1,ox5000,1800
restraint_noun,restraint,,,noun,C1,ox5000,1801
resume_verb,resume,,,verb,C1,ox5000,1802
retreat_noun,retreat,,,noun,C1,ox5000,1803
retreat_verb,retreat,,,verb,C1,ox5000,1804
retrieve_verb,retrieve,,,verb,C1,ox5000,1805
revelation_noun,revelation,,,noun,C1,ox5000,1806
revenge_noun,revenge,,,noun,C1,ox5000,1807
reverse_verb,reverse,,,verb,C1,ox5000,1808
revival_noun,revival,,,noun,C1,ox5000,1809
revive_verb,revive,,,verb,C1,ox5000,1810
revolutionary_adjective,revolutionary,,,adjective,C1,ox5000,1811
rhetoric_noun,rhetoric,,,noun,C1,ox5000,1812
rifle_noun,rifle,,,noun,C1,ox5000,1813
riot_noun,riot,,,noun,C1,ox5000,1814
rip_verb,rip,,,verb,C1,ox5000,1815
ritual_noun,ritual,,,noun,C1,ox5000,1816
robust_adjective,robust,,,adjective,C1,ox5000,1817
rock_verb,rock,,,verb,C1,ox5000,1818
rotate_verb,rotate,,,verb,C1,ox5000,1819
rotation_noun,rotation,,,noun,C1,ox5000,1820
ruling_noun,ruling,,,noun,C1,ox5000,1821
rumour_noun,rumour,,,noun,C1,ox5000,1822
sack_verb,sack,,,verb,C1,ox5000,1823
sacred_adjective,sacred,,,adjective,C1,ox5000,1824
sacrifice_noun,sacrifice,,,noun,C1,ox5000,1825
sacrifice_verb,sacrifice,,,verb,C1,ox5000,1826
safeguard_verb,safeguard,,,verb,C1,ox5000,1827
safeguard_noun,safeguard,,,noun,C1,ox5000,1828
sake_noun,sake,,,noun,C1,ox5000,1829
sanction_noun,sanction,,,noun,C1,ox5000,1830
say_noun,say,,,noun,C1,ox5000,1831
scam_noun,scam,,,noun,C1,ox5000,1832
scam_verb,scam,,,verb,C1,ox5000,1833
scattered_adjective,scattered,,,adjective,C1,ox5000,1834
sceptical_adjective,sceptical,,,adjective,C1,ox5000,1835
scope_noun,scope,,,noun,C1,ox5000,1836
scrap_verb,scrap,,,verb,C1,ox5000,1837
scrap_noun,scrap,,,noun,C1,ox5000,1838
screw_verb,screw,,,verb,C1,ox5000,1839
scrutiny_noun,scrutiny,,,noun,C1,ox5000,1840
seal_verb,seal,,,verb,C1,ox5000,1841
seal_noun,seal,,,noun,C1,ox5000,1842
seasonal_adjective,seasonal,,,adjective,C1,ox5000,1843
secular_adjective,secular,,,adjective,C1,ox5000,1844
seemingly_adverb,seemingly,,,adverb,C1,ox5000,1845
segment_noun,segment,,,noun,C1,ox5000,1846
seize_verb,seize,,,verb,C1,ox5000,1847
selective_adjective,selective,,,adjective,C1,ox5000,1848
senator_noun,senator,,,noun,C1,ox5000,1849
sensation_noun,sensation,,,noun,C1,ox5000,1850
sensitivity_noun,sensitivity,,,noun,C1,ox5000,1851
sentiment_noun,sentiment,,,noun,C1,ox5000,1852
separation_noun,separation,,,noun,C1,ox5000,1853
sequel_noun,sequel,,,noun,C1,ox5000,1854
serial_adjective,serial,,,adjective,C1,ox5000,1855
settlement_noun,settlement,,,noun,C1,ox5000,1856
set-up_noun,set-up,,,noun,C1,ox5000,1857
sexuality_noun,sexuality,,,noun,C1,ox5000,1858
shareholder_noun,shareholder,,,noun,C1,ox5000,1859
shatter_verb,shatter,,,verb,C1,ox5000,1860
shed_verb,shed,,,verb,C1,ox5000,1861
sheer_adjective,sheer,,,adjective,C1,ox5000,1862
shipping_noun,shipping,,,noun,C1,ox5000,1863
shoot_noun,shoot,,,noun,C1,ox5000,1864
shrink_verb,shrink,,,verb,C1,ox5000,1865
sigh_verb,sigh,,,verb,C1,ox5000,1866
sigh_noun,sigh,,,noun,C1,ox5000,1867
simulation_noun,simulation,,,noun,C1,ox5000,1868
simultaneously_adverb,simultaneously,,,adverb,C1,ox5000,1869
sin_noun,sin,,,noun,C1,ox5000,1870
situated_adjective,situated,,,adjective,C1,ox5000,1871
sketch_noun,sketch,,,noun,C1,ox5000,1872
skip_verb,skip,,,verb,C1,ox5000,1873
slam_verb,slam,,,verb,C1,ox5000,1874
slap_verb,slap,,,verb,C1,ox5000,1875
slash_verb,slash,,,verb,C1,ox5000,1876
slavery_noun,slavery,,,noun,C1,ox5000,1877
slot_noun,slot,,,noun,C1,ox5000,1878
smash_verb,smash,,,verb,C1,ox5000,1879
snap_verb,snap,,,verb,C1,ox5000,1880
soak_verb,soak,,,verb,C1,ox5000,1881
soar_verb,soar,,,verb,C1,ox5000,1882
socialist_adjective,socialist,,,adjective,C1,ox5000,1883
sole_adjective,sole,,,adjective,C1,ox5000,1884
solely_adverb,solely,,,adverb,C1,ox5000,1885
solicitor_noun,solicitor,,,noun,C1,ox5000,1886
solidarity_noun,solidarity,,,noun,C1,ox5000,1887
solo_adjective,solo,,,adjective,C1,ox5000,1888
solo_noun,solo,,,noun,C1,ox5000,1889
sound_adjective,sound,,,adjective,C1,ox5000,1890
sovereignty_noun,sovereignty,,,noun,C1,ox5000,1891
span_verb,span,,,verb,C1,ox5000,1892
span_noun,span,,,noun,C1,ox5000,1893
spare_verb,spare,,,verb,C1,ox5000,1894
spark_verb,spark,,,verb,C1,ox5000,1895
specialized_adjective,specialized,,,adjective,C1,ox5000,1896
specification_noun,specification,,,noun,C1,ox5000,1897
specimen_noun,specimen,,,noun,C1,ox5000,1898
spectacle_noun,spectacle,,,noun,C1,ox5000,1899
spectrum_noun,spectrum,,,noun,C1,ox5000,1900
spell_noun,spell,,,noun,C1,ox5000,1901
sphere_noun,sphere,,,noun,C1,ox5000,1902
spin_verb,spin,,,verb,C1,ox5000,1903
spin_noun,spin,,,noun,C1,ox5000,1904
spine_noun,spine,,,noun,C1,ox5000,1905
spotlight_noun,spotlight,,,noun,C1,ox5000,1906
spouse_noun,spouse,,,noun,C1,ox5000,1907
spray_noun,spray,,,noun,C1,ox5000,1908
spray_verb,spray,,,verb,C1,ox5000,1909
spy_noun,spy,,,noun,C1,ox5000,1910
squad_noun,squad,,,noun,C1,ox5000,1911
squeeze_verb,squeeze,,,verb,C1,ox5000,1912
stab_verb,stab,,,verb,C1,ox5000,1913
stability_noun,stability,,,noun,C1,ox5000,1914
stabilize_verb,stabilize,,,verb,C1,ox5000,1915
stake_noun,stake,,,noun,C1,ox5000,1916
stark_adjective,stark,,,adjective,C1,ox5000,1917
start-up_noun,start-up,,,noun,C1,ox5000,1918
start-up_adjective,start-up,,,adjective,C1,ox5000,1919
statistical_adjective,statistical,,,adjective,C1,ox5000,1920
steer_verb,steer,,,verb,C1,ox5000,1921
stem_noun,stem,,,noun,C1,ox5000,1922
stem_verb,stem,,,verb,C1,ox5000,1923
stereotype_noun,stereotype,,,noun,C1,ox5000,1924
stimulus_noun,stimulus,,,noun,C1,ox5000,1925
stir_verb,stir,,,verb,C1,ox5000,1926
storage_noun,storage,,,noun,C1,ox5000,1927
straightforward_adjective,straightforward,,,adjective,C1,ox5000,1928
strain_noun,strain,,,noun,C1,ox5000,1929
strategic_adjective,strategic,,,adjective,C1,ox5000,1930
streaming_noun,streaming,,,noun,C1,ox5000,1931
striking_adjective,striking,,,adjective,C1,ox5000,1932
strip-long-narrow-piece_noun,strip,,long narrow piece,noun,C1,ox5000,1933
strip-remove-clothes-a-layer_verb,strip,,remove clothes/a layer,verb,C1,ox5000,1934
strive_verb,strive,,,verb,C1,ox5000,1935
structural_adjective,structural,,,adjective,C1,ox5000,1936
stumble_verb,stumble,,,verb,C1,ox5000,1937
stun_verb,stun,,,verb,C1,ox5000,1938
submission_noun,submission,,,noun,C1,ox5000,1939
subscribe_verb,subscribe,,,verb,C1,ox5000,1940
subscriber_noun,subscriber,,,noun,C1,ox5000,1941
subscription_noun,subscription,,,noun,C1,ox5000,1942
subsidy_noun,subsidy,,,noun,C1,ox5000,1943
substantial_adjective,substantial,,,adjective,C1,ox5000,1944
substantially_adverb,substantially,,,adverb,C1,ox5000,1945
substitute_noun,substitute,,,noun,C1,ox5000,1946
substitute_verb,substitute,,,verb,C1,ox5000,1947
substitution_noun,substitution,,,noun,C1,ox5000,1948
subtle_adjective,subtle,,,adjective,C1,ox5000,1949
suburban_adjective,suburban,,,adjective,C1,ox5000,1950
succession_noun,succession,,,noun,C1,ox5000,1951
successive_adjective,successive,,,adjective,C1,ox5000,1952
successor_noun,successor,,,noun,C1,ox5000,1953
suck_verb,suck,,,verb,C1,ox5000,1954
sue_verb,sue,,,verb,C1,ox5000,1955
suicide_noun,suicide,,,noun,C1,ox5000,1956
suite_noun,suite,,,noun,C1,ox5000,1957
summit_noun,summit,,,noun,C1,ox5000,1958
superb_adjective,superb,,,adjective,C1,ox5000,1959
superior_adjective,superior,,,adjective,C1,ox5000,1960
supervise_verb,supervise,,,verb,C1,ox5000,1961
supervision_noun,supervision,,,noun,C1,ox5000,1962
supervisor_noun,supervisor,,,noun,C1,ox5000,1963
supplement_noun,supplement,,,noun,C1,ox5000,1964
supplement_verb,supplement,,,verb,C1,ox5000,1965
supportive_adjective,supportive,,,adjective,C1,ox5000,1966
supposedly_adverb,supposedly,,,adverb,C1,ox5000,1967
suppress_verb,suppress,,,verb,C1,ox5000,1968
surge_noun,surge,,,noun,C1,ox5000,1969
surgical_adjective,surgical,,,adjective,C1,ox5000,1970
surpass_verb,surpass,,,verb,C1,ox5000,1971
surplus_noun,surplus,,,noun,C1,ox5000,1972
surrender_verb,surrender,,,verb,C1,ox5000,1973
surveillance_noun,surveillance,,,noun,C1,ox5000,1974
suspension_noun,suspension,,,noun,C1,ox5000,1975
suspicion_noun,suspicion,,,noun,C1,ox5000,1976
suspicious_adjective,suspicious,,,adjective,C1,ox5000,1977
sustain_verb,sustain,,,verb,C1,ox5000,1978
sustainability_noun,sustainability,,,noun,C1,ox5000,1979
swing_verb,swing,,,verb,C1,ox5000,1980
swing_noun,swing,,,noun,C1,ox5000,1981
sword_noun,sword,,,noun,C1,ox5000,1982
symbolic_adjective,symbolic,,,adjective,C1,ox5000,1983
syndrome_noun,syndrome,,,noun,C1,ox5000,1984
systematic_adjective,systematic,,,adjective,C1,ox5000,1985
tackle_noun,tackle,,,noun,C1,ox5000,1986
tactic_noun,tactic,,,noun,C1,ox5000,1987
tactical_adjective,tactical,,,adjective,C1,ox5000,1988
taxpayer_noun,taxpayer,,,noun,C1,ox5000,1989
tempt_verb,tempt,,,verb,C1,ox5000,1990
tenant_noun,tenant,,,noun,C1,ox5000,1991
tenure_noun,tenure,,,noun,C1,ox5000,1992
terminal_adjective,terminal,,,adjective,C1,ox5000,1993
terminate_verb,terminate,,,verb,C1,ox5000,1994
terrain_noun,terrain,,,noun,C1,ox5000,1995
terrific_adjective,terrific,,,adjective,C1,ox5000,1996
testify_verb,testify,,,verb,C1,ox5000,1997
testimony_noun,testimony,,,noun,C1,ox5000,1998
texture_noun,texture,,,noun,C1,ox5000,1999
thankfully_adverb,thankfully,,,adverb,C1,ox5000,2000
theoretical_adjective,theoretical,,,adjective,C1,ox5000,2001
thereafter_adverb,thereafter,,,adverb,C1,ox5000,2002
thereby_adverb,thereby,,,adverb,C1,ox5000,2003
thoughtful_adjective,thoughtful,,,adjective,C1,ox5000,2004
thread_noun,thread,,,noun,C1,ox5000,2005
threshold_noun,threshold,,,noun,C1,ox5000,2006
thrilled_adjective,thrilled,,,adjective,C1,ox5000,2007
thrive_verb,thrive,,,verb,C1,ox5000,2008
tide_noun,tide,,,noun,C1,ox5000,2009
tighten_verb,tighten,,,verb,C1,ox5000,2010
timber_noun,timber,,,noun,C1,ox5000,2011
timely_adjective,timely,,,adjective,C1,ox5000,2012
tobacco_noun,tobacco,,,noun,C1,ox5000,2013
tolerance_noun,tolerance,,,noun,C1,ox5000,2014
tolerate_verb,tolerate,,,verb,C1,ox5000,2015
toll_noun,toll,,,noun,C1,ox5000,2016
top_verb,top,,,verb,C1,ox5000,2017
torture_noun,torture,,,noun,C1,ox5000,2018
torture_verb,torture,,,verb,C1,ox5000,2019
toss_verb,toss,,,verb,C1,ox5000,2020
total_verb,total,,,verb,C1,ox5000,2021
toxic_adjective,toxic,,,adjective,C1,ox5000,2022
trace_noun,trace,,,noun,C1,ox5000,2023
trademark_noun,trademark,,,noun,C1,ox5000,2024
trafficking_noun,trafficking,,,noun,C1,ox5000,2025
trail_noun,trail,,,noun,C1,ox5000,2026
trail_verb,trail,,,verb,C1,ox5000,2027
trailer_noun,trailer,,,noun,C1,ox5000,2028
trans_adjective,trans,,,adjective,C1,ox5000,2029
transaction_noun,transaction,,,noun,C1,ox5000,2030
transcript_noun,transcript,,,noun,C1,ox5000,2031
transformation_noun,transformation,,,noun,C1,ox5000,2032
transit_noun,transit,,,noun,C1,ox5000,2033
transmission_noun,transmission,,,noun,C1,ox5000,2034
transparency_noun,transparency,,,noun,C1,ox5000,2035
transparent_adjective,transparent,,,adjective,C1,ox5000,2036
trauma_noun,trauma,,,noun,C1,ox5000,2037
treaty_noun,treaty,,,noun,C1,ox5000,2038
tremendous_adjective,tremendous,,,adjective,C1,ox5000,2039
tribal_adjective,tribal,,,adjective,C1,ox5000,2040
tribunal_noun,tribunal,,,noun,C1,ox5000,2041
tribute_noun,tribute,,,noun,C1,ox5000,2042
trigger_noun,trigger,,,noun,C1,ox5000,2043
trio_noun,trio,,,noun,C1,ox5000,2044
triumph_noun,triumph,,,noun,C1,ox5000,2045
trophy_noun,trophy,,,noun,C1,ox5000,2046
troubled_adjective,troubled,,,adjective,C1,ox5000,2047
trustee_noun,trustee,,,noun,C1,ox5000,2048
tuition_noun,tuition,,,noun,C1,ox5000,2049
turnout_noun,turnout,,,noun,C1,ox5000,2050
turnover_noun,turnover,,,noun,C1,ox5000,2051
twist_verb,twist,,,verb,C1,ox5000,2052
twist_noun,twist,,,noun,C1,ox5000,2053
underlying_adjective,underlying,,,adjective,C1,ox5000,2054
undermine_verb,undermine,,,verb,C1,ox5000,2055
undoubtedly_adverb,undoubtedly,,,adverb,C1,ox5000,2056
unify_verb,unify,,,verb,C1,ox5000,2057
unprecedented_adjective,unprecedented,,,adjective,C1,ox5000,2058
unveil_verb,unveil,,,verb,C1,ox5000,2059
upcoming_adjective,upcoming,,,adjective,C1,ox5000,2060
upgrade_verb,upgrade,,,verb,C1,ox5000,2061
upgrade_noun,upgrade,,,noun,C1,ox5000,2062
uphold_verb,uphold,,,verb,C1,ox5000,2063
utility_noun,utility,,,noun,C1,ox5000,2064
utilize_verb,utilize,,,verb,C1,ox5000,2065
utterly_adverb,utterly,,,adverb,C1,ox5000,2066
vacuum_noun,vacuum,,,noun,C1,ox5000,2067
vague_adjective,vague,,,adjective,C1,ox5000,2068
vanish_verb,vanish,,,verb,C1,ox5000,2069
variable_noun,variable,,,noun,C1,ox5000,2070
variable_adjective,variable,,,adjective,C1,ox5000,2071
varied_adjective,varied,,,adjective,C1,ox5000,2072
vegan_noun,vegan,,,noun,C1,ox5000,2073
vegan_adjective,vegan,,,adjective,C1,ox5000,2074
vein_noun,vein,,,noun,C1,ox5000,2075
vendor_noun,vendor,,,noun,C1,ox5000,2076
venture_noun,venture,,,noun,C1,ox5000,2077
venture_verb,venture,,,verb,C1,ox5000,2078
verbal_adjective,verbal,,,adjective,C1,ox5000,2079
verdict_noun,verdict,,,noun,C1,ox5000,2080
verify_verb,verify,,,verb,C1,ox5000,2081
verse_noun,verse,,,noun,C1,ox5000,2082
versus_conjunction,versus,,,conjunction,C1,ox5000,2083
vessel_noun,vessel,,,noun,C1,ox5000,2084
veteran_noun,veteran,,,noun,C1,ox5000,2085
viable_adjective,viable,,,adjective,C1,ox5000,2086
vibrant_adjective,vibrant,,,adjective,C1,ox5000,2087
vice_noun,vice,,,noun,C1,ox5000,2088
vicious_adjective,vicious,,,adjective,C1,ox5000,2089
villager_noun,villager,,,noun,C1,ox5000,2090
violate_verb,violate,,,verb,C1,ox5000,2091
violation_noun,violation,,,noun,C1,ox5000,2092
viral_adjective,viral,,,adjective,C1,ox5000,2093
virtue_noun,virtue,,,noun,C1,ox5000,2094
vocal_adjective,vocal,,,adjective,C1,ox5000,2095
vow_verb,vow,,,verb,C1,ox5000,2096
vulnerability_noun,vulnerability,,,noun,C1,ox5000,2097
vulnerable_adjective,vulnerable,,,adjective,C1,ox5000,2098
ward_noun,ward,,,noun,C1,ox5000,2099
warehouse_noun,warehouse,,,noun,C1,ox5000,2100
warfare_noun,warfare,,,noun,C1,ox5000,2101
warrant_noun,warrant,,,noun,C1,ox5000,2102
warrant_verb,warrant,,,verb,C1,ox5000,2103
warrior_noun,warrior,,,noun,C1,ox5000,2104
weaken_verb,weaken,,,verb,C1,ox5000,2105
weave_verb,weave,,,verb,C1,ox5000,2106
weed_noun,weed,,,noun,C1,ox5000,2107
well_noun,well,,,noun,C1,ox5000,2108
whatsoever_adverb,whatsoever,,,adverb,C1,ox5000,2109
whip_verb,whip,,,verb,C1,ox5000,2110
wholly_adverb,wholly,,,adverb,C1,ox5000,2111
widen_verb,widen,,,verb,C1,ox5000,2112
widow_noun,widow,,,noun,C1,ox5000,2113
width_noun,width,,,noun,C1,ox5000,2114
wildfire_noun,wildfire,,,noun,C1,ox5000,2115
willingness_noun,willingness,,,noun,C1,ox5000,2116
wipe_verb,wipe,,,verb,C1,ox5000,2117
wit_noun,wit,,,noun,C1,ox5000,2118
withdrawal_noun,withdrawal,,,noun,C1,ox5000,2119
workout_noun,workout,,,noun,C1,ox5000,2120
worsen_verb,worsen,,,verb,C1,ox5000,2121
worship_noun,worship,,,noun,C1,ox5000,2122
worship_verb,worship,,,verb,C1,ox5000,2123
worthwhile_adjective,worthwhile,,,adjective,C1,ox5000,2124
worthy_adjective,worthy,,,adjective,C1,ox5000,2125
yell_verb,yell,,,verb,C1,ox5000,2126
yield_noun,yield,,,noun,C1,ox5000,2127
yield_verb,yield,,,verb,C1,ox5000,2128
youngster_noun,youngster,,,noun,C1,ox5000,2129
